`name`,`isverified`,`ispublic`,`description`,`biography`,`nationalityisocode`,`thumbnailurl`,`backgroundurl`,`refcode`,`tagsjson`
`YB`,`true`,`true`,,,,,,`spt_3VAJpJ7F2lgojP4rZSFdvE`,`["YB"]`
`Cheng`,`true`,`true`,,,,,,`spt_0jBuicIjx2pKvGmq9yRJju`,`["Cheng"]`
`Nòw`,`true`,`true`,,,,,,`spt_2X83vlKqCi0WY8wUYJ8B94`,`["Nòw"]`
`KN`,`true`,`true`,,,,,,`spt_4YSJNdBmkpqn879C8OATe4`,`["KN"]`
`Mr. Bo`,`true`,`true`,,,,,,`spt_2nzBPmIJVyvkp7TyxKYMx2`,`["Mr. Bo"]`
`MADMAX`,`true`,`true`,,,,,,`spt_2Y9Y2DdQEHwQW6sUDdrvnd`,`["MADMAX"]`
`Phù Sa`,`true`,`true`,,,,,,`spt_7tlO1Z0ySgi0kE2M0fhwZg`,`["Phù Sa"]`
`HANZ`,`true`,`true`,,,,,,`spt_7vd8oxKU7BrCNoKhkQ1MT2`,`["HANZ"]`
`NOIDBOI`,`true`,`true`,,,,,,`spt_0XS8WQM2riWEt1kzsgVV3v`,`["NOIDBOI"]`
`Fmajor`,`true`,`true`,,,,,,`spt_7aS6sAM7UaAR4vV3yE4YOb`,`["Fmajor"]`
`KALO`,`true`,`true`,,,,,,`spt_6Wxg8n0QwCtkziCW7uceQh`,`["KALO"]`
`BEL`,`true`,`true`,,,,,,`spt_38sX2hms1XZQsB6cQsOeDu`,`["BEL"]`
`MC Formosa`,`true`,`true`,,,,,,`spt_7IWnIxqTAEYT8eXl6UxKR5`,`["MC Formosa"]`
`Badbies`,`true`,`true`,,,,,,`spt_2ZjO6APYelcHcLd2pWMx8x`,`["Badbies"]`
`Byzzo The Baddest`,`true`,`true`,,,,,,`spt_36OaNXUm0H66gwajqmvSI2`,`["Byzzo The Baddest"]`
`Son2M`,`true`,`true`,,,,`https://i.scdn.co/image/ab67616d0000b273b7b5805dde61783feaaa3af3`,,`spt_6G1NZbNUXtjdhTKWRTpoBd`,`["Son2M"]`
`Chuong Dan`,`true`,`true`,,,,,,`spt_5jOxrhu9sYBybFaCHQ5MEy`,`["Chuong Dan"]`
`Roller`,`true`,`true`,,,,`https://i.scdn.co/image/ab67616d0000b2738d0f552f3fd817b7e9719a88`,,`spt_5ArlH2m6JTQYpCmFF6re7i`,`["Roller"]`
`Taku/9`,`true`,`true`,,,,,,`spt_1Q9b4emc4PHN9gKpT9Igj2`,`["Taku/9"]`
`Masew`,`true`,`true`,,,,,,`spt_00nrkmyxdGy1a36vqDEQAw`,`["Masew"]`
`Lai Hy`,`true`,`true`,,,,,,`spt_1YARqc382uh4pKeIUwjIPa`,`["Lai Hy"]`
`Ngô Thiên`,`true`,`true`,,,,,,`spt_7H1XkjOF6PSomKRRyvYlHp`,`["Ngô Thiên"]`
`Lou Hoàng`,`true`,`true`,,,`VN`,`https://i.scdn.co/image/ab6761610000e5eb2687636627de1c3063701325`,,`spt_75Ki5hBCOpDtKGoFyTvLxP`,`["Lou Hoàng"]`
`Hoàng Thùy Linh`,`true`,`true`,,,`VN`,`https://i.scdn.co/image/ab6761610000e5ebe7b7fa8d03a2e3b6a800bdb4`,,`spt_0r63ReVRjxrS4ATbLrdcrL`,`["Hoàng Thùy Linh"]`
`AMEE`,`true`,`true`,,,`VN`,`https://i.scdn.co/image/ab6761610000e5ebb69fbf5081cca8aaa587267b`,,`spt_2aQnC3DbZB9GbauvhAw7ve`,`["AMEE"]`
`Đen`,`true`,`true`,,,`VN`,`https://i.scdn.co/image/ab6761610000e5eb91d2d39877c13427a2651af5`,,`spt_1LEtM3AleYg1xabW6CRkpi`,`["Đen"]`
`Mỹ Tâm`,`true`,`true`,,,`VN`,`https://i.scdn.co/image/ab6761610000e5eb5d4a6001ce67c78aa3873c6a`,,`spt_1CWwyDPjCowRTO4p6A7r6g`,`["Mỹ Tâm"]`
`Vũ.`,`true`,`true`,,,`VN`,`https://i.scdn.co/image/ab6761610000e5ebbbb15879256a5443ef7d87b4`,,`spt_57g2v7gJZepcwsuwssIfZs`,`["Vũ."]`
`HIEUTHUHAI`,`true`,`true`,,,`VN`,`https://i.scdn.co/image/ab6761610000e5ebe1cbc9e7ba8fbc5d7738ea51`,,`spt_5HZtdKfC4xU0wvhEyYDWiY`,`["HIEUTHUHAI"]`
`P01son`,`true`,`true`,,,,,,`spt_1vOML13uotk05ZL74GUtO8`,`["P01son"]`
`Uyên Thi`,`true`,`true`,,,,,,`spt_7ddMpk7xEEkX7AVMigaptu`,`["Uyên Thi"]`
`Minh Quân`,`true`,`true`,,,,,,`spt_6JlYdrXPUsdDIod63lWOYN`,`["Minh Quân"]`
`HUVA`,`true`,`true`,,,,,,`spt_0XmTLPpBsQxDOo1WDWCj45`,`["HUVA"]`
`Quang Huy`,`true`,`true`,,,,,,`spt_7g2XhAE0XfARACj5qBatAB`,`["Quang Huy"]`
`Petrol`,`true`,`true`,,,,,,`spt_2nivD6nqnT2JdoYBccKxj5`,`["Petrol"]`
`Wowy`,`true`,`true`,,,`VN`,`https://i.scdn.co/image/ab6761610000e5eb805a46e981dff62380813e26`,,`spt_4iFNiWhODcMZdmpNkxsTFp`,`["Wowy"]`
`Suboi`,`true`,`true`,,,`VN`,`https://i.scdn.co/image/ab6761610000e5eb518371670c75754203839ac5`,,`spt_2Fc5cGXai8xzLhGyltp4tT`,`["Suboi"]`
`Kay Trần`,`true`,`true`,,,`VN`,`https://i.scdn.co/image/ab6761610000e5eb0c915218b67de3265b6430a1`,,`spt_3EPkqJFzEGSJWtGsu1Xwqt`,`["Kay Trần"]`
`BigDaddy`,`true`,`true`,,,`VN`,`https://i.scdn.co/image/ab6761610000e5ebeb864b5f2426b9a60b0003f3`,,`spt_3Tehj7YghQc7zH0I1faGc6`,`["BigDaddy"]`
`Andree Right Hand`,`true`,`true`,,,`VN`,`https://i.scdn.co/image/ab6761610000e5eb3dea3ddb7a950a6df930f5dc`,,`spt_4grjJqg7iwQ8RKHs8d9Snh`,`["Andree Right Hand"]`
`Ricky Star`,`true`,`true`,,,`VN`,`https://i.scdn.co/image/ab6761610000e5ebe7012a07d44b58b0d2812c5b`,,`spt_4jQZaxfgwiUJFQagCyZNV4`,`["Ricky Star"]`
`Isaac`,`true`,`true`,,,`VN`,`https://i.scdn.co/image/ab6761610000e5ebcb44ea77e9b885b05ea60e8a`,,`spt_40JnMfFlpwqBnWitkL96g4`,`["Isaac"]`
`Miu Lê`,`true`,`true`,,,`VN`,`https://i.scdn.co/image/ab6761610000e5eb2fc3ef8a80c35243e5e899b8`,,`spt_4e5LAUvM35jleGg8gElTsP`,`["Miu Lê"]`
`Ivone`,`true`,`true`,,,,,,`spt_1RewRrwU7ZWnCsi3LEn0Hw`,`["Ivone"]`
`Only C`,`true`,`true`,,,`VN`,`https://i.scdn.co/image/ab6761610000e5ebc7c8ae4ffa1d7f3bfd4aadfa`,,`spt_5GBXwBVQufRCmwI1bNRIUo`,`["Only C"]`
`Lynk Lee`,`true`,`true`,,,`VN`,`https://i.scdn.co/image/ab6761610000e5ebbbc1060f99c7a2bb88161a74`,,`spt_7H9jPV9qWyp6V629038aXU`,`["Lynk Lee"]`
`Anh Tú`,`true`,`true`,,,`VN`,`https://i.scdn.co/image/ab6761610000e5eb72bf46375d15e81cc801f4c4`,,`spt_7LLfmKhGZI11XO0dO4xDI7`,`["Anh Tú"]`
`Touliver`,`true`,`true`,,,`VN`,`https://i.scdn.co/image/ab6761610000e5ebd1791a8797ebb54224bbe240`,,`spt_5UNWQJdUbO8Gbg9Qn3r52M`,`["Touliver"]`
`Rhymastic`,`true`,`true`,,,`VN`,`https://i.scdn.co/image/ab6761610000e5eb0e62e694576ab6f8e56db3d8`,,`spt_0gGd4WhPXBSgDX6fdOHcOw`,`["Rhymastic"]`
`Mosoulbad`,`true`,`true`,,,,,,`spt_7KLLhK77mwRW0CwfubbYrK`,`["Mosoulbad"]`
`B Ray`,`true`,`true`,,,`VN`,`https://i.scdn.co/image/ab6761610000e5eba69580618d4cb782c49f6c7b`,,`spt_1WvNgEoB66jmHodcj15Zi9`,`["B Ray"]`
`Bích Vy`,`true`,`true`,,,,,,`spt_7dC15fjh04rQM9j8b39Ylt`,`["Bích Vy"]`
`LK`,`true`,`true`,,,`VN`,`https://i.scdn.co/image/ab67616d0000b273eb3522af6312545527136a30`,,`spt_6S0JgJU2l6ds1EhZUJMQFk`,`["LK"]`
`16 Typh`,`true`,`true`,,,`VN`,`https://i.scdn.co/image/ab6761610000e5eb926ea7f4eb9e0b1764aec0a7`,,`spt_5U1dINFKjJlYNOSdMrHlRh`,`["16 Typh"]`
`Bình Gold`,`true`,`true`,,,`VN`,`https://i.scdn.co/image/ab6761610000e5eb076887518c36920395d20876`,,`spt_3oB1lv9FWDKbNOUvdTw75Q`,`["Bình Gold"]`
`JustaTee`,`true`,`true`,,,`VN`,`https://i.scdn.co/image/ab6761610000e5ebde3d3210433dd11c07678420`,,`spt_3rjcQ5VIWCN4q7UFetzdeO`,`["JustaTee"]`
`Hoà Minzy`,`true`,`true`,,,`VN`,`https://i.scdn.co/image/ab6761610000e5ebc5ca014c7d8a729016b3b5f0`,,`spt_3BWBxpXDxofgji3RKZPIz8`,`["Hoà Minzy"]`
`Trương Quỳnh Anh`,`true`,`true`,,,,`https://i.scdn.co/image/ab67616d0000b273ac744a6b0ecea703bee982c4`,,`spt_2Sf0qp9mTN2YJIAbDWCvSL`,`["Trương Quỳnh Anh"]`
`SOOBIN`,`true`,`true`,,,`VN`,`https://i.scdn.co/image/ab6761610000e5eb1735d4771ec48d60d2e3dbe5`,,`spt_6CGGvCBHWqQ4HXtn5aLhbh`,`["SOOBIN"]`
`Da LAB`,`true`,`true`,,,`VN`,`https://i.scdn.co/image/ab6761610000e5eb82055f0d7880dc8c73edc5a0`,,`spt_6zUWZmyi5MLOEynQ5wCI5f`,`["Da LAB"]`
`Masew`,`true`,`true`,,,`VN`,`https://i.scdn.co/image/ab6761610000e5eb3384ebf481862099a35cecaa`,,`spt_3nGqUwkJHiLPDECMVrX1Sq`,`["Masew"]`
`SPACESPEAKERS`,`true`,`true`,,,`VN`,`https://i.scdn.co/image/ab6761610000e5eb6dfbadcc2bc0747b31c75d96`,,`spt_23jUmiOyAG9Dzq6Ayp9LUG`,`["SPACESPEAKERS"]`
`Suni Hạ Linh`,`true`,`true`,,,`VN`,`https://i.scdn.co/image/ab6761610000e5eb9411b12f482f50f4b8895367`,,`spt_4x1fUORHa2EsxrQ6ZzAoQ0`,`["Suni Hạ Linh"]`
`Osad`,`true`,`true`,,,`VN`,`https://i.scdn.co/image/ab6761610000e5ebbf16ee82152417ee3afb34aa`,,`spt_6sJBvMCAi9NuNCxI9RDYDW`,`["Osad"]`
`Tiên Cookie`,`true`,`true`,,,`VN`,`https://i.scdn.co/image/ab6761610000e5eb43b90fca5f4242d4400f68c1`,,`spt_0UzTVrRT0KTsJDxmlcGfQG`,`["Tiên Cookie"]`
`Hoàng Dũng`,`true`,`true`,,,`VN`,`https://i.scdn.co/image/ab6761610000e5eb63bf6330c331d0a1ec425700`,,`spt_6OzE2OdvV2tGAxSBsBuZ74`,`["Hoàng Dũng"]`
`Phương Ly`,`true`,`true`,,,`VN`,`https://i.scdn.co/image/ab6761610000e5eb34002425b245333433f3cf32`,,`spt_5Kh0ta0UY4uJ4g2CIdq9V9`,`["Phương Ly"]`
`Binz`,`true`,`true`,,,`VN`,`https://i.scdn.co/image/ab6761610000e5ebcbc6b072aec429273fdbd53b`,,`spt_2nSO7JYDbJrYbJmP39qUzj`,`["Binz"]`
`Karik`,`true`,`true`,,,`VN`,`https://i.scdn.co/image/ab6761610000e5eb3e1b16e263e182dc85f2b7c3`,,`spt_2Bwp23pD4UVsSkchHDZw4F`,`["Karik"]`
`MIN`,`true`,`true`,,,`VN`,`https://i.scdn.co/image/ab6761610000e5eb9fbf4d041c3512612974d7e8`,,`spt_0IdAjS2LRieBR3gzoazdAw`,`["MIN"]`
`Pink Frog`,`true`,`true`,,,`VN`,`https://i.scdn.co/image/ab67616d0000b273e87eb168c33c88a10a57a4e4`,,`spt_3Z1ArowingijWbVesn0aON`,`["Pink Frog"]`
`2pillz`,`true`,`true`,,,,,,`spt_23fWN9ACchK2ANoJ59JIFI`,`["2pillz"]`
`Chủ Tịch Kim`,`true`,`true`,,,`VN`,`https://i.scdn.co/image/ab6761610000e5eb86453182fe194c95f2c2561b`,,`spt_0zn7lYLmKeTdAva9gucVJG`,`["Chủ Tịch Kim"]`
`Minh Đinh`,`true`,`true`,,,`VN`,`https://i.scdn.co/image/ab6761610000e5ebc40bbd734166cc0afcb0c4a1`,,`spt_4NfuHLESitkh66LOZeyzsu`,`["Minh Đinh"]`
`H2O Trop`,`true`,`true`,,,,,,`spt_4aZMie1jV41NnRLylL2utL`,`["H2O Trop"]`
`Haisam`,`true`,`true`,,,`VN`,`https://i.scdn.co/image/ab6761610000e5eb73a027903d940d06e5c58d96`,,`spt_5h0cBKxBX54CqPaQU6tJhk`,`["Haisam"]`
`Thành Luke`,`true`,`true`,,,`VN`,`https://i.scdn.co/image/ab6761610000e5eb4e23da4bfe6bd99382d2bf30`,,`spt_4s1DRFQAYnDvXmKYFBUcYa`,`["Thành Luke"]`
`Tùng`,`true`,`true`,,,`VN`,`https://i.scdn.co/image/ab6761610000e5ebfab2ca1d5bd836f07236688f`,,`spt_1TdtsDVivxc6PpkQdNuXdR`,`["Tùng"]`
`Kiên Trịnh`,`true`,`true`,,,`VN`,`https://i.scdn.co/image/ab6761610000e5eb4dc628c94be65240f6d79357`,,`spt_5j5vJBQTJARLJspItqVyvE`,`["Kiên Trịnh"]`
`The Cassette`,`true`,`true`,,,`VN`,`https://i.scdn.co/image/ab6761610000e5ebd2ee619259b94165619ce1ea`,,`spt_1fQjpmcx8iNIy1gKRelTD2`,`["The Cassette"]`
`TRANG`,`true`,`true`,,,`VN`,`https://i.scdn.co/image/ab6761610000e5ebe28057e8f67ce8071d58bb35`,,`spt_2knyDFP4xw9wZEWA98JX6b`,`["TRANG"]`
`Thành Đồng`,`true`,`true`,,,`VN`,`https://i.scdn.co/image/ab6761610000e5ebd2172d72e9012f874a9b5f25`,,`spt_5SrlFeZhl6SkP8gzRcFa0n`,`["Thành Đồng"]`
`Nguyen Loi`,`true`,`true`,,,,,,`spt_0KQnPBeMPtP2Oq9HsKwHMp`,`["Nguyen Loi"]`
`Lê Cát Trọng Lý`,`true`,`true`,,,`VN`,`https://i.scdn.co/image/ab67616d0000b2735510b8caaaf5e61a89cc2798`,,`spt_7hLz2ZikFy4ZwDZS12Z77n`,`["Lê Cát Trọng Lý"]`
`The Flob`,`true`,`true`,,,`VN`,`https://i.scdn.co/image/ab6761610000e5eb634807fde9de6b1e19dee172`,,`spt_0u5ikKYYDO2XGyYjNGQRGf`,`["The Flob"]`
`The Sheep`,`true`,`true`,,,`VN`,`https://i.scdn.co/image/ab6761610000e5ebf4f30e19c1e8a15cef0f659f`,,`spt_6IBIzIFj0W756sS7OITld5`,`["The Sheep"]`
`Vũ Thanh Vân`,`true`,`true`,,,`VN`,`https://i.scdn.co/image/ab6761610000e5ebdd2fd98b7e94a15a4a15bdb6`,,`spt_5ptgjFDE2abY6Xwo4ytufN`,`["Vũ Thanh Vân"]`
`Những Đứa Trẻ`,`true`,`true`,,,`VN`,`https://i.scdn.co/image/ab6761610000e5eb38ca109add87b0ea9c1b5e7e`,,`spt_3UjpgK0RqZLxsJqa4akrNn`,`["Những Đứa Trẻ"]`
`Thoại 004`,`true`,`true`,,,`VN`,`https://i.scdn.co/image/ab6761610000e5eba580a18b4de7dd8a5da8978e`,,`spt_2WpCywRd9h3riGjldGWHIB`,`["Thoại 004"]`
`Tùng`,`true`,`true`,,,`VN`,,,`spt_0gKFZe906MNldE7Pdhb1c2`,`["Tùng"]`
`Gác Mái`,`true`,`true`,,,`VN`,`https://i.scdn.co/image/ab67616d0000b2735892aed18cec2ea9cb46fdc5`,,`spt_1pKJ2DU2i3uu6a23ngLUby`,`["Gác Mái"]`
`MINH`,`true`,`true`,,,`VN`,`https://i.scdn.co/image/ab6761610000e5eb8fde680c4d9b89e5782390ac`,,`spt_0RzxSfLRSQmRJ3fFabRMsT`,`["MINH"]`
`Bệt Band`,`true`,`true`,,,`VN`,`https://i.scdn.co/image/ab6761610000e5ebf9a8e3bc0988b424583e3d4d`,,`spt_4uqZAHbX45ygzxhxkRwTwR`,`["Bệt Band"]`
`Đá Số Tới`,`true`,`true`,,,`VN`,`https://i.scdn.co/image/ab6761610000e5eb993a22c7eddc313d0ab1768b`,,`spt_2BAhRYk5QrGfs5KNo9gHr4`,`["Đá Số Tới"]`
`DÍNH`,`true`,`true`,,,`VN`,`https://i.scdn.co/image/ab6761610000e5eb71d9ebf76fdf6a679ad2375c`,,`spt_77b4s2pD9ezxA8EVti2cJw`,`["DÍNH"]`
`Jaigon Orchestra`,`true`,`true`,,,`VN`,`https://i.scdn.co/image/ab6761610000e5eb21e71bf74b6c5553a7fc43a6`,,`spt_4HGrrevENLsGCTS9bwqUrm`,`["Jaigon Orchestra"]`
`Cam`,`true`,`true`,,,`VN`,`https://i.scdn.co/image/ab6761610000e5ebdcb3c69c3fb0aba0ceb1da9b`,,`spt_4IiJbbRn328Zxw8mtHb7bo`,`["Cam"]`
`Mèow Lạc`,`true`,`true`,,,`VN`,`https://i.scdn.co/image/ab6761610000e5ebadb54f7879966d8cae581357`,,`spt_1984OVQ0KnJW80MiZYOrFF`,`["Mèow Lạc"]`
`Chuột Sấm Sét`,`true`,`true`,,,`VN`,`https://i.scdn.co/image/ab6761610000e5ebbf4e33169cb6bd8751285655`,,`spt_0Gdbr9myXctE3u0jKahkFo`,`["Chuột Sấm Sét"]`
`Cá Hồi Hoang`,`true`,`true`,,,`VN`,`https://i.scdn.co/image/ab6761610000e5eb2e1835960ece8454ec87ef6a`,,`spt_2j3AXmye1FJXoGOXr6tufj`,`["Cá Hồi Hoang"]`
`Giấy Gấp`,`true`,`true`,,,`VN`,`https://i.scdn.co/image/ab6761610000e5ebd026a9acc97be74aee16f289`,,`spt_39NXoiwWy5aJFeC76TzW9v`,`["Giấy Gấp"]`
`HuyR`,`true`,`true`,,,`VN`,`https://i.scdn.co/image/ab6761610000e5ebfe295858003be8336111ec4c`,,`spt_3B3UoHY8tKJ6zmyYZhkDSZ`,`["HuyR"]`
`Khói`,`true`,`true`,,,`VN`,`https://i.scdn.co/image/ab6761610000e5eb4d19b6fba8aee38207c35101`,,`spt_3FZ4GX2mWNn7XElse3fQWd`,`["Khói"]`
`Đạt G`,`true`,`true`,,,`VN`,`https://i.scdn.co/image/ab6761610000e5eb02ab539ac376b8e099010802`,,`spt_4R3mugkUqCALXgkwSptTbg`,`["Đạt G"]`
`Lil7God`,`true`,`true`,,,,,,`spt_7D5V3aQ3ExZbZzE5dakhgM`,`["Lil7God"]`
`DatG`,`true`,`true`,,,`VN`,`https://i.scdn.co/image/ab67616d0000b273aa1791472efa0debafc30182`,,`spt_3S2k1UZ8n1KpMrOaImOif3`,`["DatG"]`
`ERIK`,`true`,`true`,,,`VN`,`https://i.scdn.co/image/ab6761610000e5eb63ba7b9441e542f3b2938b83`,,`spt_1L1VfizWn4DkFt602yD80U`,`["ERIK"]`
`Trịnh Thăng Bình`,`true`,`true`,,,`VN`,`https://i.scdn.co/image/ab6761610000e5eba8734b9d20f8467af95ab662`,,`spt_4co1OIKlUOsNNVJFSZzO9N`,`["Trịnh Thăng Bình"]`
`Khắc Việt`,`true`,`true`,,,`VN`,`https://i.scdn.co/image/ab6761610000e5ebd9afe5d7a1e42a1ee17cd193`,,`spt_7luDDYsfkSivBsoTz3BKMq`,`["Khắc Việt"]`
`Đông Nhi`,`true`,`true`,,,`VN`,`https://i.scdn.co/image/ab6761610000e5ebe90ee6acf05599eeeab1beca`,,`spt_6JTiPLdbZD2e0tDsN15U1s`,`["Đông Nhi"]`
`Charmy Pham`,`true`,`true`,,,`VN`,`https://i.scdn.co/image/ab6761610000e5eb5deb7423a9f3391044b2a505`,,`spt_6jFvKq4gMkQ50joURHPGXO`,`["Charmy Pham"]`
`Bùi Anh Tuấn`,`true`,`true`,,,`VN`,`https://i.scdn.co/image/ab6761610000e5ebf2db4875c81f4d103aefc81a`,,`spt_2Gvp79Cmni6PX13CAlSGex`,`["Bùi Anh Tuấn"]`
`Hồ Quang Hiếu`,`true`,`true`,,,`VN`,`https://i.scdn.co/image/ab6761610000e5ebc8e6821e8e05fbd6e3a01f72`,,`spt_3x6FwiNj93pnxxMDNRA1IR`,`["Hồ Quang Hiếu"]`
`Trung Quân`,`true`,`true`,,,`VN`,`https://i.scdn.co/image/ab6761610000e5eb99e937ca54656d4d09474420`,,`spt_5Cf9nBDNc99UFkq9Yqap7Q`,`["Trung Quân"]`
`Bảo Anh`,`true`,`true`,,,`VN`,`https://i.scdn.co/image/ab6761610000e5ebc8a99b7d4971c74cd6dc0eaa`,,`spt_4fCHhderLwLacsIOIKgu3J`,`["Bảo Anh"]`
`Chi Dân`,`true`,`true`,,,`VN`,`https://i.scdn.co/image/ab6761610000e5eb7a8dde3871698647183c29f0`,,`spt_604MsLiPn50AblFYzOg1RD`,`["Chi Dân"]`
`JayKii`,`true`,`true`,,,`VN`,`https://i.scdn.co/image/ab6761610000e5eb0c1f7a270cf63a9bdbec9d10`,,`spt_4ZSYaCMxF2k6maN3KTP17F`,`["JayKii"]`
`Minh Vương M4U`,`true`,`true`,,,`VN`,`https://i.scdn.co/image/ab67616d0000b2734e722171d22c52cf279a0da6`,,`spt_78TTKBLrw5XIRty0KnyftQ`,`["Minh Vương M4U"]`
`Hồ Ngọc Hà`,`true`,`true`,,,`VN`,`https://i.scdn.co/image/ab6761610000e5eb9804f7d7085ca1773b86142c`,,`spt_24Wn81dwdDeTCuB1BWGoVJ`,`["Hồ Ngọc Hà"]`
`Tóc Tiên`,`true`,`true`,,,`VN`,`https://i.scdn.co/image/ab6761610000e5ebe51f475c32e7e8f34faf95c5`,,`spt_4YkqEuVf1Jf2x2XDqJ2CvC`,`["Tóc Tiên"]`
`Duongg`,`true`,`true`,,,`VN`,`https://i.scdn.co/image/ab6761610000e5eb752458cad38f928d3939c64d`,,`spt_3JkGKNawown8MgcJsDw1WT`,`["Duongg"]`
`D Empty`,`true`,`true`,,,`VN`,`https://i.scdn.co/image/ab6761610000e5ebc170d1f88492bcc9e0e36142`,,`spt_1OXwJdOOL0Mio8zgA01OFB`,`["D Empty"]`
`Bon Nghiêm`,`true`,`true`,,,`VN`,`https://i.scdn.co/image/ab6761610000e5ebd53692a1a18b4007e28c5fbe`,,`spt_6hnfLIkvDl6pjlAe1YRGXY`,`["Bon Nghiêm"]`
`BMZ`,`true`,`true`,,,`VN`,`https://i.scdn.co/image/ab6761610000e5eb72ee71305a5799765ff63db4`,,`spt_3euFcFd5Dc7JAz6t7oKg7m`,`["BMZ"]`
`GoAllDay`,`true`,`true`,,,`VN`,`https://i.scdn.co/image/ab6761610000e5ebfbb6c2ad028f85a7e4162caa`,,`spt_2bGV8Wgh1Kb4LPk1jyEnbg`,`["GoAllDay"]`
`NIT`,`true`,`true`,,,`VN`,`https://i.scdn.co/image/ab6761610000e5eb2ffafab41d3017a9255fe8a1`,,`spt_1MTANbmLhUqJXlLuqADGE7`,`["NIT"]`
`Raw Diamonds`,`true`,`true`,,,,,,`spt_1LQXIrgXTx7DHwYauPQYqn`,`["Raw Diamonds"]`
`Đỗ Nguyên Phúc`,`true`,`true`,,,`VN`,`https://i.scdn.co/image/ab6761610000e5ebfe1723ef3e57cab6437f71aa`,,`spt_2RTF7MrLWGQJQRwVzg0fDz`,`["Đỗ Nguyên Phúc"]`
`55`,`true`,`true`,,,,,,`spt_2gdmwktbABatdbuGd0JNRr`,`["55"]`
`Nguyenn`,`true`,`true`,,,`VN`,`https://i.scdn.co/image/ab6761610000e5ebf834e488ce584b57fe4bc292`,,`spt_0FflNqUFk4ODtAZuVuqgou`,`["Nguyenn"]`
`Trung Trần`,`true`,`true`,,,`VN`,`https://i.scdn.co/image/ab6761610000e5eba5e4e822cd4b6096aec8e57a`,,`spt_2v14NO80QYditUms7sbEIZ`,`["Trung Trần"]`
`Sáo`,`true`,`true`,,,`VN`,`https://i.scdn.co/image/ab6761610000e5eb7f1bca865e22e2cca6956722`,,`spt_0CkuQCslREF7yuvAqJXVuz`,`["Sáo"]`
`Sean`,`true`,`true`,,,`VN`,`https://i.scdn.co/image/ab6761610000e5ebc989313245e768049acfe97f`,,`spt_1xNqmjTeWon7iX8kbPKpZz`,`["Sean"]`
`PhucXp`,`true`,`true`,,,`VN`,`https://i.scdn.co/image/ab6761610000e5eb96b54ba7b675722988528307`,,`spt_6fCJf6pkYTHfW1XPc1d4vO`,`["PhucXp"]`
`O.lew`,`true`,`true`,,,`VN`,`https://i.scdn.co/image/ab6761610000e5eb28ccce8c6a092aa7f6c1a698`,,`spt_4APrfmUo8KRrjCVuyoKvwY`,`["O.lew"]`
`Kewtiie`,`true`,`true`,,,`VN`,`https://i.scdn.co/image/ab6761610000e5eb0accc319a3cd4eff28b242a4`,,`spt_0wATZebE9ZNj7fTjTdwiJB`,`["Kewtiie"]`
`PC`,`true`,`true`,,,`VN`,`https://i.scdn.co/image/ab6761610000e5eb70bb4d5e160a5bfa5f848f1a`,,`spt_3HD3V1nGFPwepBO7064Ij0`,`["PC"]`
`Ronboogz`,`true`,`true`,,,`VN`,`https://i.scdn.co/image/ab6761610000e5eb52e4f3bc88ce00be25c5f747`,,`spt_0dBcEvEklr1jx4uZuhFX5e`,`["Ronboogz"]`
`Kai Đinh`,`true`,`true`,,,`VN`,`https://i.scdn.co/image/ab6761610000e5eb2745dabc439f240f5e4e4a62`,,`spt_3E6LGptA8lBEXPHAQCE3vr`,`["Kai Đinh"]`
`Tùng TeA`,`true`,`true`,,,`VN`,`https://i.scdn.co/image/ab6761610000e5eb13f97c503ae98961f29a05d1`,,`spt_2SWNzbf1maA3oR4x56Uv9W`,`["Tùng TeA"]`
`kis`,`true`,`true`,,,`VN`,`https://i.scdn.co/image/ab6761610000e5ebdefdfdb67e3fad3647632e6e`,,`spt_6mshB4wc19nPYxpdbtWkz9`,`["kis"]`
`D Blue`,`true`,`true`,,,`VN`,`https://i.scdn.co/image/ab6761610000e5eb5b361dcfb4ea82891c46365e`,,`spt_7JRDlOAUMJuLKmapm6H2VG`,`["D Blue"]`
`Đỗ Hoàng Dương`,`true`,`true`,,,`VN`,`https://i.scdn.co/image/ab6761610000e5ebcfbda65e78ab7b1101094369`,,`spt_2DTVCDYfT6Uo8NugnHNRsg`,`["Đỗ Hoàng Dương"]`
`Pham Dinh Thai Ngan`,`true`,`true`,,,`VN`,`https://i.scdn.co/image/ab6761610000e5eb3562f17b61ecb859bcd63e6b`,,`spt_6Ca5ccx9CM1kd0LBz1T83U`,`["Pham Dinh Thai Ngan"]`
`MiiNa`,`true`,`true`,,,`VN`,`https://i.scdn.co/image/ab6761610000e5eb48ee822a8a983523d4020c80`,,`spt_76nos2JmvLyYGZ28ribrf7`,`["MiiNa"]`
`Ali Hoàng Dương`,`true`,`true`,,,`VN`,`https://i.scdn.co/image/ab67616d0000b2730a0d6d2111493d8583474c00`,,`spt_4RPhZ2g5GYff0hKNBlZKXh`,`["Ali Hoàng Dương"]`
`Biển Của Hy Vọng`,`true`,`true`,,,`VN`,`https://i.scdn.co/image/ab67616d0000b273cd96c10aeee9a07bf7f3c457`,,`spt_6bLRsp9AAj3St5Ai70PPVm`,`["Biển Của Hy Vọng"]`
`Hương Giang`,`true`,`true`,,,`VN`,`https://i.scdn.co/image/ab6761610000e5eb813f1953da358f0e68a42b5c`,,`spt_1L2VD3TPgcbUod5IID06xJ`,`["Hương Giang"]`
`Ái Phương`,`true`,`true`,,,`VN`,`https://i.scdn.co/image/ab6761610000e5eb17fd5339ef48dc8a0efaca6f`,,`spt_5k5vCzAmH0dcRda22U9Hut`,`["Ái Phương"]`
`RIN9`,`true`,`true`,,,`VN`,`https://i.scdn.co/image/ab67616d0000b2734dede92b91210191f74021c8`,,`spt_6InVt9jASvsJY7qA60AGzf`,`["RIN9"]`
`Bảo Uyên`,`true`,`true`,,,`VN`,`https://i.scdn.co/image/ab6761610000e5ebfa43027190bdfa32569e118a`,,`spt_7AjrzSwNXDH9bZjjCKR8kA`,`["Bảo Uyên"]`
`Forest Studio`,`true`,`true`,,,`VN`,`https://i.scdn.co/image/ab67616d0000b273d4e27f52c4d13ecc13a9fadf`,,`spt_1fTWz0OemWveF9AMkRPJKi`,`["Forest Studio"]`
`Xesi`,`true`,`true`,,,`VN`,`https://i.scdn.co/image/ab6761610000e5eba7a94977c8f3421a416769ab`,,`spt_44ZNcW1ZSGB9oqX1ALnriH`,`["Xesi"]`
`Phí Phương Anh`,`true`,`true`,,,`VN`,`https://i.scdn.co/image/ab6761610000e5ebc83cdeaef9edd1301538fc00`,,`spt_1OnnVNvbz0OsApDXHUX2bM`,`["Phí Phương Anh"]`
`CARA`,`true`,`true`,,,`VN`,`https://i.scdn.co/image/ab6761610000e5ebcb8a77aefd6e7129fe863d99`,,`spt_2UK55AFshflMYHdBySyVoC`,`["CARA"]`
`Bùi Công Nam`,`true`,`true`,,,`VN`,`https://i.scdn.co/image/ab6761610000e5eb30b06e8ef75d11396d495259`,,`spt_6oqtpFuvCTISMPeGv6P2sj`,`["Bùi Công Nam"]`
`Ngô Lan Hương`,`true`,`true`,,,`VN`,`https://i.scdn.co/image/ab6761610000e5ebcb6b0722d8b3d6b81395a9e1`,,`spt_3y0Tmt0epaxAHy6L89dGGC`,`["Ngô Lan Hương"]`
`Hoang Rob`,`true`,`true`,,,,,,`spt_1FBATqNkPkGDfXwOqLPQeg`,`["Hoang Rob"]`
`Thiều Bảo Trâm`,`true`,`true`,,,`VN`,`https://i.scdn.co/image/ab6761610000e5eba752ad41626e9ef96e470ac6`,,`spt_6RUfMGubOnHT1p3nfeXpBl`,`["Thiều Bảo Trâm"]`
`VAnh`,`true`,`true`,,,`VN`,`https://i.scdn.co/image/ab6761610000e5eb7913301ddca91d0bb45defc8`,,`spt_4QC9UUJeYEo4wnbTvuOHLo`,`["VAnh"]`
`Dế Choắt (DC)`,`true`,`true`,,,`VN`,`https://i.scdn.co/image/ab6761610000e5ebfec09bd196e896f20125e9ae`,,`spt_1KLRO4UHKmiwS0grGzFdgT`,`["Dế Choắt (DC)"]`
`Huỳnh James`,`true`,`true`,,,`VN`,`https://i.scdn.co/image/ab6761610000e5eb8bf9d51445275a7428ef8715`,,`spt_1Vc9oJC8vSXfirygPAL2Du`,`["Huỳnh James"]`
`Blacka`,`true`,`true`,,,`VN`,`https://i.scdn.co/image/ab67616d0000b27341b1bbc9c36881f93a764a69`,,`spt_0JggLWdYe1p6oHZoHpyPSD`,`["Blacka"]`
`Tage`,`true`,`true`,,,`VN`,`https://i.scdn.co/image/ab6761610000e5ebb43b6febe7bc0a4041081179`,,`spt_6kFhNMq6O8P5QKdqlGMUVW`,`["Tage"]`
`King Of Rap`,`true`,`true`,,,`VN`,`https://i.scdn.co/image/ab67616d0000b27377bb519c5749624d1a1871b4`,,`spt_2RmVHHCdiQb8yGa0eRhQjP`,`["King Of Rap"]`
`Seachains`,`true`,`true`,,,`VN`,`https://i.scdn.co/image/ab6761610000e5eb8970471e4c583e41a7e22ad0`,,`spt_6UiKZD9yB7Gxjol62s431k`,`["Seachains"]`
`Kimmese`,`true`,`true`,,,`VN`,`https://i.scdn.co/image/ab6761610000e5eb284ebfe23fc2858155917007`,,`spt_4w5vfLTFKwpd16ZzmYwcXA`,`["Kimmese"]`
`Datmaniac`,`true`,`true`,,,`VN`,`https://i.scdn.co/image/ab6761610000e5eb9b15d1aa00b4d451fe27a455`,,`spt_56su1iNcOlGUPEtBoOoJ5D`,`["Datmaniac"]`
`Pjpo`,`true`,`true`,,,`VN`,`https://i.scdn.co/image/ab6761610000e5eb455e8dbc116f4c3286f7ac3e`,,`spt_5kooMseQPNPTz5y1UCM5UR`,`["Pjpo"]`
`Lil Wuyn`,`true`,`true`,,,`VN`,`https://i.scdn.co/image/ab6761610000e5eb70cb097c71b1b2bab9f1c69a`,,`spt_3Wj34lTDJnPp70u4YCl4jz`,`["Lil Wuyn"]`
`Phuong Linh`,`true`,`true`,,,`VN`,`https://i.scdn.co/image/ab67616d0000b273bd48f3fbedddb23ed66f860a`,,`spt_5ELPejPzr90MkvmpQEr3RU`,`["Phuong Linh"]`
`Mỹ Linh`,`true`,`true`,,,`VN`,`https://i.scdn.co/image/ab67616d0000b273b75c39ac354fab2634ab856e`,,`spt_7cmcZaAbbTZIKiqIBJ2ycu`,`["Mỹ Linh"]`
`Trần Thu Hà`,`true`,`true`,,,`VN`,`https://i.scdn.co/image/ab67616d0000b2733f2e0852b231e3449e6ca7c2`,,`spt_0DxYes5zk3LMaliyhYdXHN`,`["Trần Thu Hà"]`
`Thu Minh`,`true`,`true`,,,`VN`,`https://i.scdn.co/image/ab6761610000e5eb04226ec6af8b00f7baf9ce07`,,`spt_4mzMFxVZNS2uCVNdsVFoj5`,`["Thu Minh"]`
`Hồ Quỳnh Hương`,`true`,`true`,,,`VN`,`https://i.scdn.co/image/ab6761610000e5eb2078804f132212eb2a5ef9e5`,,`spt_3EP4RX5LSuwDVy4mDeF1rl`,`["Hồ Quỳnh Hương"]`
`Jaheed`,`true`,`true`,,,,,,`spt_7l79thiIaivUXZoKy4JomX`,`["Jaheed"]`
`Phương Vy`,`true`,`true`,,,`VN`,`https://i.scdn.co/image/ab6761610000e5eba4d7eb1fa612780685703c79`,,`spt_5A81GkfzRSHiNQrge5m9gv`,`["Phương Vy"]`
`Thu Phương`,`true`,`true`,,,`VN`,`https://i.scdn.co/image/ab67616d0000b273247019fcf88d8bc34f38eb4b`,,`spt_3LsIDqxwDjcEKbK3D1IrDk`,`["Thu Phương"]`
`Quốc Thiên`,`true`,`true`,,,`VN`,`https://i.scdn.co/image/ab6761610000e5eb84d49624a92df1306e394efe`,,`spt_2xyztcPkhFKucM2ghmSme2`,`["Quốc Thiên"]`
`Hồng Nhung`,`true`,`true`,,,`VN`,`https://i.scdn.co/image/ab67616d0000b273cdad076c010df4a5f07c16ac`,,`spt_5MibVKlWvof8lLAkOaaDmi`,`["Hồng Nhung"]`
`Văn Mai Hương`,`true`,`true`,,,`VN`,`https://i.scdn.co/image/ab6761610000e5eb449f96a16500b2b75e1c9234`,,`spt_63SNH9m8M034lCGELVC1dm`,`["Văn Mai Hương"]`
`Hien Thuc`,`true`,`true`,,,`VN`,`https://i.scdn.co/image/ab67616d0000b2738e4fe651cc63bcf65021522b`,,`spt_6xQUSqDu9uizDib9Ww47yO`,`["Hien Thuc"]`
`Nguyên Hà`,`true`,`true`,,,`VN`,`https://i.scdn.co/image/ab6761610000e5eb0950190306b49542f6f68b58`,,`spt_5Ib3D8UtLdYZjhVNWzwfoH`,`["Nguyên Hà"]`
`Trid Minh`,`true`,`true`,,,,,,`spt_4M3ThS2lwOQLMJdqbKbGeB`,`["Trid Minh"]`
`Lam Truong`,`true`,`true`,,,`VN`,`https://i.scdn.co/image/ab6761610000e5eba61c5c97b1b318f1b04fcd97`,,`spt_5tPrBvEiBBbSyMFz2u2ZMi`,`["Lam Truong"]`
`Thùy Chi`,`true`,`true`,,,`VN`,`https://i.scdn.co/image/ab6761610000e5eb907bbd0b2531b8e793ebd242`,,`spt_0l3YAI1xmZKCZBzduST5ft`,`["Thùy Chi"]`
`Lệ Quyên`,`true`,`true`,,,`VN`,`https://i.scdn.co/image/ab6761610000e5ebea9b15c80810bae0bb0e87ad`,,`spt_4F5jaYapI8RtTpqwaYs4IF`,`["Lệ Quyên"]`
`Thanh Lam`,`true`,`true`,,,`VN`,`https://i.scdn.co/image/ab67616d0000b273c240eac154c820d5214db661`,,`spt_5kG9gxVkkdrskVLhfblCjT`,`["Thanh Lam"]`
`Lê Hiếu`,`true`,`true`,,,`VN`,`https://i.scdn.co/image/ab67616d0000b273caa7ef3c1e269ce6b12f6b3e`,,`spt_4sOvsEM0ooH149joyEm7Wg`,`["Lê Hiếu"]`
`Bằng Kiều`,`true`,`true`,,,`VN`,`https://i.scdn.co/image/ab6761610000e5eb004ae448e0ac5f697c71d654`,,`spt_0KWdVd7ZYhtlm0CLHIFBya`,`["Bằng Kiều"]`
`Chillies`,`true`,`true`,,,`VN`,`https://i.scdn.co/image/ab6761610000e5ebae678a70cd3899b2167026ea`,,`spt_2xvW7dgL1640K8exTcRMS4`,`["Chillies"]`
`Emcee L (Da LAB)`,`true`,`true`,,,`VN`,`https://i.scdn.co/image/ab6761610000e5eb92dc4a2cbffbddb59f825fe0`,,`spt_4bPYvyUn1mWwUwIW57oST2`,`["Emcee L (Da LAB)"]`
`Andiez`,`true`,`true`,,,`VN`,`https://i.scdn.co/image/ab6761610000e5ebd6430dfeef182fc1eaa9b105`,,`spt_0tBmmwc8j8zbJxISwdsvjA`,`["Andiez"]`
`KeepitLowkey`,`true`,`true`,,,,,,`spt_7jO8Nah2Mu2EhKRK5MLCUR`,`["KeepitLowkey"]`
`Thịnh Suy`,`true`,`true`,,,`VN`,`https://i.scdn.co/image/ab6761610000e5eb34dca195e6f7b02580155565`,,`spt_2xK6qcvfXuFFbU0NL95aeo`,`["Thịnh Suy"]`
`Tiên Tiên`,`true`,`true`,,,`VN`,`https://i.scdn.co/image/ab6761610000e5eb367ac417cc3e77ffb8362e0a`,,`spt_5OvCh1Nin8AGw7OkxYinBe`,`["Tiên Tiên"]`
`MONSTAR`,`true`,`true`,,,`VN`,`https://i.scdn.co/image/ab6761610000e5eb670d1bbea09cde81f7a7893c`,,`spt_2CLdtsyD2NsTOBBOVr7fi8`,`["MONSTAR"]`
`Madihu`,`true`,`true`,,,`VN`,`https://i.scdn.co/image/ab6761610000e5eb3bcc23d31e8962897b7d3e2c`,,`spt_1OIYKbmhG0RxPXvVPNj3NN`,`["Madihu"]`
`Ngọt`,`true`,`true`,,,`VN`,`https://i.scdn.co/image/ab6761610000e5eb66e0a040a53996e8bf19f9b5`,,`spt_0V2DfUrZvBuUReS1LFo5ZI`,`["Ngọt"]`
`Orange`,`true`,`true`,,,`VN`,`https://i.scdn.co/image/ab6761610000e5ebd4050562a6008252b169801c`,,`spt_5lAfakPZgxFKgiJD6xAF1G`,`["Orange"]`
`Vũ Cát Tường`,`true`,`true`,,,`VN`,`https://i.scdn.co/image/ab6761610000e5eb15b9b2263a70180260b4cf97`,,`spt_7yquVKfxBuNFJbG9cy2R8A`,`["Vũ Cát Tường"]`
`Bích Phương`,`true`,`true`,,,`VN`,`https://i.scdn.co/image/ab6761610000e5eb2de300e8eb56aac83abfdb4f`,,`spt_5fa13NJjmn2uQ3dxZDi2Ge`,`["Bích Phương"]`
`Fencol Gongs`,`true`,`true`,,,,,,`spt_5VmOBYTDlQhnlaNhalA67t`,`["Fencol Gongs"]`
`Noo Phước Thịnh`,`true`,`true`,,,`VN`,`https://i.scdn.co/image/ab6761610000e5ebda93c541daefd806b8992302`,,`spt_3mibIJiduF0MVLLAvHZAxw`,`["Noo Phước Thịnh"]`
`Trúc Nhân`,`true`,`true`,,,`VN`,`https://i.scdn.co/image/ab6761610000e5eba7f28bd3ad5ef4a868151ee7`,,`spt_1dmaHHd1Xbd85cT1egYb4w`,`["Trúc Nhân"]`
`Thái Đinh`,`true`,`true`,,,`VN`,`https://i.scdn.co/image/ab6761610000e5eb1b6e674679f24d11a7446228`,,`spt_7lq25uVNvzRoAJgr4CYr8e`,`["Thái Đinh"]`
`Hiền Hồ`,`true`,`true`,,,`VN`,`https://i.scdn.co/image/ab6761610000e5eb033a1f97b67ac32e69b2de3d`,,`spt_6ZmHJcmCcc9X2sAyz6cHng`,`["Hiền Hồ"]`
`NHA`,`true`,`true`,,,`VN`,`https://i.scdn.co/image/ab6761610000e5eb50f98a4f68dfdbaa85ff51d1`,,`spt_0y8J897IGMESNbBqCpHXH9`,`["NHA"]`
`Táo`,`true`,`true`,,,`VN`,`https://i.scdn.co/image/ab6761610000e5eb3edad601de71d029b73c620c`,,`spt_23xCr75lKvnFvKi8ImHE7S`,`["Táo"]`
`TaynguyenSound`,`true`,`true`,,,`VN`,`https://i.scdn.co/image/ab6761610000e5eb422664c8cf0c99b3219ffd7b`,,`spt_5ayWRfrcpObgDDlzheJ2Gr`,`["TaynguyenSound"]`
`tofutns`,`true`,`true`,,,`VN`,`https://i.scdn.co/image/ab6761610000e5eb1aca7b0563eda380d70ac51e`,,`spt_0Ux2qIQbEeqvv7uYLgHhDH`,`["tofutns"]`
`BCTM`,`true`,`true`,,,`VN`,`https://i.scdn.co/image/ab67616d0000b273ccf5eb1e7d1452b932f9f06f`,,`spt_49lqmGqzQjQCQvAqGIevkN`,`["BCTM"]`
`PAR SG`,`true`,`true`,,,`VN`,`https://i.scdn.co/image/ab6761610000e5eb107697fde71a1ac4b328a140`,,`spt_5yE1xvNIbuEB2kkopCuCVY`,`["PAR SG"]`
`Huỳnh Tú`,`true`,`true`,,,`VN`,`https://i.scdn.co/image/ab6761610000e5eb74687b378b5eece194d2f4ff`,,`spt_2dIQYQOIZ3CNxRUNVwr8dW`,`["Huỳnh Tú"]`
`Châu Đăng Khoa`,`true`,`true`,,,`VN`,`https://i.scdn.co/image/ab6761610000e5ebd1bc9d9682c9c9e57a24e8f6`,,`spt_7oOFsgF6y3Z9wI7fgJTbFk`,`["Châu Đăng Khoa"]`
`Kidz`,`true`,`true`,,,`VN`,`https://i.scdn.co/image/ab6761610000e5eb7afe8f2cb69b581d8d359bb4`,,`spt_6wZ01tGqWDyJ6vykbeaIFA`,`["Kidz"]`
`WEAN`,`true`,`true`,,,`VN`,`https://i.scdn.co/image/ab6761610000e5eb1e980099699211bd0dd694ad`,,`spt_30eFAXoU2kTjJPf2cq80B8`,`["WEAN"]`
`Đức Phúc`,`true`,`true`,,,`VN`,`https://i.scdn.co/image/ab6761610000e5eba7e82b4fbe3605c71aed9fee`,,`spt_5FWPIKz9czXWaiNtw45KQs`,`["Đức Phúc"]`
`Thắng`,`true`,`true`,,,`VN`,`https://i.scdn.co/image/ab6761610000e5ebc196ed35d9425d0abe9d2f63`,,`spt_1oD9fKbb7qQ2nhn9JJC24F`,`["Thắng"]`
`T.R.I`,`true`,`true`,,,`VN`,`https://i.scdn.co/image/ab6761610000e5ebbe00f37f2dd2c594bb336f85`,,`spt_2rVYwIYNEsMxtt8j5yemHb`,`["T.R.I"]`
`Kha`,`true`,`true`,,,`VN`,`https://i.scdn.co/image/ab6761610000e5eb4053b425a789aa1a60436ff8`,,`spt_6tWaQSIL7reD85PKStNk28`,`["Kha"]`
`Ngơ`,`true`,`true`,,,`VN`,`https://i.scdn.co/image/ab6761610000e5eb6994e627c5b26909bc8ba813`,,`spt_4RGBKkUyyvsim9vdBKCCkc`,`["Ngơ"]`
`Xolitxo`,`true`,`true`,,,,,,`spt_2IoRivda6IKtnVErJarxSq`,`["Xolitxo"]`
`GREY D`,`true`,`true`,,,`VN`,`https://i.scdn.co/image/ab6761610000e5eb2109b4c3915dce9b4fb60c38`,,`spt_6d0dLenjy5CnR5ZMn2agiV`,`["GREY D"]`
`buitruonglinh`,`true`,`true`,,,`VN`,`https://i.scdn.co/image/ab6761610000e5eb6fa9203f46889b95e081d2ec`,,`spt_7Cp2hGcriAaDUAWpXnSEwm`,`["buitruonglinh"]`
`VSTRA`,`true`,`true`,,,`VN`,`https://i.scdn.co/image/ab6761610000e5eb4003ce478669b0b238ebbc85`,,`spt_2aMo0CYbTieTisS0BlWc59`,`["VSTRA"]`
`Low G`,`true`,`true`,,,`VN`,`https://i.scdn.co/image/ab6761610000e5eb00ece52e50b41c7d6192cc26`,,`spt_6TITnFVRcl0AcZ4syE7Toe`,`["Low G"]`
`Đĩa Than Hồng`,`true`,`true`,,,`VN`,`https://i.scdn.co/image/ab67616d0000b273b5cd6a220f9eca6d7fe335c5`,,`spt_03RW9nhAyt03K42HHHLuus`,`["Đĩa Than Hồng"]`
`Phạm Quỳnh Anh`,`true`,`true`,,,`VN`,`https://i.scdn.co/image/ab6761610000e5ebad6d5adbda5caa0ac7d844ee`,,`spt_033tY0EKEVdDtzoeEMMCJC`,`["Phạm Quỳnh Anh"]`
`Juky San`,`true`,`true`,,,`VN`,`https://i.scdn.co/image/ab6761610000e5ebd6512c92f2182bed4bb645b8`,,`spt_51wGpVg4Z3lv1IjuZAQjXn`,`["Juky San"]`
`Hoàng Duyên`,`true`,`true`,,,`VN`,`https://i.scdn.co/image/ab6761610000e5eb882b9406aea0290f59023516`,,`spt_3LbBKYlyMaATS8IIe7HJ0d`,`["Hoàng Duyên"]`
`Lyly`,`true`,`true`,,,`VN`,`https://i.scdn.co/image/ab6761610000e5ebd626667b97f1e52c16856e7c`,,`spt_4POahBr8YCPNKGErIiofyx`,`["Lyly"]`
`Hứa Kim Tuyền`,`true`,`true`,,,`VN`,`https://i.scdn.co/image/ab6761610000e5eba42e0a19eabe7885296b4a69`,,`spt_3Ufoo4BPShhahtCSjgpBLP`,`["Hứa Kim Tuyền"]`
`Anh Tú Atus`,`true`,`true`,,,`VN`,`https://i.scdn.co/image/ab6761610000e5eb8f47b8f7d070919fff02059b`,,`spt_62D1qvKkvUCvXEtY1xwRfo`,`["Anh Tú Atus"]`
`Han Sara`,`true`,`true`,,,`VN`,`https://i.scdn.co/image/ab6761610000e5eb8b97863b6de2d6604be13da1`,,`spt_7sI2avJ3MyFstC9oKNM7py`,`["Han Sara"]`
`Reddy`,`true`,`true`,,,`VN`,`https://i.scdn.co/image/ab6761610000e5eb31a448e758e54c27a55bb3c5`,,`spt_6QfCxUkMNgOYA4dswW2ZWN`,`["Reddy"]`
`Freak D`,`true`,`true`,,,`VN`,`https://i.scdn.co/image/ab6761610000e5eb33c7544b842b01854aa6cf7c`,,`spt_1yNjtowTJs05S2Xp2g7stg`,`["Freak D"]`
`Bozitt`,`true`,`true`,,,`VN`,`https://i.scdn.co/image/ab6761610000e5eba61a00543862d101022460ae`,,`spt_5TPzMTLOTGx95E7pizHYkP`,`["Bozitt"]`
`14 Casper`,`true`,`true`,,,`VN`,`https://i.scdn.co/image/ab6761610000e5eb075837f4fc4fc2383d961084`,,`spt_0zo8kCJVktn7oPnzpkbC2p`,`["14 Casper"]`
`Changg`,`true`,`true`,,,`VN`,`https://i.scdn.co/image/ab6761610000e5eb0b844603bdca767ef4346616`,,`spt_1nX1HVIUo1Zfs3e2v3lFb9`,`["Changg"]`
`JSOL`,`true`,`true`,,,`VN`,`https://i.scdn.co/image/ab6761610000e5eb8c6467d786f314c9284fc9ec`,,`spt_6EybZ5zwPNEtEngfrEMevN`,`["JSOL"]`
`Nguyên`,`true`,`true`,,,`VN`,`https://i.scdn.co/image/ab6761610000e5eb6ff5ccaefba3405215986a7e`,,`spt_0axAywC6N1oXIqe4HQL2Gw`,`["Nguyên"]`
`Lil Zpoet`,`true`,`true`,,,`VN`,`https://i.scdn.co/image/ab6761610000e5eb0366ff2d7340b2868f2ad533`,,`spt_0T8DkuhhFhdWAMN0bdeLL7`,`["Lil Zpoet"]`
`Freaky`,`true`,`true`,,,`VN`,`https://i.scdn.co/image/ab6761610000e5eb709a8c25748ea0905f91ed4b`,,`spt_3JlzPlR5FYYa402qPCCaAm`,`["Freaky"]`
`Thuỳ Chi`,`true`,`true`,,,,,,`spt_6yjVc0D71CBNIBo1iFf6mA`,`["Thuỳ Chi"]`
`Phạm Nguyên Ngọc`,`true`,`true`,,,`VN`,`https://i.scdn.co/image/ab6761610000e5eb9947613368a5dff45d44e8a5`,,`spt_2Xlia1jlI7JDki4Xa42uyK`,`["Phạm Nguyên Ngọc"]`
`Khoi Vu`,`true`,`true`,,,`VN`,`https://i.scdn.co/image/ab6761610000e5eb2653bba2bdcf714f5d34ec9a`,,`spt_71Cy7nzbfpuGJAS5FGxm93`,`["Khoi Vu"]`
`Mademoiselle`,`true`,`true`,,,`VN`,`https://i.scdn.co/image/ab6761610000e5ebb61036387219e1b58ff0b847`,,`spt_5ehbiyqYPwIDaUY4AxrhVq`,`["Mademoiselle"]`
`Chế Nguyễn Quỳnh Châu`,`true`,`true`,,,,,,`spt_1see5nw4xU5WL0AcQ8pEdk`,`["Chế Nguyễn Quỳnh Châu"]`
`Phùng Khánh Linh`,`true`,`true`,,,`VN`,`https://i.scdn.co/image/ab6761610000e5ebe0cc6ce0814f6c5cecad0bf7`,,`spt_23Gbd21nBxC1kCtcG2Cd0C`,`["Phùng Khánh Linh"]`
`Hoàng Yến Chibi`,`true`,`true`,,,`VN`,`https://i.scdn.co/image/ab6761610000e5eb405fac74511648f8852c8d9c`,,`spt_1Dd0DajYMxzu1Q6kuXLyJ3`,`["Hoàng Yến Chibi"]`
`Chi Pu`,`true`,`true`,,,`VN`,`https://i.scdn.co/image/ab6761610000e5ebe3e352b996bd16e5f423a1d5`,,`spt_6jRD85dsXJYn5vv73rqSGi`,`["Chi Pu"]`
`Quang Hùng MasterD`,`true`,`true`,,,`VN`,`https://i.scdn.co/image/ab6761610000e5eb68a40843cf335ef94c68bade`,,`spt_0slOzRzTQb1RBBVJbvRITP`,`["Quang Hùng MasterD"]`
`CHOCO`,`true`,`true`,,,`VN`,`https://i.scdn.co/image/ab67616d0000b2732887ba875ba1f70088b66be8`,,`spt_5G3xTFJKwRceJK9SBNCk2f`,`["CHOCO"]`
`Cara`,`true`,`true`,,,`VN`,`https://i.scdn.co/image/ab67616d0000b273a7f014626d700e05c1688b89`,,`spt_1E72X1mbS5SmNvVKa3N5G5`,`["Cara"]`
`New$oulz`,`true`,`true`,,,,,,`spt_7GKDb02uOcMnDS5fUixNEc`,`["New$oulz"]`
`Rapital`,`true`,`true`,,,`VN`,`https://i.scdn.co/image/ab6761610000e5eb589525f3dc7f5caac9f88f12`,,`spt_0wqus4nTxIoJvLZLwBt8Df`,`["Rapital"]`
`QNT`,`true`,`true`,,,`VN`,`https://i.scdn.co/image/ab6761610000e5ebc29f15a5b9b46fed41a0f2af`,,`spt_4LuFOXq87Tg0JSl5U7yxFZ`,`["QNT"]`
`Sol7`,`true`,`true`,,,`VN`,`https://i.scdn.co/image/ab6761610000e5ebcc911aa2866d62f7bd5e5894`,,`spt_4hksJgKaus2VEhQO2Umee9`,`["Sol7"]`
`NÂN`,`true`,`true`,,,`VN`,`https://i.scdn.co/image/ab6761610000e5eb99878ec25021eb657f982522`,,`spt_7mFCX07lzCFLpHm72R93oB`,`["NÂN"]`
`VSOUL`,`true`,`true`,,,`VN`,`https://i.scdn.co/image/ab6761610000e5eba573a7f30ae3296818aeb51a`,,`spt_22MX8BG5870DGzpNricY7q`,`["VSOUL"]`
`Obito`,`true`,`true`,,,`VN`,`https://i.scdn.co/image/ab6761610000e5eba385bd3e0f67945f277792c2`,,`spt_0ZbgKh0FgPYeFP38nVaEGp`,`["Obito"]`
`Soc Nau`,`true`,`true`,,,,,,`spt_1p2kRLfrqLvXFmyjclKdpx`,`["Soc Nau"]`
`Anh Phan`,`true`,`true`,,,`VN`,`https://i.scdn.co/image/ab6761610000e5eb2d6fade2273bd13062501d60`,,`spt_6Zx90B1VRgR4TB01S87duQ`,`["Anh Phan"]`
`ScripB`,`true`,`true`,,,,,,`spt_0ZRXxeevIDp4TZ7RRd9nPm`,`["ScripB"]`
`Wxrdie`,`true`,`true`,,,`VN`,`https://i.scdn.co/image/ab6761610000e5eb0b5e421f393e1d4f790418f9`,,`spt_1Jmkhzve9TuXHUUWGmpANw`,`["Wxrdie"]`
`RPT MCK`,`true`,`true`,,,`VN`,`https://i.scdn.co/image/ab6761610000e5ebb97791c136d7354ad7792555`,,`spt_1zSv9qZANOWB4HRE8sxeTL`,`["RPT MCK"]`
`Coldzy`,`true`,`true`,,,`VN`,`https://i.scdn.co/image/ab6761610000e5eb4a42ba988102dc5b7221a7d1`,,`spt_401ikVSob52311M6Fwnunt`,`["Coldzy"]`
`Hustlang Robber`,`true`,`true`,,,`VN`,`https://i.scdn.co/image/ab6761610000e5eba95938560cec466e19c4734d`,,`spt_3JWIaDWHJq11w1xPqJStEv`,`["Hustlang Robber"]`
`Wren Evans`,`true`,`true`,,,`VN`,`https://i.scdn.co/image/ab6761610000e5eb8a7f4082ee51f9b63374a419`,,`spt_5M3ffmRiOX9Q8Y4jNeR5wu`,`["Wren Evans"]`
`2pillz`,`true`,`true`,,,`VN`,`https://i.scdn.co/image/ab6761610000e5ebb0e8ef2d28b9487d7af47d75`,,`spt_0XtC2d9ZVigYA7iMy5YkW0`,`["2pillz"]`
`tlinh`,`true`,`true`,,,`VN`,`https://i.scdn.co/image/ab6761610000e5eb2bcb72091c46d935e195aa87`,,`spt_3diftVOq7aEIebXKkC34oR`,`["tlinh"]`
`SIVAN`,`true`,`true`,,,`VN`,`https://i.scdn.co/image/ab6761610000e5ebad323baf9852dd3b29112cdc`,,`spt_0wJWawRvX8K9joiK9QqkX5`,`["SIVAN"]`
`UMIE`,`true`,`true`,,,`VN`,`https://i.scdn.co/image/ab6761610000e5eba55696b11839ce028bee8721`,,`spt_6fIF1TzV4K21TUWPXoQDAj`,`["UMIE"]`
`Quân A.P`,`true`,`true`,,,`VN`,`https://i.scdn.co/image/ab6761610000e5eb916d46fa6ab17246f55a00f7`,,`spt_2NRcG7E1j2sSi8vnUzCcpi`,`["Quân A.P"]`
`Rum`,`true`,`true`,,,`VN`,`https://i.scdn.co/image/ab6761610000e5ebaa7d93582fa28d02b42b818c`,,`spt_2FzQt1F2hU6M2h0w9AZ6kT`,`["Rum"]`
`Daa Major`,`true`,`true`,,,`VN`,`https://i.scdn.co/image/ab6761610000e5ebdc069a1bd65393df59727578`,,`spt_4jQE4LkOgSBdX0iZkPupTn`,`["Daa Major"]`
`UNI5`,`true`,`true`,,,`VN`,`https://i.scdn.co/image/ab6761610000e5eb93b035f1ae60caa66c5c4eb1`,,`spt_70qFKCLRLE0xLgnznMtRDp`,`["UNI5"]`
`Fanny`,`true`,`true`,,,`VN`,`https://i.scdn.co/image/ab67616d0000b2733ebff0f38773a68583a57ad8`,,`spt_2bperdA9iBmjKVzb1Q2QhR`,`["Fanny"]`
`Vũ Thịnh`,`true`,`true`,,,`VN`,`https://i.scdn.co/image/ab67616d0000b2733ebff0f38773a68583a57ad8`,,`spt_5CmaKrKVwzQ6iQnJx2cGAm`,`["Vũ Thịnh"]`
`Đức Ứng`,`true`,`true`,,,`VN`,`https://i.scdn.co/image/ab67616d0000b27326c9eb12f778a26aa51cb47e`,,`spt_2lO09fiftClNTHLdr9W5oB`,`["Đức Ứng"]`
`CODYNAMVO`,`true`,`true`,,,`VN`,`https://i.scdn.co/image/ab6761610000e5eb91d228e18e2fd71f046fcb87`,,`spt_7MtgS1BXZAtslgSSTpdikk`,`["CODYNAMVO"]`
`Min.T`,`true`,`true`,,,`VN`,`https://i.scdn.co/image/ab67616d0000b2732d1e445e079e50b094100797`,,`spt_5d2RwPuuWdToK3ZeJEjHLM`,`["Min.T"]`
`Đức Anh`,`true`,`true`,,,`VN`,`https://i.scdn.co/image/ab67616d0000b273b66cb85ad8a53cbdacacc42c`,,`spt_1JjEGhZENWaxmk5Ymf43Ss`,`["Đức Anh"]`
`Hà Anh Tuấn`,`true`,`true`,,,`VN`,`https://i.scdn.co/image/ab6761610000e5eb99649a8a989bcacb12960591`,,`spt_3FwYnbtGNt8hJfjNuOfpeG`,`["Hà Anh Tuấn"]`
`RPT Orijinn`,`true`,`true`,,,`VN`,`https://i.scdn.co/image/ab6761610000e5eb6ad583d5630432f21d0bbf6d`,,`spt_25JRC8aMGIGBIJ5KiINv3l`,`["RPT Orijinn"]`
`Phuc Du`,`true`,`true`,,,`VN`,`https://i.scdn.co/image/ab6761610000e5eb7b5ea67e176a1ee8dddaf261`,,`spt_0qkGQFUrj8ERPAZcdpa79j`,`["Phuc Du"]`
`Hào`,`true`,`true`,,,`VN`,`https://i.scdn.co/image/ab6761610000e5eba5a1f9dda5b92344ee2083b3`,,`spt_41o2x1AJ6KzUiz6JxYtCtJ`,`["Hào"]`
`Thanh Hưng`,`true`,`true`,,,`VN`,`https://i.scdn.co/image/ab6761610000e5eb4fbc0b223448392ea15c4b9b`,,`spt_14W31zJumZnGDgZuPXclTJ`,`["Thanh Hưng"]`
`Nguyen Huong Ly`,`true`,`true`,,,`VN`,`https://i.scdn.co/image/ab67616d0000b273063529aa7e3f2d3cc79c7c21`,,`spt_5akggz3MdneiFGBlJrZM6O`,`["Nguyen Huong Ly"]`
`Vương Anh Tú`,`true`,`true`,,,`VN`,`https://i.scdn.co/image/ab6761610000e5eb2e9250894b1d5b8a003d9f66`,,`spt_3OeYidiG0MAcGmiSwTHZf6`,`["Vương Anh Tú"]`
`JUUN D`,`true`,`true`,,,`VN`,`https://i.scdn.co/image/ab6761610000e5ebe2f7135e53d9f7d8421e7a45`,,`spt_6yzbDKj9tQCYUyhAvrDNHW`,`["JUUN D"]`
`Hari Won`,`true`,`true`,,,`VN`,`https://i.scdn.co/image/ab6761610000e5eb72da52d9cc654013e851cf1a`,,`spt_74qKyXT7meuJ49jbtCXk7s`,`["Hari Won"]`
`Kim Giác`,`true`,`true`,,,,,,`spt_46qU5dT4dgA58IWHvIVdmi`,`["Kim Giác"]`
`Lý Anh Khoa`,`true`,`true`,,,,,,`spt_3ZxunRE0THSVD7nhF50Tjk`,`["Lý Anh Khoa"]`
`Nau`,`true`,`true`,,,`VN`,`https://i.scdn.co/image/ab67616d0000b273511ee8238356bdec9cbbc153`,,`spt_38QautgC2LNYKiu10BB0sF`,`["Nau"]`
`Lynk Nguyen`,`true`,`true`,,,`VN`,`https://i.scdn.co/image/ab6761610000e5eb83c71affc945534658579f13`,,`spt_4NkJ2ST54TN8b1Mpp1d0Kh`,`["Lynk Nguyen"]`
`Hoài Thanh`,`true`,`true`,,,`VN`,`https://i.scdn.co/image/ab67616d0000b27319d22d59dcbdec75d26b8cfb`,,`spt_5KgfCQ5I4KSpdbEkKsPlTW`,`["Hoài Thanh"]`
`Khải`,`true`,`true`,,,`VN`,`https://i.scdn.co/image/ab6761610000e5eb4390b6faa27a7315c26a9289`,,`spt_2YJjdbWUlFUPMyveMVft5k`,`["Khải"]`
`Đào Duy Quỳnh`,`true`,`true`,,,,,,`spt_1GzdSqqAOESMGJ9ey97AR8`,`["Đào Duy Quỳnh"]`
`Onionn.`,`true`,`true`,,,`VN`,`https://i.scdn.co/image/ab6761610000e5eb78acc69f189aa5dc006e92f1`,,`spt_25M5YMbLCbYDSFPhQXYE8c`,`["Onionn."]`
`Lena`,`true`,`true`,,,`VN`,`https://i.scdn.co/image/ab6761610000e5ebe03335c6bd0f021ec610b653`,,`spt_4WxO9PBJlzYXOmtln97gnT`,`["Lena"]`
`SM.TIGER`,`true`,`true`,,,,,,`spt_42kflX71qCkUSOq7FeDGSq`,`["SM.TIGER"]`
`MANBO`,`true`,`true`,,,`VN`,`https://i.scdn.co/image/ab6761610000e5eb05b53a159ea379e4c1a2fbbc`,,`spt_2rKtPYcwYmevNcaqzJOwvf`,`["MANBO"]`
`Hoàng Tôn`,`true`,`true`,,,`VN`,`https://i.scdn.co/image/ab6761610000e5eba007c9eab281900e0c920efc`,,`spt_6xRZoWlE9twEkMC5NW4Z9f`,`["Hoàng Tôn"]`
`Trinh Dinh Quang`,`true`,`true`,,,`VN`,`https://i.scdn.co/image/ab6761610000e5ebb858c081931a127af5dab1a7`,,`spt_73jYB754ez8rGnHM79YeuE`,`["Trinh Dinh Quang"]`
`Nguyễn Đình Vũ`,`true`,`true`,,,`VN`,`https://i.scdn.co/image/ab67616d0000b273ba04a283feafea0dc06b2683`,,`spt_1gjeO7nm4QagscrFBbHiSZ`,`["Nguyễn Đình Vũ"]`
`7UPPERCUTS`,`true`,`true`,,,`VN`,`https://i.scdn.co/image/ab6761610000e5eb4505f1a0bb9eeff73a99496b`,,`spt_7BWNm2hXOL9wEuinNnWpxy`,`["7UPPERCUTS"]`
`Huy Lê`,`true`,`true`,,,`VN`,`https://i.scdn.co/image/ab6761610000e5eb0639abb8361121429174f921`,,`spt_5vtj3YSI4fJyb67YYzLaA0`,`["Huy Lê"]`
`Ngô Anh Đạt`,`true`,`true`,,,`VN`,`https://i.scdn.co/image/ab67616d0000b273f80377955d7486d52709d433`,,`spt_15BdWDB7smcW5zPsl26u44`,`["Ngô Anh Đạt"]`
`mối`,`true`,`true`,,,`VN`,`https://i.scdn.co/image/ab6761610000e5ebca349c86c29238c0fe9a2d06`,,`spt_2rDOa0khaLnzba0zxlwjIX`,`["mối"]`
`Trung Tâm Băng Đĩa Lậu Hải Ngoại`,`true`,`true`,,,`VN`,`https://i.scdn.co/image/ab6761610000e5ebd5000caaf7f7e56a2a650dad`,,`spt_53hbIxngriO3apa2SXrS29`,`["Trung Tâm Băng Đĩa Lậu Hải Ngoại"]`
`Nam Cường`,`true`,`true`,,,`VN`,`https://i.scdn.co/image/ab67616d0000b27351af3bdbc84adf79d0792908`,,`spt_64vIV4nGYnWdHeioX3kIdA`,`["Nam Cường"]`
`Thành Bùi`,`true`,`true`,,,,,,`spt_4indpWjPPQ0lLAtYihnI5j`,`["Thành Bùi"]`
`Lâm Chấn Khang`,`true`,`true`,,,`VN`,`https://i.scdn.co/image/ab67616d0000b2732b5943bdaeaa444285e35733`,,`spt_26NyVPtPZVaLKTuHhEKHQR`,`["Lâm Chấn Khang"]`
`Akira Phan`,`true`,`true`,,,`VN`,`https://i.scdn.co/image/ab67616d0000b2737a8043304e2470589a2ea39b`,,`spt_2Toc6VK22Fh0kV09xFF60J`,`["Akira Phan"]`
`Nhat Tinh Anh`,`true`,`true`,,,`VN`,`https://i.scdn.co/image/ab67616d0000b2737c3b7d75452bd473cbc78ee2`,,`spt_3bUUOjtOa3iJ0b7dQBvpnp`,`["Nhat Tinh Anh"]`
`Chu Bin`,`true`,`true`,,,`VN`,`https://i.scdn.co/image/ab6761610000e5eb8233e1cb046cefe8b15dd57a`,,`spt_2O80TFPHgMkNQ3Unwa401Y`,`["Chu Bin"]`
`Nguyễn Anh Vũ`,`true`,`true`,,,,,,`spt_4PL1amTHJ8VckTpXXQyTpM`,`["Nguyễn Anh Vũ"]`
`Vĩnh Thuyên Kim`,`true`,`true`,,,`VN`,`https://i.scdn.co/image/ab67616d0000b273480f43b3c999065a04a9d87f`,,`spt_2hQhwewANVvoJkH7SHEdEs`,`["Vĩnh Thuyên Kim"]`
`Hồ Việt Trung`,`true`,`true`,,,`VN`,`https://i.scdn.co/image/ab6761610000e5ebf673e6b925d0abf304d53497`,,`spt_0XOHQOteNO7pqYk5hWs9TX`,`["Hồ Việt Trung"]`
`Chúng Huyền Thanh`,`true`,`true`,,,,,,`spt_4iwJDDIIJjddRgjw2h9PJd`,`["Chúng Huyền Thanh"]`
`Bằng Cường`,`true`,`true`,,,`VN`,`https://i.scdn.co/image/ab6761610000e5ebccd7069c21d653ae5e316a1f`,,`spt_2VXGxxVL7SU8wbYziQKMlE`,`["Bằng Cường"]`
`HKT`,`true`,`true`,,,`VN`,`https://i.scdn.co/image/ab67616d0000b27344767105d23c1ca5a85f429f`,,`spt_2LV7OpzgkWJ6aK6TTmD1oV`,`["HKT"]`
`Lâm Chấn Huy`,`true`,`true`,,,`VN`,`https://i.scdn.co/image/ab6761610000e5ebad0d8e668eb25f0bc442e118`,,`spt_5gxYs21La8IcjUoMoSPwCN`,`["Lâm Chấn Huy"]`
`Trịnh Gia Hưng`,`true`,`true`,,,,,,`spt_1dNKjFSFWsUcgRKkPp3PBl`,`["Trịnh Gia Hưng"]`
`Khánh Phương`,`true`,`true`,,,`VN`,`https://i.scdn.co/image/ab6761610000e5eb7e28657ebcdce6d16e08301e`,,`spt_6Sz9jchJpz8HyBTtkPvYDT`,`["Khánh Phương"]`
`Phan Đinh Tùng`,`true`,`true`,,,`VN`,`https://i.scdn.co/image/ab6761610000e5eb4dcde69629bd8a750fb685f8`,,`spt_3rbFpJkaR60h3KtE4YSZWd`,`["Phan Đinh Tùng"]`
`Châu Khải Phong`,`true`,`true`,,,`VN`,`https://i.scdn.co/image/ab6761610000e5eb812757741d1ab6edc8a208c5`,,`spt_1RZSSA978w2tUKtXqC6XGZ`,`["Châu Khải Phong"]`
`Quang Hà`,`true`,`true`,,,`VN`,`https://i.scdn.co/image/ab6761610000e5eb8ccfdc9234e2521f7ec75e8f`,,`spt_5OSU5tRR0M59TppFcvl4s8`,`["Quang Hà"]`
`Saka Trương Tuyền`,`true`,`true`,,,`VN`,`https://i.scdn.co/image/ab6761610000e5eb64f94def2b5c27a24ffaf9b5`,,`spt_06SicyiJaPtTdRWR015ZKw`,`["Saka Trương Tuyền"]`
`Luu Chi Vy`,`true`,`true`,,,`VN`,`https://i.scdn.co/image/ab67616d0000b2735f38d4591318aded563328a8`,,`spt_46U2ia2nGNHbjUZmKcZB8w`,`["Luu Chi Vy"]`
`Cao Thái Sơn`,`true`,`true`,,,`VN`,`https://i.scdn.co/image/ab6761610000e5eba5d2e45ed9ebe6c67b70fb59`,,`spt_2VUAd7F7SCWs7gYMGAQVxK`,`["Cao Thái Sơn"]`
`Nhật Kim Anh`,`true`,`true`,,,`VN`,`https://i.scdn.co/image/ab6761610000e5eb3fe1d313c796bf631366121e`,,`spt_6kdtnZgdQbt9OH0RxQoSof`,`["Nhật Kim Anh"]`
`Lý Hải`,`true`,`true`,,,`VN`,`https://i.scdn.co/image/ab67616d0000b273e00281f3b6527a67376d03b3`,,`spt_5q98qLG6fV1rRb3jGRHDBu`,`["Lý Hải"]`
`Lương Gia Huy`,`true`,`true`,,,`VN`,`https://i.scdn.co/image/ab67616d0000b273099020e1ed835c3b3b133ff7`,,`spt_1S0Bsmjx0UHR7oz0JsZ3G4`,`["Lương Gia Huy"]`
`Poast`,`true`,`true`,,,,,,`spt_0fmkpf3ORr21vf8IX2k7Yv`,`["Poast"]`
`Uyên Linh`,`true`,`true`,,,`VN`,`https://i.scdn.co/image/ab6761610000e5eb75d3d01a573c0bfa031fff94`,,`spt_2KUMXzsDcJqXZW0CRh07zP`,`["Uyên Linh"]`
`Tuấn Hưng`,`true`,`true`,,,`VN`,`https://i.scdn.co/image/ab67616d0000b273b6bb57d2b5bfb71ebf8b1434`,,`spt_7l7DZWQaVIS13zFgSf7eb4`,`["Tuấn Hưng"]`
`Quang Dũng`,`true`,`true`,,,`VN`,`https://i.scdn.co/image/ab6761610000e5eb380b20bffad8c5cab7decf75`,,`spt_1gcRVXmxLnwzd7EJn5dLGD`,`["Quang Dũng"]`
`Ưng Hoàng Phúc`,`true`,`true`,,,`VN`,`https://i.scdn.co/image/ab6761610000e5eb35f415bab3858b097d45f79d`,,`spt_4HyBLptfM7nZhrcss4if7x`,`["Ưng Hoàng Phúc"]`
`Bảo Thy`,`true`,`true`,,,`VN`,`https://i.scdn.co/image/ab6761610000e5ebab3d294af601d3afa868d94d`,,`spt_4DPEUF2kY7kVrbXX4Zgu7S`,`["Bảo Thy"]`
`Hoàng Thống`,`true`,`true`,,,`VN`,`https://i.scdn.co/image/ab6761610000e5eb88b45905cd2808fda018f7d5`,,`spt_3fM2WF0qY1Ip9ffVvOzhjo`,`["Hoàng Thống"]`
`DREAMeR`,`true`,`true`,,,`VN`,`https://i.scdn.co/image/ab67616d0000b27344becb55b0036ea5718e1d8b`,,`spt_1f3aY4gX0O9B59iQyZXY0I`,`["DREAMeR"]`
`Cầm`,`true`,`true`,,,`VN`,`https://i.scdn.co/image/ab6761610000e5ebf4f6c616f3c4fb9266d89969`,,`spt_56vNGG0GJtL6p8ltx7cLvj`,`["Cầm"]`
`Linh Ka`,`true`,`true`,,,`VN`,`https://i.scdn.co/image/ab6761610000e5eb0204b800ca53db37d7bf82fa`,,`spt_6gXUsziOuoRCgmtm62Nrny`,`["Linh Ka"]`
`Ngô Kiến Huy`,`true`,`true`,,,`VN`,`https://i.scdn.co/image/ab6761610000e5eb9d08f9969fa8715fe5286823`,,`spt_7at0gkjCnhOBrxwQlJPJ4s`,`["Ngô Kiến Huy"]`
`Khởi My`,`true`,`true`,,,`VN`,`https://i.scdn.co/image/ab6761610000e5ebc5f2f35ad84305911252a703`,,`spt_4zRG1PU5uAC6ah9yeuxfFi`,`["Khởi My"]`
`Hoang Dao Chu`,`true`,`true`,,,,,,`spt_4h5VVC6mPxdhuguV9lIG7A`,`["Hoang Dao Chu"]`
`Hương Ly`,`true`,`true`,,,`VN`,`https://i.scdn.co/image/ab6761610000e5eb70bdf5ee4faf43c480e5b3c9`,,`spt_3NckpPMWZSEus6PyV6LoVc`,`["Hương Ly"]`
`Raditori`,`true`,`true`,,,`VN`,`https://i.scdn.co/image/ab67616d0000b2731f3fdd8024fe3a1c19814b12`,,`spt_5The4SDhYdHvfRNamb6Qix`,`["Raditori"]`
`Minh Tốc & Lam`,`true`,`true`,,,`VN`,`https://i.scdn.co/image/ab6761610000e5eb198fa3549f92cb09872922ea`,,`spt_27RoKwun6jKycKbH2iYUFU`,`["Minh Tốc & Lam"]`
`THEMÈO`,`true`,`true`,,,`VN`,`https://i.scdn.co/image/ab6761610000e5eb9962d296313eaffc830a9923`,,`spt_2YANklqRg4ryct41X5NCVY`,`["THEMÈO"]`
`Quai Vat Ti Hon`,`true`,`true`,,,`VN`,`https://i.scdn.co/image/ab67616d0000b27398836498d600c7edfd662821`,,`spt_0wByIFp6P5D4QnZ6uNPAoT`,`["Quai Vat Ti Hon"]`
`Myra Trần`,`true`,`true`,,,`VN`,`https://i.scdn.co/image/ab6761610000e5eba860c38d434ffdb9630544f2`,,`spt_0Y9KzsdFByEI4bigKF1htd`,`["Myra Trần"]`
`Thanh Bùi`,`true`,`true`,,,,,,`spt_2q8305j8iKRCQr7Tn6woin`,`["Thanh Bùi"]`
`Hà Nhi`,`true`,`true`,,,`VN`,`https://i.scdn.co/image/ab6761610000e5eb10e24b509ad2113c6ff9eed9`,,`spt_3XOuN4VDN4EL0GjKov5mWL`,`["Hà Nhi"]`
`Phan Mạnh Quỳnh`,`true`,`true`,,,`VN`,`https://i.scdn.co/image/ab6761610000e5ebf3ac22c53b34150b407c3410`,,`spt_0aNyWetkjBvIdZvJY00yEa`,`["Phan Mạnh Quỳnh"]`
`Tăng Phúc`,`true`,`true`,,,`VN`,`https://i.scdn.co/image/ab6761610000e5ebdafaa833e1027a6791342e33`,,`spt_5TSjLaWHQ69GaALubAM7gR`,`["Tăng Phúc"]`
`Hoài Lâm`,`true`,`true`,,,`VN`,`https://i.scdn.co/image/ab6761610000e5eb795f9f9f5f28dfd90a473754`,,`spt_2dlC6p7Q75wnfhudwTEpxW`,`["Hoài Lâm"]`
`Anh Khoa`,`true`,`true`,,,`VN`,`https://i.scdn.co/image/ab67616d0000b27367293f2840ed53cb0e38a384`,,`spt_0r5KtuhT32hmawS8dj6jFm`,`["Anh Khoa"]`
`An Vũ`,`true`,`true`,,,`VN`,`https://i.scdn.co/image/ab6761610000e5eb10960fba0227590ef82a7a2a`,,`spt_0IBUlucigx80io4qV5fQ34`,`["An Vũ"]`
`Lê Thiện Hiếu`,`true`,`true`,,,`VN`,`https://i.scdn.co/image/ab6761610000e5eb8f6dc73534caa985ba551736`,,`spt_2U7kaq9BBq7eG2Vyn1D3Ab`,`["Lê Thiện Hiếu"]`
`Đức Trường`,`true`,`true`,,,`VN`,`https://i.scdn.co/image/ab6761610000e5ebadc1203b02d47881dd3c543a`,,`spt_4R2engiAed6QeIV63PDAz0`,`["Đức Trường"]`
`Huyền Tâm Môn`,`true`,`true`,,,`VN`,`https://i.scdn.co/image/ab6761610000e5eb30362170c3eb27d23f7fb329`,,`spt_5udW05zLTeswVyS7fTHdlc`,`["Huyền Tâm Môn"]`
`Southalid`,`true`,`true`,,,`VN`,`https://i.scdn.co/image/ab6761610000e5eb2d4647e2a62ff129652da563`,,`spt_5n4HPFtb9AUMQMAw8asZu6`,`["Southalid"]`
`TGSN`,`true`,`true`,,,`VN`,`https://i.scdn.co/image/ab6761610000e5eb93c2882a77ede2e43aa3868f`,,`spt_2OkxNsNz7QXCBwlME0fSsk`,`["TGSN"]`
`kidsai`,`true`,`true`,,,`VN`,`https://i.scdn.co/image/ab6761610000e5eb08441ac62a53701439a72214`,,`spt_6kkA6laUMR0hzML9YY98CQ`,`["kidsai"]`
`My Anh`,`true`,`true`,,,`VN`,`https://i.scdn.co/image/ab6761610000e5ebd367d123642c3b2bf217afae`,,`spt_3C9BZr3AmjZ89zzcOdkA4i`,`["My Anh"]`
`Winno`,`true`,`true`,,,`VN`,`https://i.scdn.co/image/ab6761610000e5eb308d5fe18bb94b6dbef17256`,,`spt_23UOCFmQtFKvx2mFufMoJB`,`["Winno"]`
`Cody Uni5`,`true`,`true`,,,`VN`,`https://i.scdn.co/image/ab67616d0000b27330f53020d330ba5c136b411e`,,`spt_6TlRNO0KxvT6Dqk5nCVNtG`,`["Cody Uni5"]`
`Tùng Maru`,`true`,`true`,,,`VN`,`https://i.scdn.co/image/ab6761610000e5eb00631973ac91414fd96fec05`,,`spt_2WWCSXKQuDEJtQjMlA0fsg`,`["Tùng Maru"]`
`Hannie`,`true`,`true`,,,`VN`,`https://i.scdn.co/image/ab67616d0000b2739a7a2f0b89e6ddf9d30bf749`,,`spt_7tRkypqswDC2uWg9g9H0Vs`,`["Hannie"]`
`Luna`,`true`,`true`,,,`VN`,`https://i.scdn.co/image/ab67616d0000b27326c9eb12f778a26aa51cb47e`,,`spt_1Y0gKRCGK65KjhRU4CeDAn`,`["Luna"]`
`Quinn`,`true`,`true`,,,`VN`,`https://i.scdn.co/image/ab6761610000e5eb7e1e772ca8733c790d562ed3`,,`spt_4bvfBwk7P6u7mvXkaKu1Hy`,`["Quinn"]`
`MONO`,`true`,`true`,,,`VN`,`https://i.scdn.co/image/ab6761610000e5eb08b7a0d0eb811827b0af36e1`,,`spt_5jTFNkoZebPnX90CbB3F2A`,`["MONO"]`
`RAP VIỆT`,`true`,`true`,,,`VN`,`https://i.scdn.co/image/ab6761610000e5ebeebd6e77e92be554a077fba7`,,`spt_1cPpd989kghzlZqfpP4KwL`,`["RAP VIỆT"]`
`Mr.Siro`,`true`,`true`,,,`VN`,`https://i.scdn.co/image/ab6761610000e5eb4371fb198b011bb666a3bfde`,,`spt_35HU1GT1q797EwZsP8uduO`,`["Mr.Siro"]`
`Ngọc Dolil`,`true`,`true`,,,`VN`,`https://i.scdn.co/image/ab6761610000e5eb5c8390033da4f8e9e9fc746f`,,`spt_6VLN4hTrGOZ5Le1TVTwDTg`,`["Ngọc Dolil"]`
`W/N`,`true`,`true`,,,`VN`,`https://i.scdn.co/image/ab6761610000e5eb316c0f0bc6cf3a29c203ab1e`,,`spt_6NF9Oa4ThQWCj6mogFSrVD`,`["W/N"]`
`Khắc Hưng`,`true`,`true`,,,`VN`,`https://i.scdn.co/image/ab6761610000e5eb37e01567a89005eb0feb38d2`,,`spt_2mx5AAdmlMxMcrcd7AQh1j`,`["Khắc Hưng"]`
`PHÚC`,`true`,`true`,,,`VN`,`https://i.scdn.co/image/ab6761610000e5eb2afde6ca5639d0dd36f3ef41`,,`spt_6PGrOInW15jh2LN7adx718`,`["PHÚC"]`
`CoolKid`,`true`,`true`,,,`VN`,`https://i.scdn.co/image/ab6761610000e5eb4701f6bdeeded194cf20376e`,,`spt_1Qia4CTwh6x0CZbD0079zi`,`["CoolKid"]`
`Mr. Paa`,`true`,`true`,,,,,,`spt_4le35RRqRtRJ0he7SBkgL4`,`["Mr. Paa"]`
`itsnk`,`true`,`true`,,,`VN`,`https://i.scdn.co/image/ab6761610000e5eb215ae0e47da5791516c7aaff`,,`spt_0hy8mfXxfD8kQ6MRQkDVrn`,`["itsnk"]`
`dubbie`,`true`,`true`,,,`VN`,`https://i.scdn.co/image/ab67616d0000b27326e49dc3fb51f27972db5c2c`,,`spt_2liSd71HdTJbIfyWEKHnWV`,`["dubbie"]`
`RHYDER`,`true`,`true`,,,`VN`,`https://i.scdn.co/image/ab6761610000e5eb7930fac4aae6d581d9f49e1b`,,`spt_1W2pigH6UYwuTuFbwoSfVZ`,`["RHYDER"]`
`ICM`,`true`,`true`,,,`VN`,`https://i.scdn.co/image/ab6761610000e5eb65eaa6be40f84e6182d69383`,,`spt_6kuERXgoQuYGDs0onogMvZ`,`["ICM"]`
`Puppy`,`true`,`true`,,,`VN`,`https://i.scdn.co/image/ab6761610000e5eb12b2ad3bacec1ca71265fba9`,,`spt_2dC1IBU9NOD9xsQJ5RE7j7`,`["Puppy"]`
`TINLE`,`true`,`true`,,,`VN`,`https://i.scdn.co/image/ab6761610000e5ebbabf6021b5c856cac35d5d75`,,`spt_1jLYYT9QNuDI4zz4Ky9fyq`,`["TINLE"]`
`DT Tập Rap`,`true`,`true`,,,`VN`,`https://i.scdn.co/image/ab6761610000e5eb59395cb9c275f4766c8b4942`,,`spt_56YvnYcOAPPIuSwoZ6uoBP`,`["DT Tập Rap"]`
`Khánh Ngân`,`true`,`true`,,,,,,`spt_19Jj2wtb1zqgrVONT5OBSP`,`["Khánh Ngân"]`
`Vũ Phụng Tiên`,`true`,`true`,,,`VN`,`https://i.scdn.co/image/ab6761610000e5ebc5db34d157c879b2e627303c`,,`spt_70ULEgr5A3zBL12foM4bnj`,`["Vũ Phụng Tiên"]`
`Gonzo`,`true`,`true`,,,`VN`,`https://i.scdn.co/image/ab6761610000e5eb2146b7722363c9a2e9d11113`,,`spt_3Ib80uqrBka6P4ncx6vJRF`,`["Gonzo"]`
`HURRYKNG`,`true`,`true`,,,`VN`,`https://i.scdn.co/image/ab6761610000e5eba4d09d3f8fdffcbca0a581f2`,,`spt_5ulyphh5uJrH4Gb1JpSMkV`,`["HURRYKNG"]`
`Drum7`,`true`,`true`,,,`VN`,`https://i.scdn.co/image/ab6761610000e5eb3726249f70081314b2a42654`,,`spt_0gsqfuR0OFF5SSai7lsPrj`,`["Drum7"]`
`Huỳnh Văn`,`true`,`true`,,,`VN`,`https://i.scdn.co/image/ab6761610000e5ebd740fae83296f353ae17452f`,,`spt_5NTaNiqKj5W38izmUj435H`,`["Huỳnh Văn"]`
`Emily`,`true`,`true`,,,`VN`,`https://i.scdn.co/image/ab6761610000e5eb87e3e671d06e2d8af3bf16c0`,,`spt_2XKlSkrslCs0egLOvSB4Ul`,`["Emily"]`
`Mr.A`,`true`,`true`,,,`VN`,`https://i.scdn.co/image/ab6761610000e5ebeef9778c3af31091a4625a9e`,,`spt_3VkWfwJgAO5qikm4hFccO6`,`["Mr.A"]`
`Mr. T`,`true`,`true`,,,`VN`,`https://i.scdn.co/image/ab6761610000e5ebec0a3c468e866451cd75c7d6`,,`spt_2pVj9lekGlRPbYvDjTMQ6O`,`["Mr. T"]`
`NAOMI`,`true`,`true`,,,`VN`,`https://i.scdn.co/image/ab6761610000e5eb73502f1fa544cb818dcacd99`,,`spt_7pCB93rz0fL0KvmnuN8AI3`,`["NAOMI"]`
`Negav`,`true`,`true`,,,`VN`,`https://i.scdn.co/image/ab6761610000e5eb1e08fed86b807a8553ee4911`,,`spt_4fg8aMZ23d2bxKz7r2vt9v`,`["Negav"]`
`WanBi Tuấn Anh`,`true`,`true`,,,`VN`,`https://i.scdn.co/image/ab67616d0000b2735b3ae331a08e2d68efbe79e1`,,`spt_57VqUzd3qVMPCzqZblwz7b`,`["WanBi Tuấn Anh"]`
`Pham Truong`,`true`,`true`,,,`VN`,`https://i.scdn.co/image/ab67616d0000b27321f5bfafd1fc8fb54732ad33`,,`spt_58d1SL5uQRtaqr4ZgM7LDr`,`["Pham Truong"]`
`Trương Thế Vinh`,`true`,`true`,,,`VN`,`https://i.scdn.co/image/ab67616d0000b2730e96dbfa97961513fcf37bd8`,,`spt_2Dqd1HqXNuDhsdR7BGT590`,`["Trương Thế Vinh"]`
`The Men`,`true`,`true`,,,`VN`,`https://i.scdn.co/image/ab6761610000e5eb84f1b35b8755a8dc7c2f83ff`,,`spt_53LVvmM09CnWWAYz79HpCR`,`["The Men"]`
`NVM`,`true`,`true`,,,,`https://i.scdn.co/image/ab6761610000e5eb345942ade0bdb4a7ff8a5bda`,,`spt_2OHv7sOf5ut7lDKGpHR3nC`,`["NVM"]`
`LDleKing`,`true`,`true`,,,,,,`spt_18cAQxotg3037oJT3UtKyF`,`["LDleKing"]`
`JC Hưng`,`true`,`true`,,,,`https://i.scdn.co/image/ab6761610000e5eba4e7677d6c86a96ce1af55b5`,,`spt_5qk5V6WIairfV6qRhscsl9`,`["JC Hưng"]`
`TheHuy`,`true`,`true`,,,,,,`spt_46LtIRIAQXeQPmQtPwveVP`,`["TheHuy"]`
`LD`,`true`,`true`,,,,`https://i.scdn.co/image/ab67616d0000b273045bca6b5bafc0b4bbb41bcb`,,`spt_5ZmR8fWDXHlrJUxnFIpurP`,`["LD"]`
`MK`,`true`,`true`,,,,`https://i.scdn.co/image/ab6761610000e5eb768c6438ed897e5f89d23701`,,`spt_1yqxFtPHKcGcv6SXZNdyT9`,`["MK"]`
`Masew`,`true`,`true`,,,,,,`spt_2ahYSvxXNTvIzWBB7fg6k5`,`["Masew"]`
`NSND Bach Tuyet`,`true`,`true`,,,,`https://i.scdn.co/image/ab67616d0000b27341329e7b4c2d35041eb2743a`,,`spt_6BLc7t4KaJGJXuRlUgUNgx`,`["NSND Bach Tuyet"]`
`Phạm Hải Âu`,`true`,`true`,,,,`https://i.scdn.co/image/ab67616d0000b2734670cc170a6a23324018701c`,,`spt_13esnaeVdcvWC4Aiy4mrFL`,`["Phạm Hải Âu"]`
`JoliPoli`,`true`,`true`,,,,`https://i.scdn.co/image/ab67616d0000b2736adecb2176e63ff27687b683`,,`spt_3AuJ0L9x30MFerjyKlNoZ6`,`["JoliPoli"]`
`LD SouthGanz`,`true`,`true`,,,,,,`spt_38tOh2oXjkeGmJeiRAnze9`,`["LD SouthGanz"]`
`Gia Nghi`,`true`,`true`,,,,`https://i.scdn.co/image/ab67616d0000b273863e28140342ce56e0b97907`,,`spt_28RpvYzcllpEaE0uAQSJkf`,`["Gia Nghi"]`
`Đăng Lê`,`true`,`true`,,,,,,`spt_1FGkQu5bnRu34UCVt1rQsu`,`["Đăng Lê"]`
`Rabe13`,`true`,`true`,,,,,,`spt_5pqOjLi8urzZXbutfBcGvZ`,`["Rabe13"]`
`Khánh JTA`,`true`,`true`,,,,,,`spt_6Y7xwZZBiCAyws13cUjtOc`,`["Khánh JTA"]`
`GAVIN:D`,`true`,`true`,,,,`https://i.scdn.co/image/ab6761610000e5eb7a2eee16bf8af45368b2b4ed`,,`spt_6gYafDbRgLFc6zFKxKCP22`,`["GAVIN:D"]`
`Mino`,`true`,`true`,,,,,,`spt_4a1vThLcjHHmqGr2haMIMS`,`["Mino"]`
`The Band`,`true`,`true`,,,,`https://i.scdn.co/image/ab67616d0000b27308c07f7d78edf689b61e4a1d`,,`spt_5LMT5e3xuIyJ6hbNmSbpRY`,`["The Band"]`
`Demon Slayer`,`true`,`true`,,,,`https://i.scdn.co/image/ab6761610000e5eb3840bd90d5e475174055b160`,,`spt_5Yj0IS09DYLtUTCT9BrH4n`,`["Demon Slayer"]`
`Hoàng Touliver`,`true`,`true`,,,,,,`spt_3NFhJqdphtxeWnXpB1ksts`,`["Hoàng Touliver"]`
`WOKEUP`,`true`,`true`,,,,`https://i.scdn.co/image/ab67616d0000b273f33da680b3f5bea1e99b8b5a`,,`spt_0qAJ604EZMbkbpZ9NN6W6d`,`["WOKEUP"]`
`Machiot`,`true`,`true`,,,,`https://i.scdn.co/image/ab6761610000e5eb085538edec7487ee82f3fab0`,,`spt_53JNigMoziak3PfjdVcNLh`,`["Machiot"]`
`Duck V`,`true`,`true`,,,,`https://i.scdn.co/image/ab67616d0000b273430926e71e1b0b5e88b600fd`,,`spt_5wsKuIN7Mrfg8CszqqhSTe`,`["Duck V"]`
`Lăng LD`,`true`,`true`,,,,`https://i.scdn.co/image/ab6761610000e5eb68ead7cc768d3af9436604b9`,,`spt_0EOMdQwzUG6CKh9oWvcANr`,`["Lăng LD"]`
`Homie Boiz`,`true`,`true`,,,,`https://i.scdn.co/image/ab67616d0000b273c5699636fd6845518537e879`,,`spt_2oSLZcf1n5RyC8AnsB44A4`,`["Homie Boiz"]`
`Aria Julie`,`true`,`true`,,,,,,`spt_5oujUvlkf7nyA5Dv8rc1cc`,`["Aria Julie"]`
`KOO`,`true`,`true`,,,,`https://i.scdn.co/image/ab67616d0000b273c5699636fd6845518537e879`,,`spt_71l1h05wTqvFTbm2sSxL1w`,`["KOO"]`
`YanBi`,`true`,`true`,,,,`https://i.scdn.co/image/ab6761610000e5eb0a5e78a281128467b1a42f6e`,,`spt_718QENtLy8bL4xVoZPg5PP`,`["YanBi"]`
`Bảo Kun`,`true`,`true`,,,,`https://i.scdn.co/image/ab67616d0000b273481021422740cd6a687ae4d9`,,`spt_6L5dF5WAnuGf1nbPAUN0GP`,`["Bảo Kun"]`
`FBBOIZ`,`true`,`true`,,,,`https://i.scdn.co/image/ab67616d0000b273424d135059c3392c4111aa23`,,`spt_1LYLHVd7Nff9GmBSiSiXrp`,`["FBBOIZ"]`
`Quân Eszi`,`true`,`true`,,,,,,`spt_1830aGI6fXYKSt286dw8Pa`,`["Quân Eszi"]`
`Rica`,`true`,`true`,,,,,,`spt_6poJ3pxHNBeLLVnXcX0rmC`,`["Rica"]`
`LK`,`true`,`true`,,,,`https://i.scdn.co/image/ab67616d0000b27319b3b28dd2780f94dce2b3c9`,,`spt_3dXaD7HIpQXH8cqOeQzy4Z`,`["LK"]`
`Rtee`,`true`,`true`,,,,`https://i.scdn.co/image/ab6761610000e5eb3e54d0220b3bcfdc0eb6cda4`,,`spt_73AUXZbgPiHjPbv66nGVq7`,`["Rtee"]`
`Larria.`,`true`,`true`,,,,`https://i.scdn.co/image/ab6761610000e5ebc03a81dcafb837a71e638b43`,,`spt_1qdb7jDQjPd8WWpayCRh5V`,`["Larria."]`
`Trung Bảo`,`true`,`true`,,,,,,`spt_56czd24wu4edKUWkXjbPLu`,`["Trung Bảo"]`
`B-Wine`,`true`,`true`,,,,`https://i.scdn.co/image/ab6761610000e5ebe2156d88c83cd96cd24f6c7b`,,`spt_68Vj5ArAHBx2K0osGDXK4K`,`["B-Wine"]`
`$A Milo`,`true`,`true`,,,,`https://i.scdn.co/image/ab6761610000e5eb466deddf722164a7dc7d68a5`,,`spt_55YrB6LSt3ZShzAiBXTEcA`,`["$A Milo"]`
`KayC`,`true`,`true`,,,,`https://i.scdn.co/image/ab6761610000e5ebf5ecbd18d99d6ad26d0fe0ed`,,`spt_3EkXXkwTWhJpPDJR4ME3D8`,`["KayC"]`
`Kim Chi Sun`,`true`,`true`,,,,`https://i.scdn.co/image/ab6761610000e5eb35d58f7a79af93808894dd63`,,`spt_6R5x0FCE48rOtZjazPbRyh`,`["Kim Chi Sun"]`
`CHARLES.`,`true`,`true`,,,,`https://i.scdn.co/image/ab6761610000e5eb9d8811f8df8f618fba0dbb6f`,,`spt_5k9DAxaugi6ANyemUgQrgV`,`["CHARLES."]`
`Nguyễn Thiện Minh`,`true`,`true`,,,,,,`spt_4WXuNIqfzcyoyo7uqRWdmd`,`["Nguyễn Thiện Minh"]`
`Hà Lê`,`true`,`true`,,,,`https://i.scdn.co/image/ab6761610000e5eb4f7796fe7401073e2fd39a1c`,,`spt_0hWPa5etsuzHraxEq4xt6U`,`["Hà Lê"]`
`Phúc Bồ`,`true`,`true`,,,,`https://i.scdn.co/image/ab67616d0000b273e72355234efe6d9310bc5f90`,,`spt_6zMLeQLwTDt4zoRzKECDqx`,`["Phúc Bồ"]`
`Kriss Ngo`,`true`,`true`,,,,`https://i.scdn.co/image/ab6761610000e5eb9c9e69bed16fae6ed06027a8`,,`spt_3tHHuAuhXiCc1HneD1iytJ`,`["Kriss Ngo"]`
`Hạnh Sino`,`true`,`true`,,,,`https://i.scdn.co/image/ab6761610000e5eb732df6e57eee3ed1cc2caf07`,,`spt_3f7Dr7qtAJutrBV8mjozhh`,`["Hạnh Sino"]`
`Dlow`,`true`,`true`,,,,`https://i.scdn.co/image/ab6761610000e5eb93c3b6b94fc81eaa151f1292`,,`spt_4FQ08OkutakaNPvuncmsqv`,`["Dlow"]`
`Tuimi`,`true`,`true`,,,,`https://i.scdn.co/image/ab6761610000e5eb9ac1154a41ffd40b29dc9917`,,`spt_2dP2cG3zK05Y1jtb8Kwdpm`,`["Tuimi"]`
`Kim Quang`,`true`,`true`,,,,,,`spt_6TJisNJ01Ye8TAhXqIHcG0`,`["Kim Quang"]`
`Hồng Dương`,`true`,`true`,,,,`https://i.scdn.co/image/ab6761610000e5ebc479c35ef5c3c998d379b2e5`,,`spt_6xDaSKkOUfOxR5HCf6Gmq7`,`["Hồng Dương"]`
`Tez`,`true`,`true`,,,,`https://i.scdn.co/image/ab6761610000e5eb0b9c6ea1b6323770e4643693`,,`spt_1yWLf9thhwjqScDt6Az4Z9`,`["Tez"]`
`24k.Right`,`true`,`true`,,,,`https://i.scdn.co/image/ab6761610000e5ebbf6cd3f77b89f431cc4b02b7`,,`spt_0hUr8xEtATxbq2OTiJFAP0`,`["24k.Right"]`
`Captain`,`true`,`true`,,,,`https://i.scdn.co/image/ab67616d0000b2735122142285f14d9b8bf4ee8c`,,`spt_1pKPrziZw7C4GvOlBIXqP5`,`["Captain"]`
`SMO`,`true`,`true`,,,,`https://i.scdn.co/image/ab6761610000e5eb9bb7eefe91ea71d53cf4aa0d`,,`spt_1eLRJ9F6qwKeI6frD3ZzQg`,`["SMO"]`
`Pháp Kiều`,`true`,`true`,,,,`https://i.scdn.co/image/ab67616d0000b273493fae0b6744854b1cc54c34`,,`spt_13c4ijEkXNvEFoxGxwp5Su`,`["Pháp Kiều"]`
`Thai VG`,`true`,`true`,,,,`https://i.scdn.co/image/ab6761610000e5eb1720137f3dcf41ece8f9bd84`,,`spt_60866JeWZ2YP0iOF1obsqE`,`["Thai VG"]`
`Liu Grace`,`true`,`true`,,,,`https://i.scdn.co/image/ab6761610000e5ebfac37288e5a284a60bdd6832`,,`spt_5DTQVDm1qjLUoAGC8v85c3`,`["Liu Grace"]`
`Mikelodic`,`true`,`true`,,,,`https://i.scdn.co/image/ab6761610000e5eb2182b590c27e526d291383b4`,,`spt_39HlpQmjGAer2XWNh0Ro83`,`["Mikelodic"]`
`Double2T`,`true`,`true`,,,,`https://i.scdn.co/image/ab6761610000e5ebe2a3706d9789a46e2421819c`,,`spt_1NM99SQTX93oCkzvNXWJCf`,`["Double2T"]`
`IndieK`,`true`,`true`,,,,`https://i.scdn.co/image/ab6761610000e5eb7727b2f57713e9ed0d8a204e`,,`spt_5G8ovEmWH243SKKJ0KSZj8`,`["IndieK"]`
`OgeNus`,`true`,`true`,,,,`https://i.scdn.co/image/ab6761610000e5eb6f9400fcb3437cab96b9bc40`,,`spt_5mPbBOU2KMFfStepNZ027p`,`["OgeNus"]`
`STRANGE H`,`true`,`true`,,,,`https://i.scdn.co/image/ab6761610000e5eb86c0c94cf8113b8c29abd0ef`,,`spt_65d2rn78XJ1xpeFfbeWXmF`,`["STRANGE H"]`
`gung0cay`,`true`,`true`,,,,`https://i.scdn.co/image/ab6761610000e5eb76a569c5f359603bde881360`,,`spt_1Z3xp9Er70GeoUjeB77vJc`,`["gung0cay"]`
`Yuno Bigboi`,`true`,`true`,,,,`https://i.scdn.co/image/ab6761610000e5eb040241ce91ef4fc77d8ad7b4`,,`spt_1gUH71ZCFzPyLoyrSguJe1`,`["Yuno Bigboi"]`
`Tọi`,`true`,`true`,,,,`https://i.scdn.co/image/ab6761610000e5ebe97093286eab4e4551b58d7f`,,`spt_1aVkG16ZfTc5XJ9qP7ti7i`,`["Tọi"]`
`VOLTAK`,`true`,`true`,,,,`https://i.scdn.co/image/ab67616d0000b273ce0c4fcf10ff9b147e2c7868`,,`spt_67Rvf2xZVFbjpS0OLdPQgu`,`["VOLTAK"]`
`Sona`,`true`,`true`,,,,`https://i.scdn.co/image/ab67616d0000b2733c1dd52b80e60f94cccf7ffd`,,`spt_350AkrG58FEwakiQekOcZz`,`["Sona"]`
`CADMIUM`,`true`,`true`,,,,`https://i.scdn.co/image/ab6761610000e5ebbf47b1b6a92afe05af57719f`,,`spt_6f5XlPB9qtr5eY5x9vUsMU`,`["CADMIUM"]`
`MegaShock`,`true`,`true`,,,,`https://i.scdn.co/image/ab6761610000e5eb754eef4a59b4311f30aeca98`,,`spt_78BCjtPwVVmrolLWLArPaX`,`["MegaShock"]`
`Lan Thanh`,`true`,`true`,,,,,,`spt_5mJavaRKkgBtCypESkISBK`,`["Lan Thanh"]`
`Vũ Thảo My`,`true`,`true`,,,,`https://i.scdn.co/image/ab6761610000e5eba01e6d5d72e4f5d7e4f232bf`,,`spt_42D8BHt57a1V8Mn47afQhj`,`["Vũ Thảo My"]`
`Right`,`true`,`true`,,,,`https://i.scdn.co/image/ab67616d0000b27376d40a2c40b0980fee1822be`,,`spt_1lH1LGHrWD0hwXx0EWM7Ty`,`["Right"]`
`KymLeez`,`true`,`true`,,,,,,`spt_54IU8kLmtPCEuatDHJdpqx`,`["KymLeez"]`
`Low G`,`true`,`true`,,,,,,`spt_1TiT5WFl2k9sMSw8YL6YYO`,`["Low G"]`
`Đặng Thái Bình`,`true`,`true`,,,,`https://i.scdn.co/image/ab67616d0000b273b7ad0bdf61a88f63a79a8e08`,,`spt_0l9gyu1WOgCfMDrpnwA7et`,`["Đặng Thái Bình"]`
`Richie D. ICY`,`true`,`true`,,,,`https://i.scdn.co/image/ab6761610000e5eb83495c848de42c3f2bd1a7f5`,,`spt_0FvZX3MHDrlAAnf15FgBkA`,`["Richie D. ICY"]`
`zex zex`,`true`,`true`,,,,,,`spt_7hwRxwekJxR7IaCs7d3C0X`,`["zex zex"]`
`Long Nón Lá`,`true`,`true`,,,,`https://i.scdn.co/image/ab6761610000e5eb94188276f346616bd42a3a25`,,`spt_4XPmkusoYLS1cvgpHgQjiB`,`["Long Nón Lá"]`
`EVY`,`true`,`true`,,,,`https://i.scdn.co/image/ab6761610000e5eb77b2c7225181be71716944b5`,,`spt_1br1qwFrzbNkxvisBvJBbe`,`["EVY"]`
`Trung Lương`,`true`,`true`,,,,,,`spt_0UoTQAalwmabcQ7HXGIpug`,`["Trung Lương"]`
`CM1X`,`true`,`true`,,,,,,`spt_1g6A5jnSHzzODpgGhuLTP1`,`["CM1X"]`
`TINLE`,`true`,`true`,,,,,,`spt_6tfKFH4RPLVvjJaeb5pVfI`,`["TINLE"]`
`Lil' Knight`,`true`,`true`,,,,,,`spt_3QcurCeeIuo6bQq1ynnetR`,`["Lil' Knight"]`
`Mina Young`,`true`,`true`,,,,`https://i.scdn.co/image/ab6761610000e5eb902576aedb6530a393cadead`,,`spt_204u7fdJOUtQk2tMppK8m0`,`["Mina Young"]`
`Kriss Ngo`,`true`,`true`,,,,`https://i.scdn.co/image/ab67616d0000b273ed23d07aced0f99696e71b52`,,`spt_2bZuywG6cBhHAo4s3pdFlO`,`["Kriss Ngo"]`
`Lona`,`true`,`true`,,,,`https://i.scdn.co/image/ab6761610000e5eba5b2661c17d76dbd63500295`,,`spt_3Ik733blVNzyxrZrjgXlOx`,`["Lona"]`
`Hoaprox`,`true`,`true`,,,,`https://i.scdn.co/image/ab6761610000e5ebec3cffd4a47c5f814b69444c`,,`spt_3tuxyjTQrEDsF0pV0WbqyR`,`["Hoaprox"]`
`Sony Tran`,`true`,`true`,,,,`https://i.scdn.co/image/ab6761610000e5eb5dd3343b6a403ef401590861`,,`spt_6w4Cn8sKMa6PYhT91LoTTy`,`["Sony Tran"]`
`Lou Hoàng`,`true`,`true`,,,,,,`spt_0rNwFygBct3fAbqO37yleO`,`["Lou Hoàng"]`
`Mlee`,`true`,`true`,,,,`https://i.scdn.co/image/ab6761610000e5ebcf5b3ba75a68debbf0d6633e`,,`spt_5amt5wnRc8EmPoBouDo0UG`,`["Mlee"]`
`Passed`,`true`,`true`,,,,,,`spt_21y9IGrPANcGeTbvchmjoO`,`["Passed"]`
`Ness`,`true`,`true`,,,,`https://i.scdn.co/image/ab6761610000e5eb5154170d2b46849005e76d05`,,`spt_6r20N9knjoQP5oIgs0wtxe`,`["Ness"]`
`7evenDays`,`true`,`true`,,,,,,`spt_6LUSd5T1GLeVuRzer9PpVp`,`["7evenDays"]`
`Quiez`,`true`,`true`,,,,`https://i.scdn.co/image/ab6761610000e5eb7d1de1da195128550cb77df7`,,`spt_26eo7Qak2hfFBiuK6usnWd`,`["Quiez"]`
`GDucky`,`true`,`true`,,,,`https://i.scdn.co/image/ab6761610000e5eb31e23460f634b62ad79247fa`,,`spt_3T3DOlgOEkr243zdzFCrXW`,`["GDucky"]`
`Khổng Tú Quỳnh`,`true`,`true`,,,,`https://i.scdn.co/image/ab6761610000e5eb21e905c73af36819a25f9ea2`,,`spt_5m8xaSqgiYmwUUzahzgKur`,`["Khổng Tú Quỳnh"]`
`Dj TiLo`,`true`,`true`,,,,`https://i.scdn.co/image/ab6761610000e5eb2e7876860fa40dd92e524d0a`,,`spt_0kpc1QuRnxqMJKvGvvO5f0`,`["Dj TiLo"]`
`Châu Bùi`,`true`,`true`,,,,`https://i.scdn.co/image/ab67616d0000b273a0fce7009d15b3a30d6ecefe`,,`spt_6mKDR6IdsyqRp38x1uigAR`,`["Châu Bùi"]`
`Phúc Bằng`,`true`,`true`,,,,,,`spt_1kBTzdie4KVFa9ueZyd0lH`,`["Phúc Bằng"]`
`Kevin Sôcôla`,`true`,`true`,,,,`https://i.scdn.co/image/ab6761610000e5ebaa1d1f9aeffd90ed1ae34483`,,`spt_3twpsLWV2KQF1C1WgaXzfP`,`["Kevin Sôcôla"]`
`Vanh Leg`,`true`,`true`,,,,,,`spt_3E8N7zeKSRb4IsuJYWcqlC`,`["Vanh Leg"]`
`LASONAS TEAM`,`true`,`true`,,,,`https://i.scdn.co/image/ab67616d0000b273f1c57880096aac4e69ff9d86`,,`spt_3biVA9LcA3TYKc8j74fc8W`,`["LASONAS TEAM"]`
`Nah`,`true`,`true`,,,,`https://i.scdn.co/image/ab67616d0000b2732e873249f4f1e54a402a1c74`,,`spt_7jjAcAWAtaWi4YkG71Io7S`,`["Nah"]`
`Lil Shady`,`true`,`true`,,,,`https://i.scdn.co/image/ab6761610000e5eb930f8d3875ee0c769453d5ec`,,`spt_1Tu9DctzLsjToUKxsOh6Fc`,`["Lil Shady"]`
`TiJak`,`true`,`true`,,,,`https://i.scdn.co/image/ab67616d0000b27301d7109b2b92e3f2545542fd`,,`spt_5HTO94K5dKWMqudgNEzWXH`,`["TiJak"]`
`Hydra`,`true`,`true`,,,,`https://i.scdn.co/image/ab67616d0000b273d7370a48938469a476afece8`,,`spt_2dbr9Dx3bez6aVitvSUzGm`,`["Hydra"]`
`My Linh & My Anh`,`true`,`true`,,,,,,`spt_0doKXf5NyAOTlUAmrR7UxR`,`["My Linh & My Anh"]`
`Shorty Thang`,`true`,`true`,,,,`https://i.scdn.co/image/ab67616d0000b273b806421548a434d0be32e40f`,,`spt_724vfcfvP6MYgoIBxgEXHf`,`["Shorty Thang"]`
`Nhật Hoàng`,`true`,`true`,,,,`https://i.scdn.co/image/ab6761610000e5eb00fa16c2a5e3d09e4878347f`,,`spt_1owVn9TB2AwdiPqkaD29wX`,`["Nhật Hoàng"]`
`Snoop Dee`,`true`,`true`,,,,`https://i.scdn.co/image/ab6761610000e5eb43a076b74874a7d60e235947`,,`spt_4zsLzIgDJCYqT3n4niCluC`,`["Snoop Dee"]`
`Hà Trà Đá`,`true`,`true`,,,,,,`spt_0t9uiS1glFRk3xuUMUjZZQ`,`["Hà Trà Đá"]`
`wAvy`,`true`,`true`,,,,`https://i.scdn.co/image/ab6761610000e5ebd179c57b550b85f8e9c111e9`,,`spt_6NPXdexaPjlEQeEMVCheCs`,`["wAvy"]`
`Lor`,`true`,`true`,,,,`https://i.scdn.co/image/ab6761610000e5eb1467aba53dfc2c8843a34adf`,,`spt_2F7Jz1oc6c64rzPk6tnwV9`,`["Lor"]`
`LIL MIKEY`,`true`,`true`,,,,`https://i.scdn.co/image/ab6761610000e5eb486805a06e84e35d389340e3`,,`spt_1ua6Y6Udmj3Mo335FgtuGk`,`["LIL MIKEY"]`
`Limitlxss`,`true`,`true`,,,,`https://i.scdn.co/image/ab6761610000e5eb46ea52bc6d108991b595fb4e`,,`spt_7CvaEyUJFgQOdgzfqqU5t7`,`["Limitlxss"]`
`MinhLai`,`true`,`true`,,,,`https://i.scdn.co/image/ab6761610000e5ebc8eb2c9ab8affc18fd195576`,,`spt_3L2ohE2NX2W5hAauL16VuQ`,`["MinhLai"]`
`Hong Duong M4U`,`true`,`true`,,,,,,`spt_0rrXl54kNZaY6CKYsKfWbT`,`["Hong Duong M4U"]`
`Quang Hùng Master D`,`true`,`true`,,,,`https://i.scdn.co/image/ab67616d0000b2735315a2be2b235618b9f49bc1`,,`spt_6TmQWGwUnVqkPptZt0apmq`,`["Quang Hùng Master D"]`
`Nomovodka`,`true`,`true`,,,,`https://i.scdn.co/image/ab6761610000e5eb98d7c71b2738579cada10073`,,`spt_79BbybQeUyNyFB8ghq4neb`,`["Nomovodka"]`
`KØDEINE`,`true`,`true`,,,,`https://i.scdn.co/image/ab6761610000e5eb130c3e690e65f428e76f64bf`,,`spt_26kockH5T01I7qLCFY2N24`,`["KØDEINE"]`
`Dustee`,`true`,`true`,,,,`https://i.scdn.co/image/ab6761610000e5eb63d3917ba72a5a3d0b8824e3`,,`spt_2dA65NAgJn4n9VxqVGSvk4`,`["Dustee"]`
`Monotape`,`true`,`true`,,,,`https://i.scdn.co/image/ab6761610000e5ebfdde0c5e5d379e2fcc00c7e7`,,`spt_4fuj26aBpkWjDCo9ybsV5P`,`["Monotape"]`
`Trayden`,`true`,`true`,,,,`https://i.scdn.co/image/ab6761610000e5eb65c18177f531dc316c6b3db6`,,`spt_1czOAQJUp5tSUBVkPZKC2X`,`["Trayden"]`
`Võ Võ Hoài Anh`,`true`,`true`,,,,`https://i.scdn.co/image/ab67616d0000b273ffb6278a9e3247e60e626d05`,,`spt_1INw1in6D0tQ7va0xbtDth`,`["Võ Võ Hoài Anh"]`
`Nimbia`,`true`,`true`,,,,`https://i.scdn.co/image/ab6761610000e5eb1b3e50a9e02f99d95c9233fc`,,`spt_1mmFalFg0MfyklLhv2W7hK`,`["Nimbia"]`
`OLY`,`true`,`true`,,,,`https://i.scdn.co/image/ab67616d0000b273d1cad2b6630624c27342ee42`,,`spt_4jCoHQ5ZPDvAcIwFymHsKz`,`["OLY"]`
`BeepBeepChild`,`true`,`true`,,,,`https://i.scdn.co/image/ab6761610000e5eb6b9a8dd1668932fdbc307628`,,`spt_0cAcRTWMSeuezcHpxInChD`,`["BeepBeepChild"]`
`Get Looze`,`true`,`true`,,,,`https://i.scdn.co/image/ab6761610000e5eb0181c15fd4bc8ba6c3dd230e`,,`spt_06IdTc1zWKRJsZaIyTPPqQ`,`["Get Looze"]`
`Steji`,`true`,`true`,,,,`https://i.scdn.co/image/ab6761610000e5eb49ffbef6a6977ab6f42bffea`,,`spt_5AnW83Ip0xPJ3Pgn0YWDhd`,`["Steji"]`
`Bigdaddy`,`true`,`true`,,,,`https://i.scdn.co/image/ab67616d0000b2739c1f17b663b240aae96357aa`,,`spt_44uJpSNBfqWvCUbEuSbIj1`,`["Bigdaddy"]`
`SlimV`,`true`,`true`,,,,`https://i.scdn.co/image/ab6761610000e5ebc22a603a6c20b3030007fc27`,,`spt_2m8Bk9or6quybzoQbM0zQt`,`["SlimV"]`
`Liên Quân Mobile`,`true`,`true`,,,,`https://i.scdn.co/image/ab67616d0000b273f7b6e41e5412f52297365b89`,,`spt_7KHN9D81AGKzY7bUSL78FA`,`["Liên Quân Mobile"]`
`Giang Phạm`,`true`,`true`,,,,`https://i.scdn.co/image/ab67616d0000b273ede7ec4402331bbdd5139202`,,`spt_7Hz8gY87s6FCsKN6lQ3Ada`,`["Giang Phạm"]`
`Young H`,`true`,`true`,,,,`https://i.scdn.co/image/ab6761610000e5ebbbb23a31089035fc12497419`,,`spt_25GQsAhf1lcyEADSbUVv5d`,`["Young H"]`
`Roy P`,`true`,`true`,,,,`https://i.scdn.co/image/ab67616d0000b27381ee1beec268fa528470a3ec`,,`spt_35cOMHCsCm4SqBHiqtqO2c`,`["Roy P"]`
`K-ICM`,`true`,`true`,,,,`https://i.scdn.co/image/ab6761610000e5eba0b7f88351b85f10cd63a360`,,`spt_6mD6SQbvl9pILx7SAHBzbq`,`["K-ICM"]`
`Bảo Hân Helia`,`true`,`true`,,,,`https://i.scdn.co/image/ab67616d0000b273fc6d10b3d38ad352b44329bd`,,`spt_7iPnUabfXY4vLihtfYOonY`,`["Bảo Hân Helia"]`
`REDT`,`true`,`true`,,,,`https://i.scdn.co/image/ab6761610000e5eb3a653b295584dbb04fa1b47b`,,`spt_5iggzY0xY68wNNWXhiPrZz`,`["REDT"]`
`Ý Tiên`,`true`,`true`,,,,,,`spt_5i4Esojuo3la7x4CpMn6vW`,`["Ý Tiên"]`
`Dj Lê Trình`,`true`,`true`,,,,,,`spt_7jMrNMmI7frOvNeg2KBI5k`,`["Dj Lê Trình"]`
`Marrk Martinez`,`true`,`true`,,,,`https://i.scdn.co/image/ab6761610000e5eb8997cb5821b7f17d5a1e6d20`,,`spt_37Pql5AQ3jHjSCtsCpsKmS`,`["Marrk Martinez"]`
`Rich Choi`,`true`,`true`,,,,`https://i.scdn.co/image/ab6761610000e5eb4d13819fa7717ae3158c00b1`,,`spt_3xIg04BrQzREY9e2mQxzAf`,`["Rich Choi"]`
`Lee7`,`true`,`true`,,,,`https://i.scdn.co/image/ab6761610000e5eb2014faf281616770927e0570`,,`spt_6KkrIwhLq0X7NHpqaLGzJW`,`["Lee7"]`
`Amber Ngo`,`true`,`true`,,,,`https://i.scdn.co/image/ab6761610000e5eb36cafbec9c415af8d246942a`,,`spt_7lVcC4J7qX0Iuvajd0xWpw`,`["Amber Ngo"]`
`Bigga Rankin`,`true`,`true`,,,,`https://i.scdn.co/image/ab6761610000e5eb8136cc56c67baecac4c411e8`,,`spt_7jmkGfoxDEQb7chQ0lMLVg`,`["Bigga Rankin"]`
`Yungeen Ace`,`true`,`true`,,,,`https://i.scdn.co/image/ab6761610000e5eb0e2a8e955def85357872a4d5`,,`spt_7hj7ffJe6UkF1gsMpuweSI`,`["Yungeen Ace"]`
`T Juan`,`true`,`true`,,,,,,`spt_0IB11glAGtWlZ5OrsMXB91`,`["T Juan"]`
`Jr Boss`,`true`,`true`,,,,,,`spt_0LvxmWTWRTxRrxTYK9YvAp`,`["Jr Boss"]`
`Eldorado Red`,`true`,`true`,,,,`https://i.scdn.co/image/ab6761610000e5eb1050b686759ed6748dbf1935`,,`spt_2iHMRqfyow5ug68bezaxCc`,`["Eldorado Red"]`
`Lil Z Poet`,`true`,`true`,,,,,,`spt_5O89UmWWQgFttGWEiIwLSw`,`["Lil Z Poet"]`
`HoodRich Pablo Juan`,`true`,`true`,,,,`https://i.scdn.co/image/d044fdec9a414d841eb890a35c44c15c34eb0adb`,,`spt_1ZLO8d7zll1WeQJUHaxQer`,`["HoodRich Pablo Juan"]`
`Kimmese`,`true`,`true`,,,,,,`spt_2gcRVD3JxVq4w09EZyjm9s`,`["Kimmese"]`
`Andree`,`true`,`true`,,,,`https://i.scdn.co/image/ab67616d0000b2734248df61212b07baf304675c`,,`spt_5waZQnTO9NO67YqO7KogDV`,`["Andree"]`
`Eddy Viet`,`true`,`true`,,,,,,`spt_1KXeAad1h0dr1EoCsQVDDh`,`["Eddy Viet"]`
`P.A`,`true`,`true`,,,,`https://i.scdn.co/image/ab6761610000e5eb396b9854b60d4874636ccea0`,,`spt_1RnUEfXZhOlNhWsYr9XCjh`,`["P.A"]`
`Ha Anh`,`true`,`true`,,,,`https://i.scdn.co/image/ab67616d0000b273b6bb57d2b5bfb71ebf8b1434`,,`spt_1fsmyYzc3GJXIH8ctDS6O1`,`["Ha Anh"]`
`Gizmo`,`true`,`true`,,,,`https://i.scdn.co/image/ab67616d0000b273e3e737d58909f4565953dab2`,,`spt_40PQaCOTSxTxZjE98AVV63`,`["Gizmo"]`
`3 Con Mèo`,`true`,`true`,,,,,,`spt_6ZpGx2dxN7Wjv7DVwjcdDC`,`["3 Con Mèo"]`
`Gxxfy`,`true`,`true`,,,,`https://i.scdn.co/image/ab6761610000e5eb36357b6a277b207c6ca0b00d`,,`spt_1i9boYyWPAZZLSrDcIov6U`,`["Gxxfy"]`
`16 BrT`,`true`,`true`,,,,`https://i.scdn.co/image/ab6761610000e5ebff728e775a0ee4df6727b2e3`,,`spt_4jIoCS5bJr2TQ2SIbSPnwR`,`["16 BrT"]`
`MastaL`,`true`,`true`,,,,`https://i.scdn.co/image/ab67616d0000b2737dc7920d548442094eb89872`,,`spt_6ikqVROLTeo3xATGt1uln8`,`["MastaL"]`
`Nclownz`,`true`,`true`,,,,,,`spt_1VvDsTMb45Lvqhpkdc8LUC`,`["Nclownz"]`
`R.I.C`,`true`,`true`,,,,`https://i.scdn.co/image/ab6761610000e5ebcf0afc4d5efc4cac65e2716b`,,`spt_53eTc0Nlir9E3ezMBekpsU`,`["R.I.C"]`
`Cukak`,`true`,`true`,,,,`https://i.scdn.co/image/ab6761610000e5eb70424768f05f0f34c1a95ecd`,,`spt_3swW6OR2g7qTY3626sqVW4`,`["Cukak"]`
`Turtle Manz`,`true`,`true`,,,,`https://i.scdn.co/image/ab67616d0000b273ef586d35033185b64a93d2e4`,,`spt_6v34HX5nSkS7mLIoOvdCy2`,`["Turtle Manz"]`
`Mad Max`,`true`,`true`,,,,`https://i.scdn.co/image/ab6761610000e5eb88016f1c5afb72eeeb473127`,,`spt_0NCK09tKWmhtng7Jq1Gt7Y`,`["Mad Max"]`
`16 BeanCd`,`true`,`true`,,,,`https://i.scdn.co/image/ab6761610000e5eb7809cd4cb1dd273d6eca2bd8`,,`spt_636c5IxMgigADpuBq9qVo3`,`["16 BeanCd"]`
`$ativa`,`true`,`true`,,,,`https://i.scdn.co/image/ab6761610000e5eb020fc450f3b9973d8d347f48`,,`spt_4MHq627pFLlhqrdQTamHtm`,`["$ativa"]`
`Nus`,`true`,`true`,,,,`https://i.scdn.co/image/ab67616d0000b2731a7b52133b6a6a7b186c6ce1`,,`spt_753VpwPPT4fKZqQbvm4gsg`,`["Nus"]`
`Thái Hoàng`,`true`,`true`,,,,`https://i.scdn.co/image/ab67616d0000b273ba6625a51ab5df888c757be3`,,`spt_5C6c8Z2dUdCAD4cqEJUZpg`,`["Thái Hoàng"]`
`Teddy Chilla`,`true`,`true`,,,,`https://i.scdn.co/image/ab6761610000e5eb49b647ad110ab8a3c6aecfbe`,,`spt_5n0leHbc8UejZOi21LIwwd`,`["Teddy Chilla"]`
`Max Benderz`,`true`,`true`,,,,`https://i.scdn.co/image/ab6761610000e5ebbf21bc6b686ef9fe290df448`,,`spt_0ZDirTwCdmoL4RpbXxiRvj`,`["Max Benderz"]`
`Teddy Doox`,`true`,`true`,,,,`https://i.scdn.co/image/ab6761610000e5ebe2fb9e5672d2cbfa5071951d`,,`spt_5CBq9YmVCCQWjYvckmP0Jb`,`["Teddy Doox"]`
`Bác Sĩ Khoa`,`true`,`true`,,,,`https://i.scdn.co/image/ab67616d0000b2732e947c53ade9ec2a91ea0473`,,`spt_6Imd2zvm36VQ467BLk3Dto`,`["Bác Sĩ Khoa"]`
`DSmall`,`true`,`true`,,,,`https://i.scdn.co/image/ab6761610000e5eb8f02f05981799a96b699b8b5`,,`spt_5CN2xwAabhVITdKuFs4NLe`,`["DSmall"]`
`Jsdrmns`,`true`,`true`,,,,`https://i.scdn.co/image/ab6761610000e5eba058a858870831c2bc070840`,,`spt_5ga5P2bTvSDu4rDRnXI33l`,`["Jsdrmns"]`
`Clean Bandit`,`true`,`true`,,,,`https://i.scdn.co/image/ab6761610000e5eb7a487027eb0c10af725d5410`,,`spt_6MDME20pz9RveH9rEXvrOM`,`["Clean Bandit"]`
`Hyomin`,`true`,`true`,,,,`https://i.scdn.co/image/ab67616d0000b273e12a8c2c52dbb1d781ec0aa6`,,`spt_1K8kkeM8j0BL8sQ4aR7Vh6`,`["Hyomin"]`
`Biên`,`true`,`true`,,,,`https://i.scdn.co/image/ab6761610000e5eb09d66f3ee8bb38a9a9abd010`,,`spt_0nyDEI18MiJfAIDLam8scz`,`["Biên"]`
`NSND Thanh Hoa`,`true`,`true`,,,,`https://i.scdn.co/image/ab67616d0000b2733927f25309c142ec21e99a7a`,,`spt_6jz7YuFH9wdID30tgjPbqn`,`["NSND Thanh Hoa"]`
`DươngK`,`true`,`true`,,,,`https://i.scdn.co/image/ab67616d0000b273fb61f1700e8621fa9333e8e4`,,`spt_5eN5Uj1HO01yk10v7aQsaz`,`["DươngK"]`
`POEM Entertainment`,`true`,`true`,,,,`https://i.scdn.co/image/ab67616d0000b273d824f328bc3bcf166e527dff`,,`spt_1YTQavoBCU85MbMKMZdCek`,`["POEM Entertainment"]`
`VAVH`,`true`,`true`,,,,`https://i.scdn.co/image/ab67616d0000b2736ecb632a571d920a60071e1a`,,`spt_139QX8qM5e2EtgN1h7V1Bk`,`["VAVH"]`
`Bửu Châu`,`true`,`true`,,,,,,`spt_340JXVQblQwx9o747qRUf1`,`["Bửu Châu"]`
`Future`,`true`,`true`,,,,`https://i.scdn.co/image/ab67616d0000b2732cea4b36dc3f17aae13c037f`,,`spt_6nExzwU0hAg39mb8XybcJG`,`["Future"]`
`Tăng Duy Tân`,`true`,`true`,,,,`https://i.scdn.co/image/ab6761610000e5eb95b944a60972bb6261880cd4`,,`spt_1n9JKdEdLxrbgJiqz1WZFJ`,`["Tăng Duy Tân"]`
`NH4T Remix`,`true`,`true`,,,,`https://i.scdn.co/image/ab6761610000e5ebe5fe24f9e8a2f8d24059b7a3`,,`spt_4byRkBoypIvr9uKJEku0zA`,`["NH4T Remix"]`
`NH4T Media Music`,`true`,`true`,,,,`https://i.scdn.co/image/ab6761610000e5eb4b90ccdf45c6f2ed9daea858`,,`spt_2HKcCNSqqFO9k5GPNy1oQ3`,`["NH4T Media Music"]`
`HHD`,`true`,`true`,,,,`https://i.scdn.co/image/ab6761610000e5eb1294d1ebbe2392847407ee1d`,,`spt_7JDILmtyeVUHvo5zZn338y`,`["HHD"]`
`Kvprox`,`true`,`true`,,,,`https://i.scdn.co/image/ab67616d0000b273d345d81d6ca655b5402936e9`,,`spt_1GnrNjVMHcnhHiTFdJNKwl`,`["Kvprox"]`
`MUS`,`true`,`true`,,,,`https://i.scdn.co/image/ab6761610000e5eb726ba90bbb14c6458db22c20`,,`spt_3V8n1qukm5514h9h4cv59g`,`["MUS"]`
`NiteD`,`true`,`true`,,,,`https://i.scdn.co/image/ab6761610000e5eba921a0f90be711121f28e676`,,`spt_7hh4uPlggEAkqTskcUU0di`,`["NiteD"]`
`Thanh Huyy`,`true`,`true`,,,,`https://i.scdn.co/image/ab67616d0000b273de2981c0bc0e7df66fe0dc4e`,,`spt_06WYvcUpN39UAIcPuvjske`,`["Thanh Huyy"]`
`VisconC`,`true`,`true`,,,,,,`spt_0maPymztMGV5iuWd9V5ndN`,`["VisconC"]`
`Zeke`,`true`,`true`,,,,`https://i.scdn.co/image/ab67616d0000b273cb8ee69c3a45f4277871ed5a`,,`spt_0t1djRjn6MaaD1XLHMplR6`,`["Zeke"]`
`Đạt R`,`true`,`true`,,,,`https://i.scdn.co/image/ab67616d0000b273e37e54fd7a44089f079f7b8c`,,`spt_0SweHpKR4fFzZvXwgGEJmL`,`["Đạt R"]`
`Mew Amazing`,`true`,`true`,,,,`https://i.scdn.co/image/ab67616d0000b2737924c45945657ebb79256914`,,`spt_49IBeSOSjeHCO4yiq9BWwy`,`["Mew Amazing"]`
`Tyronee`,`true`,`true`,,,,`https://i.scdn.co/image/ab6761610000e5eb0c301f80e4c08bac5452e875`,,`spt_04xz9bIBYTIqEpmRvQkfvu`,`["Tyronee"]`
`Zeaplee`,`true`,`true`,,,,`https://i.scdn.co/image/ab6761610000e5eb3c8abc40ae26bfc0fc57b259`,,`spt_2Hj1JvsX6vc3XDU6nubG7N`,`["Zeaplee"]`
`Isaac Thai`,`true`,`true`,,,,`https://i.scdn.co/image/ab6761610000e5eb15e4bf50ea04ca5ad8dff5c8`,,`spt_0rKGfjW2fkmE0o7yzhgwNN`,`["Isaac Thai"]`
`Quốc Khanh`,`true`,`true`,,,,`https://i.scdn.co/image/ab67616d0000b2731dbeb751d9563c269fc21d55`,,`spt_2E35lazbBbr1DLhD2mdP8K`,`["Quốc Khanh"]`
`Ban Hát Chạm Live 8`,`true`,`true`,,,,`https://i.scdn.co/image/ab67616d0000b273765922f51688b1c21f8ec352`,,`spt_1pCsUb2CRRq4gLBJLtyiQu`,`["Ban Hát Chạm Live 8"]`
`Sa Anh`,`true`,`true`,,,,`https://i.scdn.co/image/ab67616d0000b2735081595a960497d64ff454de`,,`spt_6MaZctvZfN0WfnO44P2mow`,`["Sa Anh"]`
`Kim Nguyên`,`true`,`true`,,,,`https://i.scdn.co/image/ab67616d0000b2736d4fc2c7f13696383f2bbd44`,,`spt_0giWb1I7MxDo6t6Ayjv23m`,`["Kim Nguyên"]`
`Hiếu Phan`,`true`,`true`,,,,`https://i.scdn.co/image/ab67616d0000b273f81612fc9aeefaa20adb37df`,,`spt_1UV7BDPjw2rgc2X9T2Knkb`,`["Hiếu Phan"]`
`Khánh Linh`,`true`,`true`,,,,`https://i.scdn.co/image/ab67616d0000b2735ee6cf1ad1dd6ebf643dbbc6`,,`spt_6svgWuCwU8y127rJRPTWcI`,`["Khánh Linh"]`
`Ngọc Trinh`,`true`,`true`,,,,`https://i.scdn.co/image/ab67616d0000b2736ec6f2e8a3cde78e9fc295c4`,,`spt_6KUlGsTXyCQHcYDPwBj9mo`,`["Ngọc Trinh"]`
`Thai Trinh`,`true`,`true`,,,,`https://i.scdn.co/image/ab6761610000e5eb29124fca2c88bb02e1f865a1`,,`spt_001OedRF8lGo3og3aHDTy6`,`["Thai Trinh"]`
`Windy`,`true`,`true`,,,,`https://i.scdn.co/image/ab67616d0000b273ed997df4877cc65b1a17c0c6`,,`spt_1AKiaJUdcgLxO6hyTN89NE`,`["Windy"]`
`DTAP`,`true`,`true`,,,,`https://i.scdn.co/image/ab6761610000e5eb64c495717c271408458fa96d`,,`spt_5L9ssI4l4DKU1za4ZwvKvG`,`["DTAP"]`
`Chariot`,`true`,`true`,,,,`https://i.scdn.co/image/ab6761610000e5ebdbf0f2515cbdb3d3bbb88e2d`,,`spt_3DzgPvCdq81HsM0c3soQIT`,`["Chariot"]`
`Duy B`,`true`,`true`,,,,`https://i.scdn.co/image/ab6761610000e5eb465349a2449a4afb06c42e7d`,,`spt_5PMctPa8RxN3yzRVm93SI0`,`["Duy B"]`
`Trix`,`true`,`true`,,,,`https://i.scdn.co/image/ab67616d0000b2735b3a61143df4023f30bc6503`,,`spt_6n5eDbbT3ErAGFipwc9DEg`,`["Trix"]`
`KAIZ`,`true`,`true`,,,,`https://i.scdn.co/image/ab6761610000e5ebd490e801e93dfc7039b3edc4`,,`spt_5Oy8zRNFImMUeoAxjbT7Bj`,`["KAIZ"]`
`CLOUDEE`,`true`,`true`,,,,`https://i.scdn.co/image/ab6761610000e5eba5f4725f48a8baaec030c1ca`,,`spt_17IywSEniBOoJ1pd3ixTw3`,`["CLOUDEE"]`
`KaloG`,`true`,`true`,,,,`https://i.scdn.co/image/ab67616d0000b27344ba5bb13858c95e4d2a42df`,,`spt_5nGLc392lYuxY32EDUhexD`,`["KaloG"]`
`MPaKK (Da LAB)`,`true`,`true`,,,,`https://i.scdn.co/image/ab6761610000e5ebb2e628a05e68afb7846d513a`,,`spt_4t1PFc5QgrOBXizLHbulPO`,`["MPaKK (Da LAB)"]`
`JGKiD (Da LAB)`,`true`,`true`,,,,`https://i.scdn.co/image/ab6761610000e5ebf9a52eb3dc5a80fdd55a067b`,,`spt_3mYnd5Nlmdpg4D9rbAqNUD`,`["JGKiD (Da LAB)"]`
`Vân Lii`,`true`,`true`,,,,`https://i.scdn.co/image/ab67616d0000b2734cd2761619e5930e3fc54943`,,`spt_6BfevJMlmYxglw2hPZ1pCg`,`["Vân Lii"]`
`Last Fire Crew`,`true`,`true`,,,,`https://i.scdn.co/image/ab67616d0000b273ea6f713c880f415a71f500a4`,,`spt_2ZCzjBBBms92lAyVDLIGDp`,`["Last Fire Crew"]`
`Zang`,`true`,`true`,,,,`https://i.scdn.co/image/ab6761610000e5eb1dad9ba707f6b06fc347edd8`,,`spt_5xrDg8oPq8PkkZFk5YK7FB`,`["Zang"]`
`Muộii (Starry Night)`,`true`,`true`,,,,`https://i.scdn.co/image/ab67616d0000b273bcb7095416f99aa7f7e31b23`,,`spt_1Tdy7LZnrufTyuEbgDi1D8`,`["Muộii (Starry Night)"]`
`VINA BẤT DIỆT`,`true`,`true`,,,,`https://i.scdn.co/image/ab67616d0000b2739e0c323d92b0457d46070400`,,`spt_3U8Nx0ha0eSOGoUoAhLG2a`,`["VINA BẤT DIỆT"]`
`Phạm Việt Thắng`,`true`,`true`,,,,`https://i.scdn.co/image/ab6761610000e5ebb6d78144fa475f3c217011d4`,,`spt_5THJGntrRQhRLyAZIyTq2p`,`["Phạm Việt Thắng"]`
`Dat Maniac`,`true`,`true`,,,,,,`spt_3dHDThAuzh6OMmOiT7fl2b`,`["Dat Maniac"]`
`Nguyên Jenda`,`true`,`true`,,,,`https://i.scdn.co/image/ab67616d0000b273b2a8bf3f9f0ff0f66740919b`,,`spt_4UkS0SZZ26mjsPzOOOOzsc`,`["Nguyên Jenda"]`
`Deus Tiến Đạt`,`true`,`true`,,,,`https://i.scdn.co/image/ab6761610000e5ebb47bb7aece5a0f94499de773`,,`spt_2UMBxgeruRK9rpr2kkNze0`,`["Deus Tiến Đạt"]`
`Lizay`,`true`,`true`,,,,`https://i.scdn.co/image/ab67616d0000b273e43221e85376849ab9ae6a72`,,`spt_5zAVhRrxUZW6nCrfYFhiz4`,`["Lizay"]`
`VươngPK`,`true`,`true`,,,,`https://i.scdn.co/image/ab67616d0000b273e43221e85376849ab9ae6a72`,,`spt_7A5qreH4v2HXK8yoe5NrsS`,`["VươngPK"]`
`Ribi Sachi`,`true`,`true`,,,,,,`spt_31F76yXjDSG2jJmFH0vw0y`,`["Ribi Sachi"]`
`MyoMouse`,`true`,`true`,,,,`https://i.scdn.co/image/ab6761610000e5eb3cfcdf45335764a6f46abf32`,,`spt_6YEptnkLZb6lpqi74ftRQK`,`["MyoMouse"]`
`Kaybo`,`true`,`true`,,,,`https://i.scdn.co/image/ab6761610000e5eb1f72eaa0619f0e4b88cfc8d1`,,`spt_4V61KrnsIarR1csX4d5vkX`,`["Kaybo"]`
`Sambi`,`true`,`true`,,,,`https://i.scdn.co/image/ab6761610000e5eb63dc3314e9fad31128b03eab`,,`spt_31XPgU2AGW3PtX56F7SG8K`,`["Sambi"]`
`Evy`,`true`,`true`,,,,`https://i.scdn.co/image/ab67616d0000b273f2d263fd1047ba7878d7662a`,,`spt_3dnA5TwCxKzBAnwbDenXmJ`,`["Evy"]`
`F`,`true`,`true`,,,,`https://i.scdn.co/image/ab67616d0000b2731dbb5e4bf32ee5fa4c6c9907`,,`spt_6fwTAMlG2bbo85U2RlPMs7`,`["F"]`
`1Dee`,`true`,`true`,,,,,,`spt_1ilBbPQ0DdYKzPT0zfMbNF`,`["1Dee"]`
`Hưng Cacao`,`true`,`true`,,,,`https://i.scdn.co/image/ab6761610000e5eb34c1aaf72de169334eed81b9`,,`spt_3KOY56OWknrjoyAO1F6wXG`,`["Hưng Cacao"]`
`Avin Lu`,`true`,`true`,,,,`https://i.scdn.co/image/ab6761610000e5ebdc2c985da79a7d6f58f6cefe`,,`spt_0va0d4S89QpwDbKAAVGZjf`,`["Avin Lu"]`
`Pháo`,`true`,`true`,,,,`https://i.scdn.co/image/ab6761610000e5ebfe01faba1b158583bfc75885`,,`spt_4en2ObzSYlIYbCGknXjgG9`,`["Pháo"]`
`Hải Đăng Doo`,`true`,`true`,,,,`https://i.scdn.co/image/ab6761610000e5ebf737b433d616cc168941237f`,,`spt_0F1rSmrNT6sp3LYohgYKsT`,`["Hải Đăng Doo"]`
`Weeza`,`true`,`true`,,,,`https://i.scdn.co/image/ab6761610000e5eba611a2953cdd4e4239251fe8`,,`spt_3KCwCM9okdx5d2iDbIxQ9l`,`["Weeza"]`
`Mỹ Mỹ`,`true`,`true`,,,,`https://i.scdn.co/image/ab6761610000e5ebae8e9de5f1fdf877f68bed5d`,,`spt_21trGUfOb8qkRjI4EyF1qm`,`["Mỹ Mỹ"]`
`Gonpop`,`true`,`true`,,,,,,`spt_69JJSToOdkx4uTG1tqiZiM`,`["Gonpop"]`
`NHATNGUYEN`,`true`,`true`,,,,`https://i.scdn.co/image/ab67616d0000b27389e74c70d03d156be4f0b442`,,`spt_3pxke5x7WfMfs5IwsSAh0u`,`["NHATNGUYEN"]`
`Captain`,`true`,`true`,,,,`https://i.scdn.co/image/ab67616d0000b27321560357387aae1847bf7d03`,,`spt_7j4N1pCxe72D3v4IKzK4d6`,`["Captain"]`
`LyHan`,`true`,`true`,,,,`https://i.scdn.co/image/ab67616d0000b273b645142a1593149648558648`,,`spt_70swmqj7c3SHkkdf2SrSUy`,`["LyHan"]`
`Janie`,`true`,`true`,,,,`https://i.scdn.co/image/ab67616d0000b273716e8b6865cc63cdcb77ee5b`,,`spt_5IeWit6s4bRebsjmCTIKLy`,`["Janie"]`
`Nhật Nguyễn`,`true`,`true`,,,,`https://i.scdn.co/image/ab67616d0000b27387a71c147a2f8a35dac53cbb`,,`spt_6eUUjjYb09fbBMwsyRFaSt`,`["Nhật Nguyễn"]`
`1989s Entertainment`,`true`,`true`,,,,`https://i.scdn.co/image/ab6761610000e5ebda9824d04125d823e2aee7e6`,,`spt_2W8eKncv7oF0lp7KUVxndY`,`["1989s Entertainment"]`
`traitimtrongvang`,`true`,`true`,,,,,,`spt_1mJGVcicJjUlltZ4okwGhn`,`["traitimtrongvang"]`
`DuongK`,`true`,`true`,,,,`https://i.scdn.co/image/ab67616d0000b273bc8f3d57d20c1eb7bc155867`,,`spt_2qoHk8oER4tuuQAnLZRKhe`,`["DuongK"]`
`Lâm Bảo Ngọc`,`true`,`true`,,,,`https://i.scdn.co/image/ab6761610000e5eb6c3b47777655c69d0f3fb627`,,`spt_3E0b68wCGYihuHBtlasfm9`,`["Lâm Bảo Ngọc"]`
`Nguyen Van Chung`,`true`,`true`,,,,`https://i.scdn.co/image/ab6761610000e5eb358fbc3704431e0fa5517897`,,`spt_1uXHYAZLyOQY5qaM1crBNK`,`["Nguyen Van Chung"]`
`Pha Le`,`true`,`true`,,,,`https://i.scdn.co/image/ab67616d0000b2738e050872803acc7537432168`,,`spt_2zNhk3e6eLagVWKJ9pMHVV`,`["Pha Le"]`
`Ha Thuy Anh`,`true`,`true`,,,,`https://i.scdn.co/image/ab67616d0000b273ba485641a93f04b8d832b0b2`,,`spt_0rE9b0bBqWMsJcctnh5DUu`,`["Ha Thuy Anh"]`
`Đinh Phương Anh`,`true`,`true`,,,,,,`spt_4JRdwGgQOrlJR3EHIH67FY`,`["Đinh Phương Anh"]`
`Khanh Ngoc`,`true`,`true`,,,,`https://i.scdn.co/image/ab67616d0000b27368404dae7e5b6d6b05c59e94`,,`spt_1XOHwRBlFW5EttwRZ80KXo`,`["Khanh Ngoc"]`
`Ưng Đại Vệ`,`true`,`true`,,,,`https://i.scdn.co/image/ab67616d0000b2739545e670f03e066648093d31`,,`spt_3Fo2DRKuOAEf6UAfn9T4Ih`,`["Ưng Đại Vệ"]`
`Tra Ngoc Hang`,`true`,`true`,,,,,,`spt_7jRwXn4T4v1r2TApUKENxx`,`["Tra Ngoc Hang"]`
`Duong Trieu Anh`,`true`,`true`,,,,,,`spt_2fAwQ9EhFlzoprvskGBxJB`,`["Duong Trieu Anh"]`
`Quang Vinh`,`true`,`true`,,,,`https://i.scdn.co/image/ab67616d0000b273342c478f88cad2c153dfd0b9`,,`spt_2MwWpySfQIYOk7oUOJrprH`,`["Quang Vinh"]`
`Thanh Thao`,`true`,`true`,,,,,,`spt_3tho9XqMBQ95vMTXkLfaEi`,`["Thanh Thao"]`
`Xuân Mai`,`true`,`true`,,,,`https://i.scdn.co/image/ab67616d0000b2730d7bb436c089ad01fc6cd33b`,,`spt_4s3KXlyh2nqqY8Wt8Q9Jks`,`["Xuân Mai"]`
`Thanh Ngoc`,`true`,`true`,,,,`https://i.scdn.co/image/ab6761610000e5ebd96da7ff874417684783d757`,,`spt_5ug2q1BzWBfTJzV93QK0R9`,`["Thanh Ngoc"]`
`Big Daddy`,`true`,`true`,,,,`https://i.scdn.co/image/98e5edd57d7a9324f0b98526f22dee9617ea9c46`,,`spt_2UcJVTNX3AAs64CAUgFXKY`,`["Big Daddy"]`
`Tiến Mạnh`,`true`,`true`,,,,,,`spt_79xGO80NNqpsGklNRwWHSs`,`["Tiến Mạnh"]`
`thuy`,`true`,`true`,,,,`https://i.scdn.co/image/ab6761610000e5eb6f704486055ab52d3b3be70d`,,`spt_3R80OE4RViOWbnuvqh0j8a`,`["thuy"]`
`Tinle`,`true`,`true`,,,,,,`spt_7Ihnvr0Bfc0JInHTxdyzEp`,`["Tinle"]`
`MTV Band`,`true`,`true`,,,,`https://i.scdn.co/image/ab6761610000e5eb377dd49f0d7ca77c6745d479`,,`spt_4yPMFGDr3rHwOyyS634Rzd`,`["MTV Band"]`
`Tuấn`,`true`,`true`,,,,`https://i.scdn.co/image/ab6761610000e5eb4581402db5be686ee120fe8b`,,`spt_6RzBlq1ZnQ4k6BQiy90sDo`,`["Tuấn"]`
`Bloo.Owl`,`true`,`true`,,,,`https://i.scdn.co/image/ab67616d0000b2730ae61665a01039406f8100f5`,,`spt_2TUDvadWsFsFmGHAKqKTgi`,`["Bloo.Owl"]`
`Flower`,`true`,`true`,,,,`https://i.scdn.co/image/ab67616d0000b273fa3b4666e5020154af671592`,,`spt_6Nd3xPOWGLUMA1mstTs7oB`,`["Flower"]`
`8 the Theatre`,`true`,`true`,,,,`https://i.scdn.co/image/ab67616d0000b273ee76b6cb095c1bebe511a524`,,`spt_79Cp6qqvArs5BlPRAhEJqQ`,`["8 the Theatre"]`
`Nguyệt Hạ`,`true`,`true`,,,,`https://i.scdn.co/image/ab6761610000e5eb8da28bdf77522c78a171d2de`,,`spt_6WR4ZrRD3qmSTl3TDoe2M8`,`["Nguyệt Hạ"]`
`KEY`,`true`,`true`,,,,,,`spt_73TfbhHFqkV3x97fX5IkpI`,`["KEY"]`
`Minh Thư`,`true`,`true`,,,,`https://i.scdn.co/image/ab67616d0000b273d603a19d3c30bc88c1506669`,,`spt_23674RvYZyn1ds9LTEFHw6`,`["Minh Thư"]`
`Aazuki`,`true`,`true`,,,,,,`spt_2VP8xs6bMCcDxNbVWTU6Xp`,`["Aazuki"]`
`Quờ`,`true`,`true`,,,,`https://i.scdn.co/image/ab6761610000e5eb72aff27db808b1fc63d62410`,,`spt_0SHFKeut4NctFFYAnzDfoq`,`["Quờ"]`
`Huy Le`,`true`,`true`,,,,`https://i.scdn.co/image/ab67616d0000b273d4a0f0f3e49af68019df8190`,,`spt_1mycO08ZL17YRIOIAaU383`,`["Huy Le"]`
`NamKun`,`true`,`true`,,,,`https://i.scdn.co/image/ab6761610000e5ebb8d114cd6041f7d38560349c`,,`spt_4j8ovS4KtDcGGvVq0dd51G`,`["NamKun"]`
`Thai Son`,`true`,`true`,,,,`https://i.scdn.co/image/ab67616d0000b273c88ffaf9d16932157252cef4`,,`spt_4tzz3DYvJguG8xeoB2UItg`,`["Thai Son"]`
`Hacrayon`,`true`,`true`,,,,`https://i.scdn.co/image/ab67616d0000b27399377d7c0af7760a167db352`,,`spt_5lDqGFw7xo0SmLL4VfEFRh`,`["Hacrayon"]`
`Pixel Neko`,`true`,`true`,,,,`https://i.scdn.co/image/ab6761610000e5ebe6f4a322e01dc2161257e7b9`,,`spt_6lKBdKySIpWUb4tA7hYzU7`,`["Pixel Neko"]`
`Cashmel`,`true`,`true`,,,,`https://i.scdn.co/image/ab67616d0000b2738b61fd98f46eda0145b4cff7`,,`spt_3KjC3qk8ZE5JbC4tSj8COh`,`["Cashmel"]`
`Saabirose`,`true`,`true`,,,,`https://i.scdn.co/image/ab6761610000e5eb8be92f79bc256089f37ccd4d`,,`spt_3IMLi0C3EgNuwDiksTxiS5`,`["Saabirose"]`
`DXY`,`true`,`true`,,,,`https://i.scdn.co/image/ab6761610000e5eb59aac833a2081152557304b9`,,`spt_0JkfirEBER65Ny2jL0540c`,`["DXY"]`
`Đỗ Hoài Nam`,`true`,`true`,,,,`https://i.scdn.co/image/ab67616d0000b273a3898e722793bd32110fe472`,,`spt_3CQyP8mMfTKXKGGrO4CtRS`,`["Đỗ Hoài Nam"]`
`Ngắn`,`true`,`true`,,,,`https://i.scdn.co/image/ab6761610000e5eb105cfe9cb5c57c76773d5763`,,`spt_4Xz2dDcMF1DDfwFcr8Xa5P`,`["Ngắn"]`
`ICD`,`true`,`true`,,,,`https://i.scdn.co/image/ab6761610000e5eb6cff7c0241e89dcc2a01a2e6`,,`spt_2nk2PnWoh8U5lR6xDhDGFu`,`["ICD"]`
`Di Di`,`true`,`true`,,,,`https://i.scdn.co/image/ab6761610000e5eb54234564b3827149211440a2`,,`spt_2GFbIax8VZLFzOIUBSMaBg`,`["Di Di"]`
`Việt Puzo`,`true`,`true`,,,,`https://i.scdn.co/image/ab6761610000e5eb1211f70e2945e945d3e1c089`,,`spt_2edj5mgxnF2kSu7OuhJ0H7`,`["Việt Puzo"]`
`OleeAnh`,`true`,`true`,,,,`https://i.scdn.co/image/ab6761610000e5eb0cd200c65faa20ac73749d4b`,,`spt_6HRA4G26X17nwmYZ8UoIsi`,`["OleeAnh"]`
`hooligan.`,`true`,`true`,,,,`https://i.scdn.co/image/ab6761610000e5eb5930e88b7a54b60e14403983`,,`spt_4sDsgLXhS6If9HrV2mwuSx`,`["hooligan."]`
`Bach/YYY`,`true`,`true`,,,,`https://i.scdn.co/image/ab67616d0000b273ffe2dd66669883dc8ad5e42a`,,`spt_1I05tgU2asBtyEtYSxULY9`,`["Bach/YYY"]`
`MooN`,`true`,`true`,,,,`https://i.scdn.co/image/ab6761610000e5eba74bbf0d1fc3d7d5774717d4`,,`spt_1x1hOTP0KbnUVh5GyS4V60`,`["MooN"]`
`thaison!`,`true`,`true`,,,,`https://i.scdn.co/image/ab6761610000e5ebbbf83ec1745a40838269b79f`,,`spt_1VQyG9aks9QYQYzwmP12Fz`,`["thaison!"]`
`Jay'Son`,`true`,`true`,,,,`https://i.scdn.co/image/ab6761610000e5eb48f11bf016883da6a0c5b6b3`,,`spt_24kUY072gyOrvQoHLIIDWH`,`["Jay'Son"]`
`Gia Gia`,`true`,`true`,,,,,,`spt_0rRfgjRejsES6xPGa1N0Ew`,`["Gia Gia"]`
`Ducpham`,`true`,`true`,,,,`https://i.scdn.co/image/ab6761610000e5eb9c617429d322cf2b268c7f89`,,`spt_4Amv6PU05aubFt0RXH4UeC`,`["Ducpham"]`
`Rica`,`true`,`true`,,,,`https://i.scdn.co/image/ab6761610000e5eb620c917db697b50be4a2b393`,,`spt_6cXjH24NwF3n3KjnyQT2uY`,`["Rica"]`
`Rico`,`true`,`true`,,,,,,`spt_6ByAWn4GQU6spOaq4mzkgs`,`["Rico"]`
`Hoang Vu`,`true`,`true`,,,,`https://i.scdn.co/image/ab67616d0000b273c9ac846c95a9707413a5615e`,,`spt_7uX15qcVYBlfYXOl0gUpth`,`["Hoang Vu"]`
`Uyenkulele`,`true`,`true`,,,,,,`spt_0uFmsZn2rpoHDgddEOxoZJ`,`["Uyenkulele"]`
`Astronormous`,`true`,`true`,,,,`https://i.scdn.co/image/ab6761610000e5ebe5d138a11f8f22bb5cbc0332`,,`spt_10DVqLQppj5k4viGgo33Gj`,`["Astronormous"]`
`Trang`,`true`,`true`,,,,`https://i.scdn.co/image/ab67616d0000b273a3d2779f63264db825bd6d44`,,`spt_7CMkw8eDnfvdZRT6VG77l7`,`["Trang"]`
`Tâm Phúc`,`true`,`true`,,,,`https://i.scdn.co/image/ab67616d0000b273be37b152c494f96fd0afa06f`,,`spt_0OLukfVDKFAHm9QsOIj3gU`,`["Tâm Phúc"]`
`Kwzzzy`,`true`,`true`,,,,`https://i.scdn.co/image/ab6761610000e5eb44904adce7f6c2560d8140af`,,`spt_7f3vs7IeQScnYHmehKrAuv`,`["Kwzzzy"]`
`Young Wolf`,`true`,`true`,,,,`https://i.scdn.co/image/ab67616d0000b27337f0730580ae2e5d4c34c775`,,`spt_7sL0LjhqcmiWKZZekPuGYX`,`["Young Wolf"]`
`TaylorRightHere`,`true`,`true`,,,,,,`spt_1PJs9rsxt0jKvixH43L385`,`["TaylorRightHere"]`
`Naomi`,`true`,`true`,,,,`https://i.scdn.co/image/559c0f2fcb4b9b07503f4277c608c83da18f05a6`,,`spt_2axl32yC96VupepkQDz8Ir`,`["Naomi"]`
`Phan Đình Tùng`,`true`,`true`,,,,,,`spt_5jelQslwUJMVkMUZePZBW0`,`["Phan Đình Tùng"]`
`Black Po`,`true`,`true`,,,,`https://i.scdn.co/image/ab6761610000e5eb59b0182f00f4b952f8ac7e18`,,`spt_70isZ8jJb2HHcZHs8QPq9e`,`["Black Po"]`
`Thế Bảo`,`true`,`true`,,,,`https://i.scdn.co/image/ab67616d0000b27362ec35b06c78079eaa5b9a9a`,,`spt_1ElIXQ8RLwPEROPcvqE8md`,`["Thế Bảo"]`
`Liêm Hiếu`,`true`,`true`,,,,`https://i.scdn.co/image/ab67616d0000b273143a6e31fb7fd16fdde547c7`,,`spt_1DsxcBE0S8R9btRREUb43A`,`["Liêm Hiếu"]`
`Loli`,`true`,`true`,,,,`https://i.scdn.co/image/ab67616d0000b273bcf1f98b6e1edc634d5140de`,,`spt_2STiM46mIuADJaq9Rt3odB`,`["Loli"]`
`Khoa Vũ`,`true`,`true`,,,,`https://i.scdn.co/image/ab6761610000e5eb1149515a6354f498500f2e0f`,,`spt_4OqYnPUq6VwNMacIwwbWGw`,`["Khoa Vũ"]`
`Minh Thư`,`true`,`true`,,,,,,`spt_5WnWlFceR1W7hyIQ1Y9stU`,`["Minh Thư"]`
`Mạc Mai Sương`,`true`,`true`,,,,`https://i.scdn.co/image/ab6761610000e5eb80a0e14301f24496433d7e2f`,,`spt_7fMznGrNJs6H2kZbiqDPgE`,`["Mạc Mai Sương"]`
`Cocoon Vietnam`,`true`,`true`,,,,`https://i.scdn.co/image/ab67616d0000b273aae1967f0ff0d9ab007b096e`,,`spt_05J8VMkJWtIEYFGNauZlxR`,`["Cocoon Vietnam"]`
`SENKA`,`true`,`true`,,,,`https://i.scdn.co/image/ab6761610000e5ebbce19d67d33095aae9e5e40e`,,`spt_4U4I6DJ8Tlr9mCHho38pwL`,`["SENKA"]`
`Khuê`,`true`,`true`,,,,,,`spt_15ce8dZVp4RyVWiiBy27AQ`,`["Khuê"]`
`Hoang Ha Tran`,`true`,`true`,,,,,,`spt_7BmfnPctIpdj3f7onr5X8X`,`["Hoang Ha Tran"]`
`marzuz`,`true`,`true`,,,,`https://i.scdn.co/image/ab6761610000e5eb0559efc622ebbe844fa38b81`,,`spt_3y6Lfjkrdn5TgkbgDxbpvM`,`["marzuz"]`
`Cao Thanh Lan`,`true`,`true`,,,,`https://i.scdn.co/image/ab67616d0000b273091b68dc97154835898330b8`,,`spt_6ME1w3ACRcBUuMwSvdrCHZ`,`["Cao Thanh Lan"]`
`VVSIX`,`true`,`true`,,,,,,`spt_2UDzk6UQH1Ee3BTYasV8mv`,`["VVSIX"]`
`Đặng Hoàng Hải`,`true`,`true`,,,,`https://i.scdn.co/image/ab6761610000e5eb5d513394b7dab43fb288ae98`,,`spt_5Ehi2cYiC6sVcYguwDbchP`,`["Đặng Hoàng Hải"]`
`Kenya Boys Choir`,`true`,`true`,,,,,,`spt_6AtuXI7x6tvcoKH1jimnWa`,`["Kenya Boys Choir"]`
`Hoàng Thành Đồng`,`true`,`true`,,,,,,`spt_6jcwMAcOoVPehvDuEHs5Kk`,`["Hoàng Thành Đồng"]`
`Như Khuê`,`true`,`true`,,,,,,`spt_7Cb83tUY1kx3eqOtpCcFtG`,`["Như Khuê"]`
`Hoàng Ngân`,`true`,`true`,,,,`https://i.scdn.co/image/ab67616d0000b273166674a16d4e4278fd29c37c`,,`spt_69oxvfve68usXMUEfOHJc4`,`["Hoàng Ngân"]`
`Frè Bonjan`,`true`,`true`,,,,,,`spt_1fBihKrdehHfnFv8nn8BlS`,`["Frè Bonjan"]`
`Doan Trang`,`true`,`true`,,,,`https://i.scdn.co/image/ab67616d0000b273cd917dad4184b85bfdc72054`,,`spt_0SjJhjgc1D572KAnWda6rl`,`["Doan Trang"]`
`Minh Béo`,`true`,`true`,,,,`https://i.scdn.co/image/ab67616d0000b273a7a5c3196a3f5a8bdb7bb438`,,`spt_1IM5awuKkgeI1KqHb3YS8e`,`["Minh Béo"]`
`Xuân Nghi`,`true`,`true`,,,,`https://i.scdn.co/image/ab6761610000e5eb89485d7fec8781729c4e84b4`,,`spt_09TbfG9329V26zqpb7IQT5`,`["Xuân Nghi"]`
`Khazsak`,`true`,`true`,,,,`https://i.scdn.co/image/ab6761610000e5ebec2967acb80fdfeaf7fc5142`,,`spt_6GzLFjG0DLz5CEiIF65zOd`,`["Khazsak"]`
`Corrupted Moonlight`,`true`,`true`,,,,`https://i.scdn.co/image/ab6761610000e5eb31e86698696d07dfc012798e`,,`spt_72RsK2KWW9jmEaqkjVy5ja`,`["Corrupted Moonlight"]`
`TPOLE`,`true`,`true`,,,,`https://i.scdn.co/image/ab6761610000e5ebe8a02706f23552d790df3d72`,,`spt_35dNRiShlDonyPe5kzl77S`,`["TPOLE"]`
`FPT Edu Experience Space`,`true`,`true`,,,,,,`spt_0oPfDJB8zMRydhodzqYznN`,`["FPT Edu Experience Space"]`
`riin`,`true`,`true`,,,,`https://i.scdn.co/image/ab67616d0000b273e9245010a138706a23aea9fd`,,`spt_1nxoE3Q8cuINjJc1zhDOBQ`,`["riin"]`
`August`,`true`,`true`,,,,`https://i.scdn.co/image/ab6761610000e5eb0d669bd21d48b8b2a1104242`,,`spt_3XRhzorKPzkvbW9A6db8bZ`,`["August"]`
`Bon Ma`,`true`,`true`,,,,`https://i.scdn.co/image/ab6761610000e5ebe37da6617e6aa0094dfb5ab5`,,`spt_7Am0uM7zd9oMI8Qyo5qmZd`,`["Bon Ma"]`
`Danh Zoram`,`true`,`true`,,,,`https://i.scdn.co/image/ab6761610000e5eb475c3aec09bfb724159c3313`,,`spt_5xRXdu46o9iCVUKlHclrZj`,`["Danh Zoram"]`
`Tây Giang`,`true`,`true`,,,,`https://i.scdn.co/image/ab67616d0000b273be93812ef900b1af9bdcdf4d`,,`spt_03xckTFB2M94SboXDuDc2z`,`["Tây Giang"]`
`Gạo`,`true`,`true`,,,,`https://i.scdn.co/image/ab67616d0000b2737365feb4de9fb015a9dc61ab`,,`spt_3pMDF4yNJhmg07Be8jTXq3`,`["Gạo"]`
`Đường Trí Luân`,`true`,`true`,,,,,,`spt_3u00jdTqTKS2OzkVbbA08F`,`["Đường Trí Luân"]`
`Khánh Tiên`,`true`,`true`,,,,,,`spt_66XI3e3rhcir1mUD4QF77y`,`["Khánh Tiên"]`
`Ninh Bảo Văn`,`true`,`true`,,,,`https://i.scdn.co/image/ab67616d0000b2736532b867edb30020949f4954`,,`spt_5wO9vDgciEmIocch98VLLg`,`["Ninh Bảo Văn"]`
`Thế Phong`,`true`,`true`,,,,`https://i.scdn.co/image/ab67616d0000b2732d1befcb2457edd09ac2beb5`,,`spt_6uuXYlyVtqyuKoh8H2hgUp`,`["Thế Phong"]`
`Vân Du`,`true`,`true`,,,,`https://i.scdn.co/image/ab67616d0000b27323eca1aa4224fa86a1822d11`,,`spt_5vLsw9JI11DauolKUpEMa0`,`["Vân Du"]`
`D.U.Y`,`true`,`true`,,,,`https://i.scdn.co/image/ab67616d0000b2738208c6d018d8d8d2a89da14e`,,`spt_76urrfmceoSbMTcOIFq1rG`,`["D.U.Y"]`
`VRT`,`true`,`true`,,,,`https://i.scdn.co/image/ab6761610000e5eb8bf70bb9e61c5262ce35bb32`,,`spt_0ZG3U0kfmAxNJF717Jbz7C`,`["VRT"]`
`Dũng Zest`,`true`,`true`,,,,`https://i.scdn.co/image/ab6761610000e5eb1170356a5a7fc47e2782da0e`,,`spt_4pPFhtz9DSq4DTSxoGdZ9o`,`["Dũng Zest"]`
`Trung Bao`,`true`,`true`,,,,`https://i.scdn.co/image/ab6761610000e5eb8d47101e2735a972047acba9`,,`spt_3dHb0HIWLnzhGywwwinc8F`,`["Trung Bao"]`
`Dex`,`true`,`true`,,,,`https://i.scdn.co/image/ab6761610000e5eb17a77967c71c2867b1640383`,,`spt_2RRnVotzjBbVWZkzankaCO`,`["Dex"]`
`DABOTA`,`true`,`true`,,,,`https://i.scdn.co/image/ab6761610000e5ebdf96814d4e399d56f264a4ef`,,`spt_0Us3j5lDeKmC4KlcpNeaNF`,`["DABOTA"]`
`Juan Phi`,`true`,`true`,,,,,,`spt_0oNTwVS3uisleEzHsxf97K`,`["Juan Phi"]`
`Aki`,`true`,`true`,,,,`https://i.scdn.co/image/ab6761610000e5eb8349488b9768c35673415f07`,,`spt_7MkneAWCJX7dUEpx04bfQ9`,`["Aki"]`
`Juan Phi`,`true`,`true`,,,,`https://i.scdn.co/image/ab67616d0000b2738e8bfcc4e6c3d7745d534a2f`,,`spt_3WPAClKrTMMjkOu9rWcnt1`,`["Juan Phi"]`
`Chuot Sam Set`,`true`,`true`,,,,`https://i.scdn.co/image/ab67616d0000b273b5dbc66352fdb2cc251918cb`,,`spt_481LhUSKA2xqhj8H0oej8n`,`["Chuot Sam Set"]`
`yeuquaimohihi`,`true`,`true`,,,,`https://i.scdn.co/image/ab6761610000e5eb642d4eefa532f0fdf577af11`,,`spt_6TV8X3NMBnXuuJ7sQmDzh4`,`["yeuquaimohihi"]`
`Ket`,`true`,`true`,,,,`https://i.scdn.co/image/ab67616d0000b273ee852aca436b31cabd177c61`,,`spt_7pTgreUTcwBrFCBR7CG3Hg`,`["Ket"]`
`18.18`,`true`,`true`,,,,`https://i.scdn.co/image/ab6761610000e5eb8fc42a9dd71a0a51b128aaee`,,`spt_5wBI5pmi1gccMWe8YcObJo`,`["18.18"]`
`tú tú`,`true`,`true`,,,,`https://i.scdn.co/image/ab6761610000e5eb6ab537ef4cc98f7499a133cb`,,`spt_7a6FvNRlbkR8oBXKIHUGr6`,`["tú tú"]`
`chuotsamset`,`true`,`true`,,,,,,`spt_1l0k1ihebq1R0TdtLikm3z`,`["chuotsamset"]`
`Chi Xê`,`true`,`true`,,,,`https://i.scdn.co/image/ab67616d0000b2732340378ef644bc0cd717b757`,,`spt_3TInd7W6K9AZ6lKYA3dviJ`,`["Chi Xê"]`
`Shinasty`,`true`,`true`,,,,`https://i.scdn.co/image/ab67616d0000b273dd0e62e42c3ab61448a4c8d4`,,`spt_0wsS9dAYTiGGG3AFrQeU7x`,`["Shinasty"]`
`CROW ON HYENAS`,`true`,`true`,,,,`https://i.scdn.co/image/ab6761610000e5eb8534388c58b4d0f8744349c7`,,`spt_1ZCY6tbHfF0X4oXZJKSXCZ`,`["CROW ON HYENAS"]`
`Metanoia`,`true`,`true`,,,,`https://i.scdn.co/image/ab6761610000e5ebf6f6d0224aa246b113f5c359`,,`spt_6A5x4aiq1BB5XKrdkHtqt1`,`["Metanoia"]`
`The Bohemian Basterds`,`true`,`true`,,,,`https://i.scdn.co/image/ab6761610000e5ebd8461d47742bc7aa8249f9ea`,,`spt_2aRYRdd8eiy4kOALa9f63s`,`["The Bohemian Basterds"]`
`Umbrella Man`,`true`,`true`,,,,`https://i.scdn.co/image/ab6761610000e5ebdc12c2cb77044ec46512d5dd`,,`spt_5NXFBvmDpUbENoDGrAVcAQ`,`["Umbrella Man"]`
`Solar Eclipse`,`true`,`true`,,,,`https://i.scdn.co/image/ab67616d0000b273c8539c233f8454ef1806f90e`,,`spt_4f84IAn7pbUsOgPqJT7Lp4`,`["Solar Eclipse"]`
`Poseidose`,`true`,`true`,,,,`https://i.scdn.co/image/ab6761610000e5ebdb0968079baf7e4c8891ec09`,,`spt_4FrPAu85cg1oI2Uk2P6LKF`,`["Poseidose"]`
`BUMBLEBEE`,`true`,`true`,,,,,,`spt_6GJUFUmIgc6lWYb1TH00nN`,`["BUMBLEBEE"]`
`Brainwave`,`true`,`true`,,,,`https://i.scdn.co/image/ab67616d0000b273806ba73fc3a8dcce39404c41`,,`spt_1OTkIK6Wp404yC0pwXnJYF`,`["Brainwave"]`
`Cheffin'`,`true`,`true`,,,,`https://i.scdn.co/image/ab6761610000e5eba7d56bccb4ca9c1b153d5a8b`,,`spt_5lNpg8ZZdRzTDu8Qmzlk5E`,`["Cheffin'"]`
`BOF`,`true`,`true`,,,,`https://i.scdn.co/image/ab6761610000e5ebacab5c03e3d701c359a9c4b8`,,`spt_7C7ErntTfvSOPWX29nkIzV`,`["BOF"]`
`Chú Cá Lơ`,`true`,`true`,,,,`https://i.scdn.co/image/ab6761610000e5ebafc5c239e9743e5a2e1ff116`,,`spt_5mmVIps5KMJ67teGWchWjf`,`["Chú Cá Lơ"]`
`Microwave`,`true`,`true`,,,,`https://i.scdn.co/image/ab6761610000e5eb877746416107d4e154032d53`,,`spt_4W5ucdWYixUi9C1qdY7Djw`,`["Microwave"]`
`Siu Black`,`true`,`true`,,,,`https://i.scdn.co/image/ab67616d0000b273dc798d9b0ad1e640f64df1ee`,,`spt_3PBrDm5UndmRpcJD2jx97l`,`["Siu Black"]`
`Bức Tường`,`true`,`true`,,,,`https://i.scdn.co/image/ab6761610000e5ebf8d2c15a9b3c1a049ec4286c`,,`spt_3LVqjXvcYbwMZc4vt4wKpM`,`["Bức Tường"]`
`Thanh Phuong`,`true`,`true`,,,,,,`spt_2OrkhBJgkW1tBUugyVPQTo`,`["Thanh Phuong"]`
`Ngũ Cung`,`true`,`true`,,,,`https://i.scdn.co/image/ab6761610000e5eb0ca4240fb5f0a9c96d9e75b0`,,`spt_4rM0wJSri0i6AsFDtmv6ld`,`["Ngũ Cung"]`
`WHEE!`,`true`,`true`,,,,`https://i.scdn.co/image/ab6761610000e5ebc8d99d3a33be3ae5642ea726`,,`spt_3Tr8fFMbWxysSzBztIqNPP`,`["WHEE!"]`
`Coastal Connection`,`true`,`true`,,,,`https://i.scdn.co/image/ab6761610000e5eb78195dc7b6de19b75a5c0cc5`,,`spt_2H8CvWr48vwlGvUFI4yw7z`,`["Coastal Connection"]`
`Phách Ca`,`true`,`true`,,,,`https://i.scdn.co/image/ab6761610000e5eb88bf79bf6247b4a712df7bdb`,,`spt_0b4QAUdbLVVu2eq5f9dXR7`,`["Phách Ca"]`
`Bụi Gió`,`true`,`true`,,,,`https://i.scdn.co/image/ab6761610000e5eb1503630616e7e5e2a205cd89`,,`spt_6YFvLrwunZ96IyT3RVBGtN`,`["Bụi Gió"]`
`Ninh Dương Lan Ngọc`,`true`,`true`,,,,`https://i.scdn.co/image/ab67616d0000b2731da1016eea9e67343e97f2ea`,,`spt_1XO2u0sx6W0yNLUYZmPPmq`,`["Ninh Dương Lan Ngọc"]`
`DR. Hoàng Quốc Tưởng`,`true`,`true`,,,,`https://i.scdn.co/image/ab67616d0000b273fa7a73aba6321e2f66c4bf6d`,,`spt_4Tg24pP3cToRxaP8I13FpS`,`["DR. Hoàng Quốc Tưởng"]`
`Dickator`,`true`,`true`,,,,,,`spt_5qhPYGpuwI95rJvewMrph9`,`["Dickator"]`
`Tùng Viu`,`true`,`true`,,,,`https://i.scdn.co/image/ab67616d0000b27319d1a4d87f580c18d55a691b`,,`spt_5f58nQrefaqDnUclq60eT1`,`["Tùng Viu"]`
`2Can`,`true`,`true`,,,,`https://i.scdn.co/image/ab6761610000e5eb6108bd3daafd8aee0afc8790`,,`spt_2RlqbCVLAyXBprZrmnjkDq`,`["2Can"]`
`Phi Nhung`,`true`,`true`,,,,`https://i.scdn.co/image/ab67616d0000b2731544ea82446e407f47768b2e`,,`spt_6MddNz1oXWvuY1ZWrsRqQF`,`["Phi Nhung"]`
`Bùi Dương Thái Hà`,`true`,`true`,,,,`https://i.scdn.co/image/ab67616d0000b27394ea5d92c389210ebf23f4af`,,`spt_0DmCrJIkZpp9ef4c23Msly`,`["Bùi Dương Thái Hà"]`
`Galaxyy`,`true`,`true`,,,,`https://i.scdn.co/image/ab67616d0000b27311d542964f254e1961bd6e05`,,`spt_0ZIJokI7PUnSoUqPumMbTv`,`["Galaxyy"]`
`VoVanDuc`,`true`,`true`,,,,`https://i.scdn.co/image/ab6761610000e5eb79d122b1dc30b6e45684275f`,,`spt_0MMvhtfFn1izZ6EeSSPBQW`,`["VoVanDuc"]`
`Tempo G`,`true`,`true`,,,,`https://i.scdn.co/image/ab6761610000e5eb2c6592371bf2607197308275`,,`spt_2LVQd5JQnKruonFNZeNsHS`,`["Tempo G"]`
`Two`,`true`,`true`,,,,`https://i.scdn.co/image/ab6761610000e5eb7cafabaef64cf0e0b63a6fa0`,,`spt_1S4XSBqS2oRpwTVFrYtMeE`,`["Two"]`
`Magazine`,`true`,`true`,,,,`https://i.scdn.co/image/ab6761610000e5ebca7288bd129f60133f00a010`,,`spt_590fdPpBvFG7T7QNYiG6b5`,`["Magazine"]`
`Sofia`,`true`,`true`,,,,`https://i.scdn.co/image/ab6761610000e5eb92d6bb49c703bcba5beae4ee`,,`spt_0obXkAXG0Ivhjj6TK6QZfd`,`["Sofia"]`
`Du Uyen`,`true`,`true`,,,,`https://i.scdn.co/image/ab67616d0000b2735066a6c4d66945068723dbd2`,,`spt_06r6KHUxerC4dFpnPRwdFi`,`["Du Uyen"]`
`Ngoc Haleyy`,`true`,`true`,,,,`https://i.scdn.co/image/ab67616d0000b273aa1791472efa0debafc30182`,,`spt_4lkjwxpvqu9ej5U1USxS4V`,`["Ngoc Haleyy"]`
`Mas`,`true`,`true`,,,,,,`spt_649mABntAsBaGLNNrVoNG7`,`["Mas"]`
`Flash Atkins`,`true`,`true`,,,,`https://i.scdn.co/image/ab6761610000e5eb666e9f1d4d5b55cb2d5d71ed`,,`spt_370eC6w2bdtHY0XNNPfMJd`,`["Flash Atkins"]`
`Danielle Moore (Crazy P)`,`true`,`true`,,,,,,`spt_5fky3NhOGO3XcWsf6GyALr`,`["Danielle Moore (Crazy P)"]`
`Stop The Car`,`true`,`true`,,,,`https://i.scdn.co/image/ab67616d0000b2738aa5771e250298240c41d1b4`,,`spt_2fGQ1aOBhlNh16U4amA6lh`,`["Stop The Car"]`
`DJ AM`,`true`,`true`,,,,`https://i.scdn.co/image/ab6761610000e5ebb91f4342c547b0685ab9b99e`,,`spt_4SjtkWYIznd2K3PmakLgN0`,`["DJ AM"]`
`Phương Mỹ Chi`,`true`,`true`,,,,`https://i.scdn.co/image/ab6761610000e5eb63b7a2cd3990ab3dd580d3de`,,`spt_1BcjfrXV4Oe3fK0c8dnxFF`,`["Phương Mỹ Chi"]`
`Alex Dương`,`true`,`true`,,,,`https://i.scdn.co/image/ab6761610000e5ebe20d380e67f5e3df946e7019`,,`spt_5psbZA47eQziEQRvpjkqDW`,`["Alex Dương"]`
`Cadillac`,`true`,`true`,,,,,,`spt_4nYRl0uyEIGfhe5uR8aUVc`,`["Cadillac"]`
`Liz Kim Cương`,`true`,`true`,,,,`https://i.scdn.co/image/ab6761610000e5eb6b5eb2a13b519b31b8763b40`,,`spt_6pYrL6H11sEmjp5ZJytWmK`,`["Liz Kim Cương"]`
`Yen Nhi`,`true`,`true`,,,,`https://i.scdn.co/image/ab67616d0000b273092afaa01a85e30751004e3f`,,`spt_1kzfjHJZ3KyTtz8k2ZdoYH`,`["Yen Nhi"]`
`F.`,`true`,`true`,,,,,,`spt_4aciZqBUMQmAR4ZaBywCpf`,`["F."]`
`Mai Thảo`,`true`,`true`,,,,,,`spt_2umtfdTstMXUPgpzDoKokH`,`["Mai Thảo"]`
`Yến Nhi`,`true`,`true`,,,,`https://i.scdn.co/image/ab67616d0000b2734c124772941c44a2eef0064b`,,`spt_2zdwhQ4jqSm8BJf6rpR2Bb`,`["Yến Nhi"]`
`VMA`,`true`,`true`,,,,`https://i.scdn.co/image/ab67616d0000b2734a9cb79793ac2544f22c6569`,,`spt_2NhShRDR2kOeCsu1iWmbHy`,`["VMA"]`
`Trấn Thành`,`true`,`true`,,,,`https://i.scdn.co/image/ab67616d0000b2739c0927229bac6f64edac3c34`,,`spt_1RWwtxXnYninjXOkgunJqb`,`["Trấn Thành"]`
`Lâm Vũ`,`true`,`true`,,,,`https://i.scdn.co/image/ab67616d0000b27387e408ff56f59ebff02c0805`,,`spt_5BwjAjCwHned4iWcbUHnXc`,`["Lâm Vũ"]`
`Lưu Hiền Trinh`,`true`,`true`,,,,`https://i.scdn.co/image/ab6761610000e5ebd6be12466780e9e1e16898df`,,`spt_29hovPFGCgeyNPRMjfVhzP`,`["Lưu Hiền Trinh"]`
`Seven MN Band`,`true`,`true`,,,,,,`spt_0gJXvjaMWTuhoydIq02zUa`,`["Seven MN Band"]`
`Tra My`,`true`,`true`,,,,`https://i.scdn.co/image/ab67616d0000b27386d1ca25a3e86d88a8439339`,,`spt_1LEzXd7eLB1KiBhoDODFsX`,`["Tra My"]`
`Lam Trang`,`true`,`true`,,,,,,`spt_7ih1GK76zb8dZi9QvInNuE`,`["Lam Trang"]`
`ACV`,`true`,`true`,,,,`https://i.scdn.co/image/ab6761610000e5ebcb2573f1b67fb4ad1009af77`,,`spt_6HaRFcGE0OIbGpWbfyPVD0`,`["ACV"]`
`Minh Prod`,`true`,`true`,,,,`https://i.scdn.co/image/ab67616d0000b273247fa7f0aed74baa96043d26`,,`spt_33uXXoKqOktHqZQH7j73Lj`,`["Minh Prod"]`
`Andy`,`true`,`true`,,,,`https://i.scdn.co/image/ab6761610000e5eb1c02fcfa30f06db0b9d84714`,,`spt_6I5D7GelDj9EwRvLmqW3Ct`,`["Andy"]`
`VUX`,`true`,`true`,,,,`https://i.scdn.co/image/ab67616d0000b273f3c9f8cf1f833f2b7dde41b0`,,`spt_0gqkmPRdOJc0GmkwHTR1L0`,`["VUX"]`
`Zenky`,`true`,`true`,,,,`https://i.scdn.co/image/ab67616d0000b273bf404b29f67d38c5a37a27c7`,,`spt_1HGIytOQn1RdSrvBF7W5hb`,`["Zenky"]`
`Liam`,`true`,`true`,,,,`https://i.scdn.co/image/ab67616d0000b273aa8551265ad198bb3ba4bb15`,,`spt_5MqcQM2PemEx5dhAE1lVpv`,`["Liam"]`
`DJ Trang Moon`,`true`,`true`,,,,`https://i.scdn.co/image/ab67616d0000b27325cc63cbd83a4e6a8291d97e`,,`spt_1EnqE63biVUgNpKChrH0SN`,`["DJ Trang Moon"]`
`Ciray`,`true`,`true`,,,,`https://i.scdn.co/image/ab67616d0000b27363b16039d719bdeedc282158`,,`spt_0KNoBzCmaTrB9LsdAATxtn`,`["Ciray"]`
`Huỳnh Thanh Bình`,`true`,`true`,,,,,,`spt_3cllIHis9we6lup5Rb3SjT`,`["Huỳnh Thanh Bình"]`
`Ông Cao Thắng`,`true`,`true`,,,,`https://i.scdn.co/image/ab67616d0000b273b2b52c9a8e481ab250132b65`,,`spt_7E4u2CbTv2fxJ1icOJoABa`,`["Ông Cao Thắng"]`
`Bé Như Ngọc`,`true`,`true`,,,,`https://i.scdn.co/image/ab67616d0000b273ccd99797bc4073c1ee2d26cc`,,`spt_4gZvYNRPSIulRe64Tc9tvf`,`["Bé Như Ngọc"]`
`Dương Hoàng Yến`,`true`,`true`,,,,`https://i.scdn.co/image/ab6761610000e5eb106ada44e9f45400ce0a1d6b`,,`spt_3bbdXNYZbTMzxskrE4wIFQ`,`["Dương Hoàng Yến"]`
`Nguyễn Hồng Thuận`,`true`,`true`,,,,`https://i.scdn.co/image/ab6761610000e5ebbcbc5eae58238cd78b8ce08f`,,`spt_7xBuIrKTMHxIB1zpfLyo8B`,`["Nguyễn Hồng Thuận"]`
`Keon`,`true`,`true`,,,,`https://i.scdn.co/image/ab6761610000e5eb25f4f6d877e0ec54992e5500`,,`spt_51jZjAVqFFzOlHQETGpzhT`,`["Keon"]`
`Giang Hong Ngoc`,`true`,`true`,,,,`https://i.scdn.co/image/ab6761610000e5ebf6c2eee4fc084b1c6d4ff19e`,,`spt_1vuXGfUQ15YoFnM2V49rF5`,`["Giang Hong Ngoc"]`
`Mr.T`,`true`,`true`,,,,,,`spt_17DI4gV5ZJ4MIWXcOSDo4E`,`["Mr.T"]`
`Đạt TMT`,`true`,`true`,,,,,,`spt_4vdhXUg8uk4e33nrZTtPVt`,`["Đạt TMT"]`
`Uyên Trang`,`true`,`true`,,,,`https://i.scdn.co/image/ab67616d0000b273ced8b045409dc19b66de07b9`,,`spt_5ZTYPfGq5HTtBjsnyqJa3I`,`["Uyên Trang"]`
`Chí Thiện`,`true`,`true`,,,,`https://i.scdn.co/image/ab67616d0000b273957b2fca9c267b60ac24a723`,,`spt_0Ztr3lFFcu5SkGOpiVr8e2`,`["Chí Thiện"]`
`Kỳ Duyên`,`true`,`true`,,,,,,`spt_6o6067Q84mlpTu5Dk3t7Sa`,`["Kỳ Duyên"]`
`Gia Bảo`,`true`,`true`,,,,,,`spt_0fuHJHDOkVZcVdnG3wIsuh`,`["Gia Bảo"]`
`Bảo An`,`true`,`true`,,,,`https://i.scdn.co/image/ab67616d0000b273e8585dba241900b7d05685b0`,,`spt_5v0cTt86WLRFjXwZiz5aw5`,`["Bảo An"]`
`Phuong Trinh Jolie`,`true`,`true`,,,,`https://i.scdn.co/image/ab67616d0000b273e828864f3654257cf74aa69e`,,`spt_6T3DLfdxgfH7jVFcvyln4K`,`["Phuong Trinh Jolie"]`
`Trương Kiều Diễm`,`true`,`true`,,,,,,`spt_60hPG9hfpwPcb5xTI47eIc`,`["Trương Kiều Diễm"]`
`Cao Mỹ Kim`,`true`,`true`,,,,`https://i.scdn.co/image/ab67616d0000b2739d4ec5736e571681e7f8eaa0`,,`spt_3tOuxcivapwjf88TPCdRFs`,`["Cao Mỹ Kim"]`
`Bang Di`,`true`,`true`,,,,`https://i.scdn.co/image/ab67616d0000b273c1f5ac3ab5c8f2f07e9a8ad6`,,`spt_68liNhhMSjX4rjhcDxdrWw`,`["Bang Di"]`
`Hoàng Kỳ Nam`,`true`,`true`,,,,`https://i.scdn.co/image/ab67616d0000b2732c654a29b51e6263d5e86c27`,,`spt_0f4BlfC2FFK88pJuFPIBkL`,`["Hoàng Kỳ Nam"]`
`Nguyễn Duy`,`true`,`true`,,,,`https://i.scdn.co/image/ab6761610000e5ebc16c081f3d112042bd95ba32`,,`spt_03jqasibxpA2y4REQDSxy5`,`["Nguyễn Duy"]`
`Nguyễn Phi Hùng`,`true`,`true`,,,,`https://i.scdn.co/image/ab6761610000e5eb4e35b7036b184fa4c1fa4afb`,,`spt_4jalOWaM2UhKpM2h71TsRP`,`["Nguyễn Phi Hùng"]`
`Vy Oanh`,`true`,`true`,,,,`https://i.scdn.co/image/ab67616d0000b2731ca05882448eb0948b24cdd4`,,`spt_4qnRWrsA4QoiuNSxwoJYwq`,`["Vy Oanh"]`
`Thanh Nguyệt`,`true`,`true`,,,,,,`spt_3goL3PS4sBD1cWRn9UpSQA`,`["Thanh Nguyệt"]`
`Nhật Minh`,`true`,`true`,,,,,,`spt_0fhQwou1xsi8a7fbGNYToq`,`["Nhật Minh"]`
`Thanh Ngân`,`true`,`true`,,,,`https://i.scdn.co/image/ab67616d0000b2737cfcca7326359d09db519994`,,`spt_6p2rk0bZVJQl0EtC3FO7QZ`,`["Thanh Ngân"]`
`Nguyên Vũ`,`true`,`true`,,,,`https://i.scdn.co/image/ab67616d0000b273f1cc1053ad382616e7c794dc`,,`spt_2T8CUdrA64je3QHfcB0uYJ`,`["Nguyên Vũ"]`
`Trà My Idol`,`true`,`true`,,,,,,`spt_17NBKc6hvO5JPyK7BU1T1Z`,`["Trà My Idol"]`
`Hoàng Oanh`,`true`,`true`,,,,`https://i.scdn.co/image/ab67616d0000b273348bae3f6d2de4fa80ce4ae7`,,`spt_0Ovntl2a1sAuPd40EU4Lbl`,`["Hoàng Oanh"]`
`Minh Trung`,`true`,`true`,,,,`https://i.scdn.co/image/ab67616d0000b273074614434200f153bb9675a3`,,`spt_45leZXnEzWPL6Pu01sw9vc`,`["Minh Trung"]`
`Dương Mạc Anh Quân`,`true`,`true`,,,,,,`spt_3ewexomjXZSBHRYxxWwwH3`,`["Dương Mạc Anh Quân"]`
`Trần Trung`,`true`,`true`,,,,,,`spt_0kGIX6CTXWZiSdcUPIKdqN`,`["Trần Trung"]`
`Jay Quân`,`true`,`true`,,,,`https://i.scdn.co/image/ab6761610000e5eb8067a7420d87b481de92fcc2`,,`spt_1lzhSDzuAuMbWNt8lfX623`,`["Jay Quân"]`
`TRUE JUSTICE`,`true`,`true`,,,,,,`spt_5ViXyUACPgFeOWnhAEbQ4A`,`["TRUE JUSTICE"]`
`Võ Hạ Trâm`,`true`,`true`,,,,`https://i.scdn.co/image/ab6761610000e5eb76c551a0b9f8605558890894`,,`spt_7wqCcGabyuT6f1ZkRxI4ga`,`["Võ Hạ Trâm"]`
`Jang Mi`,`true`,`true`,,,,`https://i.scdn.co/image/ab6761610000e5eb5f863c0e81b9eacb7ca985fb`,,`spt_0gNlSfGp7s6Wg0H2cJIzno`,`["Jang Mi"]`
`Hoa Vinh`,`true`,`true`,,,,`https://i.scdn.co/image/ab6761610000e5eb0c501a530b4040c7bf00b1b4`,,`spt_516yIO7zjKJCIkRktGVUw5`,`["Hoa Vinh"]`
`Thanh Duy`,`true`,`true`,,,,`https://i.scdn.co/image/ab6761610000e5ebceb2df71ea0d715c002fb3e1`,,`spt_4sGeCkzfqINvHaWFfeoQJp`,`["Thanh Duy"]`
`Hamlet Trương`,`true`,`true`,,,,`https://i.scdn.co/image/ab6761610000e5eb584823b96e37c5fb5d6b45a6`,,`spt_3pPDTtBCrtELyG9u4PVdYC`,`["Hamlet Trương"]`
`Gin Tuan Kiet`,`true`,`true`,,,,`https://i.scdn.co/image/ab67616d0000b273ada14258f90c0a79ad8c9459`,,`spt_5Fjp36JpIQLDBTFeSnkUFG`,`["Gin Tuan Kiet"]`
`Monstar`,`true`,`true`,,,,`https://i.scdn.co/image/ab6761610000e5eb0eaa0dc1e4c511e18e11ce81`,,`spt_6KQ39q1nt7lNSZpTNTjb9D`,`["Monstar"]`
`Dương Trường Giang`,`true`,`true`,,,,`https://i.scdn.co/image/ab67616d0000b2735ec52d9e0ec5f31809a69517`,,`spt_5b87qlbNjf9Q9Inq1FyvXN`,`["Dương Trường Giang"]`
`Dương Trần Nghĩa`,`true`,`true`,,,,`https://i.scdn.co/image/ab67616d0000b273a09be8914fa6f0b796ddd931`,,`spt_1S4crwJi99Z5Yj8q5RyR48`,`["Dương Trần Nghĩa"]`
`Hoàng Khánh Linh`,`true`,`true`,,,,`https://i.scdn.co/image/ab67616d0000b273ef67cbdd39854c384fd3c075`,,`spt_5lS8I7jBwj7Xd6GTzfy538`,`["Hoàng Khánh Linh"]`
`Oplus`,`true`,`true`,,,,`https://i.scdn.co/image/ab6761610000e5eb80b2598ef46a3847d85c113e`,,`spt_2JQQDzeOEkRz7ld1pekbw0`,`["Oplus"]`
`Trần Thu Hường`,`true`,`true`,,,,`https://i.scdn.co/image/ab67616d0000b273ed5b49c1d5b7f86feefcb3ec`,,`spt_2D8qmGvgHKeja8zwQiqARB`,`["Trần Thu Hường"]`
`DJ Trieu Lador`,`true`,`true`,,,,,,`spt_1BOVqsUvUcTBA1ceeJ6LvD`,`["DJ Trieu Lador"]`
`Quốc Đại`,`true`,`true`,,,,`https://i.scdn.co/image/ab67616d0000b273f112e301526a8e172605c264`,,`spt_2nfy0nJ70ftD2p3WeEVrw9`,`["Quốc Đại"]`
`Kiều Loan`,`true`,`true`,,,,,,`spt_1NMybYBIIrCWwod8i3FdZ4`,`["Kiều Loan"]`
`Triệu Minh`,`true`,`true`,,,,`https://i.scdn.co/image/ab67616d0000b273b008dd3a3f2efd18b2938df1`,,`spt_6mHtgmr0hTEgMy0lzqfwhp`,`["Triệu Minh"]`
`Giáng Tiên`,`true`,`true`,,,,`https://i.scdn.co/image/ab67616d0000b2733c03651ff2ddcc769bfe5934`,,`spt_1CtKyh1nnweRiMM2OCWzPj`,`["Giáng Tiên"]`
`Tim`,`true`,`true`,,,,`https://i.scdn.co/image/ab67616d0000b27374e1c5eb3fbd01d9a66a5c7f`,,`spt_3QAT7THeYbly6Bvkd60M5o`,`["Tim"]`
`Đăng Khôi`,`true`,`true`,,,,`https://i.scdn.co/image/ab67616d0000b2737e5f39280368f8441f3759bf`,,`spt_38t6Vs6rCEF4cnICHAGKYL`,`["Đăng Khôi"]`
`Tăng Nhật Tuệ`,`true`,`true`,,,,`https://i.scdn.co/image/ab67616d0000b273c8abcf22ae968d7b80212d9f`,,`spt_5oHVQyBid6mE9cZ1v9xhWA`,`["Tăng Nhật Tuệ"]`
`Hằng BingBoong`,`true`,`true`,,,,`https://i.scdn.co/image/ab6761610000e5ebe7afbb7304832ec878184cae`,,`spt_5ZkrehkR7dFjN0S1JPFqir`,`["Hằng BingBoong"]`
`Vũ Đặng Quốc Việt`,`true`,`true`,,,,`https://i.scdn.co/image/ab6761610000e5eb195fca8c0baf45fa4d98bc57`,,`spt_7L9mDr84hAjDhXPvPPctXN`,`["Vũ Đặng Quốc Việt"]`
`Việt Anh Avatar`,`true`,`true`,,,,`https://i.scdn.co/image/ab67616d0000b2732d85409d0d590d594b76c367`,,`spt_3DLDKvzaZn1adYcQdI9seN`,`["Việt Anh Avatar"]`
`Avatar`,`true`,`true`,,,,`https://i.scdn.co/image/ab67616d0000b2732d85409d0d590d594b76c367`,,`spt_0sVeOyhIj2KxFWWMNnkyNn`,`["Avatar"]`
`ChilledLab`,`true`,`true`,,,,`https://i.scdn.co/image/ab6761610000e5ebaa3c933a368d676b3f4f28ef`,,`spt_7jsqWszK8HCxUfS4NlzjZS`,`["ChilledLab"]`
`Sara Luu`,`true`,`true`,,,,`https://i.scdn.co/image/ab67616d0000b273dba6a75ce9c75fcb2a23255a`,,`spt_5Rn70oHqiRAFBRUEtBIWd2`,`["Sara Luu"]`
`Sara Lưu`,`true`,`true`,,,,`https://i.scdn.co/image/ab67616d0000b27399d237b1d789cdeea7c860c0`,,`spt_7AqIud2VGDqrSfcFX54irO`,`["Sara Lưu"]`
`Will`,`true`,`true`,,,,`https://i.scdn.co/image/ab6761610000e5eb0637a263fffc21645cbe6127`,,`spt_3HMWKU43x9GxkGWVP1KjQT`,`["Will"]`
`Không Gian Cảm Xúc`,`true`,`true`,,,,`https://i.scdn.co/image/ab67616d0000b27328641459ba3d585c8ac5ba8d`,,`spt_337jGAhZm8nqw6BhdtnhsA`,`["Không Gian Cảm Xúc"]`
`Tuấn Ngọc`,`true`,`true`,,,,`https://i.scdn.co/image/ab67616d0000b273883ec91e16b0b233857d3622`,,`spt_7iGWE6DvwRabk2DIgbTJ1n`,`["Tuấn Ngọc"]`
`Nguyễn Trần Trung Quân`,`true`,`true`,,,,`https://i.scdn.co/image/ab6761610000e5ebcaeb28ab126dad67379d3414`,,`spt_0wohJm7vhpfcxS7IiUt0XQ`,`["Nguyễn Trần Trung Quân"]`
`Dương Edward`,`true`,`true`,,,,`https://i.scdn.co/image/ab67616d0000b2739b03f26221208cb1f4a9f1c8`,,`spt_44R2JURYkScvyCkzRppala`,`["Dương Edward"]`
`Huyền Tranng`,`true`,`true`,,,,`https://i.scdn.co/image/ab67616d0000b27386bf53ba4a142b06eace6469`,,`spt_70VcRkAEFmkqvGjPegY2LU`,`["Huyền Tranng"]`
`Vũ Duy Khánh`,`true`,`true`,,,,`https://i.scdn.co/image/ab6761610000e5ebd611aefaecd78a42a34cbb46`,,`spt_7MsHVZKh1TeKgGqm65kZnY`,`["Vũ Duy Khánh"]`
`BOM`,`true`,`true`,,,,,,`spt_0dwn9uvFFVCyR97qu1RYsy`,`["BOM"]`
`Thương Võ`,`true`,`true`,,,,`https://i.scdn.co/image/ab67616d0000b2732cdf92f5b120541250b1ccc5`,,`spt_53GiBeVA3f0NoX5ZR3FCZH`,`["Thương Võ"]`
`Lysa Đoàn`,`true`,`true`,,,,`https://i.scdn.co/image/ab67616d0000b2736f6ce0b68503eb936064a264`,,`spt_3yogrKzKYsKjWhL25xLvFG`,`["Lysa Đoàn"]`
`Thủy Lê`,`true`,`true`,,,,`https://i.scdn.co/image/ab67616d0000b27331bf45049c4b5ce6cdc11a7e`,,`spt_5cvbppFBqxmpE9ggnbDw7w`,`["Thủy Lê"]`
`Thanh Dũng`,`true`,`true`,,,,,,`spt_0aZU1dYnMKhQHnJD5cgL09`,`["Thanh Dũng"]`
`Tuấn Phương`,`true`,`true`,,,,`https://i.scdn.co/image/ab67616d0000b273422fda523a41fdacc62e1286`,,`spt_3DroAjHn3qRWRl5IDg6mwt`,`["Tuấn Phương"]`
`Luu Ngoc Duyen`,`true`,`true`,,,,,,`spt_27oqhVNAKmu2dJFr2r57Hx`,`["Luu Ngoc Duyen"]`
`Hồng Ngọc`,`true`,`true`,,,,`https://i.scdn.co/image/ab67616d0000b27397c56796de6c3ab0f72ec3d0`,,`spt_0gbeh1a6jor3A3vyJFVJxm`,`["Hồng Ngọc"]`
`MTV`,`true`,`true`,,,,`https://i.scdn.co/image/ab67616d0000b27334dbc5b369d6743f2f0c78ca`,,`spt_131qJj6DYAKUe8ueoC91Ly`,`["MTV"]`
`Khang Viet`,`true`,`true`,,,,`https://i.scdn.co/image/ab67616d0000b27382c1b093cec845e41f822343`,,`spt_26M9jrskgx7RHFydfAiyq5`,`["Khang Viet"]`
`Tốp nữ QK7`,`true`,`true`,,,,,,`spt_57fsFuebgtE1lBTW5UthRk`,`["Tốp nữ QK7"]`
`Quang Man`,`true`,`true`,,,,`https://i.scdn.co/image/ab67616d0000b27371b99de1a271c9763c3754ef`,,`spt_0nvTwUax6oVlhIAdEFDrO0`,`["Quang Man"]`
`Nguyen Hoang Duy`,`true`,`true`,,,,`https://i.scdn.co/image/ab67616d0000b2730d6dacb5ccd1b6b4987b422f`,,`spt_6mJUAYGd9HsUhLUR0vHGda`,`["Nguyen Hoang Duy"]`
`Tien Minh`,`true`,`true`,,,,,,`spt_2DgDrcGbcvhQRn9yXMI5J8`,`["Tien Minh"]`
`Duy Khoa`,`true`,`true`,,,,`https://i.scdn.co/image/ab67616d0000b2735dcbe35e74bc7c7782f997c1`,,`spt_2mDKQhFjgeCxDOMujt0rdk`,`["Duy Khoa"]`
`Thanh Duc Trung`,`true`,`true`,,,,,,`spt_7mZbfjlyb2TX86Nem1qPuz`,`["Thanh Duc Trung"]`
`Mai Tron`,`true`,`true`,,,,,,`spt_7o1vfj04GyJbW7C7GYewSe`,`["Mai Tron"]`
`kpnn`,`true`,`true`,,,,`https://i.scdn.co/image/ab67616d0000b2735afe15f4b8975231047cf6d9`,,`spt_7JHPSJCTNP7Jo6osgbpeXb`,`["kpnn"]`
`Đặng Tuấn Phương`,`true`,`true`,,,,`https://i.scdn.co/image/ab67616d0000b273830f651ac7e2d3e3a3e7d2e9`,,`spt_6EBtxlmnmrx6POlG8U9QY8`,`["Đặng Tuấn Phương"]`
`Andy`,`true`,`true`,,,,`https://i.scdn.co/image/ab67616d0000b273f0e4b5d38c68fd1768e02463`,,`spt_6vxWDAqwwnTrYCGa94Z7L3`,`["Andy"]`
`Bibo`,`true`,`true`,,,,`https://i.scdn.co/image/ab67616d0000b2731d232a7cd85c1707bb7642ad`,,`spt_5M07t6cF03uc8nmPd8YF3E`,`["Bibo"]`
`Mike.N`,`true`,`true`,,,,,,`spt_57weMGlnGjzki6qNpSfqTd`,`["Mike.N"]`
`Ngọc Anh Thư`,`true`,`true`,,,,,,`spt_3annLlLpV6u4iX0OGUakgt`,`["Ngọc Anh Thư"]`
`Andy`,`true`,`true`,,,,`https://i.scdn.co/image/ab67616d0000b2736763f378b06c9778e0998693`,,`spt_5hpXZiCGOYaqz5pDADTCwR`,`["Andy"]`
`Zuka`,`true`,`true`,,,,`https://i.scdn.co/image/ab67616d0000b273fca2432a919178651c869541`,,`spt_42nKrCInwMWFP9M4qQ1Gcj`,`["Zuka"]`
`Ngọc Mai`,`true`,`true`,,,,`https://i.scdn.co/image/ab6761610000e5eb53b53b2c9df56af6b9e1f0f4`,,`spt_7yRDcF8kWO70GsJC71wmJv`,`["Ngọc Mai"]`
`Đức Trí`,`true`,`true`,,,,`https://i.scdn.co/image/ab67616d0000b2730b3a1b1311ed517817ab6182`,,`spt_2yCVSkl2nVzO0Bb5pQVhxB`,`["Đức Trí"]`
`Trần Hiếu`,`true`,`true`,,,,`https://i.scdn.co/image/ab67616d0000b2734f4e75132fd5e5cc4b87c5d5`,,`spt_48u6LZnMmVt3RdTEOaGZcL`,`["Trần Hiếu"]`
`V.Music`,`true`,`true`,,,,`https://i.scdn.co/image/ab67616d0000b27365bebd23e965a8157fbaf9c7`,,`spt_0TDuXIrLHXPYbWPXbD0LRZ`,`["V.Music"]`
`Trung Ngon`,`true`,`true`,,,,`https://i.scdn.co/image/ab67616d0000b273dc3ceb5a2903593a4f871528`,,`spt_04MnOKOdhBexWQZC0kvCva`,`["Trung Ngon"]`
`Mew Amazing`,`true`,`true`,,,,`https://i.scdn.co/image/ab6761610000e5eb12cab15d334adfb33f7eba31`,,`spt_34nom4Ft3keMWBZPAUB3EI`,`["Mew Amazing"]`
`Twilight Meadow`,`true`,`true`,,,,,,`spt_5OMcNUaIrRbNDho6UmntYX`,`["Twilight Meadow"]`
`Trong Hieu`,`true`,`true`,,,,`https://i.scdn.co/image/ab6761610000e5eb59ae5080f3af45dab513f344`,,`spt_7571XEqHqL61NDiLtWXhS5`,`["Trong Hieu"]`
`Xuân Phú`,`true`,`true`,,,,`https://i.scdn.co/image/ab67616d0000b273573ce8022f07bc5b0801f3ac`,,`spt_0ikTu85gQdXHbyBhqPnn3Z`,`["Xuân Phú"]`
`Mai Khôi`,`true`,`true`,,,,`https://i.scdn.co/image/ab67616d0000b2730285afdad19c3f27ee5f481b`,,`spt_30KUQb3fPxphNacdIEDS8C`,`["Mai Khôi"]`
`Hoàng Hải Đăng`,`true`,`true`,,,,`https://i.scdn.co/image/ab67616d0000b2733110a2976d7be067ab872539`,,`spt_08kp8nq19eJEU7qHQ59I8c`,`["Hoàng Hải Đăng"]`
`Hòa T. Trần`,`true`,`true`,,,,`https://i.scdn.co/image/ab67616d0000b273a88f37b470e0d8413cb86842`,,`spt_2C7gVRsvjuQbX9S5VtnVj9`,`["Hòa T. Trần"]`
`Như Ý`,`true`,`true`,,,,`https://i.scdn.co/image/ab67616d0000b2737294eb5cc21faccbd168f885`,,`spt_10MEOxTLCmEMQKOLkrVSjU`,`["Như Ý"]`
`Người cũ`,`true`,`true`,,,,,,`spt_17tMDCxssUUhEVWExf8y8N`,`["Người cũ"]`
`Shayda`,`true`,`true`,,,,`https://i.scdn.co/image/ab6761610000e5eb60b75b06268b6df59e760336`,,`spt_4WF9GdetrQiLeWDWAISRGa`,`["Shayda"]`
`Nicky`,`true`,`true`,,,,`https://i.scdn.co/image/ab67616d0000b2738693a231c82495a7c179401b`,,`spt_4XrcO83uddI0oFlir2vGPA`,`["Nicky"]`
`OD`,`true`,`true`,,,,`https://i.scdn.co/image/ab67616d0000b2734c2ef6c261fcb23a329693b7`,,`spt_5twPupXYEk0dSpz26Y74rV`,`["OD"]`
`Daggy Nguyen`,`true`,`true`,,,,`https://i.scdn.co/image/ab67616d0000b273cb4b84b3b6f8b8a188517ebd`,,`spt_1Sspz56SrRJNc2fNduz26u`,`["Daggy Nguyen"]`
`Nâu`,`true`,`true`,,,,`https://i.scdn.co/image/ab67616d0000b2733684ad33f152940dee305a22`,,`spt_5zifyPCJIZxUBhVq7AydsT`,`["Nâu"]`
`titie`,`true`,`true`,,,,`https://i.scdn.co/image/ab67616d0000b273b9e69cfcff062c7adc732c2a`,,`spt_2I8garg5B5BsdmetbsXsjG`,`["titie"]`
`W/N`,`true`,`true`,,,,,,`spt_0i5GN6wBXflmpQbBv41LKI`,`["W/N"]`
`Nâu`,`true`,`true`,,,,,,`spt_6jylXKn0jyMQstE3qWgGJn`,`["Nâu"]`
`MINHH`,`true`,`true`,,,,`https://i.scdn.co/image/ab6761610000e5ebb2f60e51ac6c4252c28e4581`,,`spt_75cBGVZKZYaM9HL0o0G3Y5`,`["MINHH"]`
`CHIKA`,`true`,`true`,,,,,,`spt_3tymWpfv1qfNj0f9sur3MJ`,`["CHIKA"]`
`Prod. Teddi`,`true`,`true`,,,,,,`spt_7a8szFoDzjoNL6pEAIscfk`,`["Prod. Teddi"]`
`Trí`,`true`,`true`,,,,`https://i.scdn.co/image/ab67616d0000b2734c159c5dc8369a7c24da5ea0`,,`spt_5yU10tMb3guZ83PygQ1Bi1`,`["Trí"]`
`TDY`,`true`,`true`,,,,`https://i.scdn.co/image/ab67616d0000b273b9371251bbe3dd300403634c`,,`spt_1yvYSv2hAy8zhwdMssu0cs`,`["TDY"]`
`Poll`,`true`,`true`,,,,`https://i.scdn.co/image/ab6761610000e5eb874717d9ae333d4c5b981702`,,`spt_3xQWxnx3qhT127zrRaRXMN`,`["Poll"]`
`Kaidey`,`true`,`true`,,,,`https://i.scdn.co/image/ab6761610000e5eba578da78b6c4e556220e5c04`,,`spt_2anTzZUUri0uRjwFSmk37W`,`["Kaidey"]`
`Vy Vy`,`true`,`true`,,,,`https://i.scdn.co/image/ab6761610000e5ebdaa95307e3f2892aa0b637b9`,,`spt_6H2gXTxEeGqSwsgWCIZs4j`,`["Vy Vy"]`
`Rhyma`,`true`,`true`,,,,`https://i.scdn.co/image/ab6761610000e5eb505a3e5d7b0d48ac10fd4a96`,,`spt_1j1fZpqk1Rov3O8bLIxvGL`,`["Rhyma"]`
`Chukason Don`,`true`,`true`,,,,`https://i.scdn.co/image/ab6761610000e5ebabf4be1624afe48f3d21d61f`,,`spt_1MgSVk1rWQPiPOfQYqoX4D`,`["Chukason Don"]`
`Sayfar`,`true`,`true`,,,,`https://i.scdn.co/image/ab6761610000e5eb3b88791df78fb7d603c1de23`,,`spt_1y9NmDltEwzLlhMowk4q5u`,`["Sayfar"]`
`Acramo`,`true`,`true`,,,,`https://i.scdn.co/image/ab67616d0000b273bcdb30dad324306db9f00819`,,`spt_0QDw3b5NMeEDY2Pqud1tV9`,`["Acramo"]`
`Phạm Lịch`,`true`,`true`,,,,`https://i.scdn.co/image/ab6761610000e5eb88b2389ba7bddf50215fd128`,,`spt_0uV9wXh91Nuk5YHYqlkVup`,`["Phạm Lịch"]`
`A Deep`,`true`,`true`,,,,`https://i.scdn.co/image/ab67616d0000b2732b9cfc8ff89b2a80255cd5bd`,,`spt_0tdyscZwUfWvXUkkjLyXJh`,`["A Deep"]`
`B Deep`,`true`,`true`,,,,`https://i.scdn.co/image/ab67616d0000b27334fc7d901e637bcf29cca937`,,`spt_1D295LqPSZwWuCIV9Ey79r`,`["B Deep"]`
`H2O`,`true`,`true`,,,,`https://i.scdn.co/image/ab6761610000e5eb0413cf269b7ab45347d6513b`,,`spt_4mQm8gcXNNyzNQRqYKTKqo`,`["H2O"]`
`DPhong`,`true`,`true`,,,,`https://i.scdn.co/image/ab67616d0000b2735975503ba11be6be927fe627`,,`spt_3stWq2Ny02w3fDUMSmNYSL`,`["DPhong"]`
`T-Bin`,`true`,`true`,,,,`https://i.scdn.co/image/ab6761610000e5eb285a320523a047e43428bf9f`,,`spt_43kPiPXU117dSnIub22l3X`,`["T-Bin"]`
`NPROX`,`true`,`true`,,,,`https://i.scdn.co/image/ab6761610000e5eb9ab63a0d7fc625f7d79a1408`,,`spt_4OTiVep9HcokCfH4gLEqEc`,`["NPROX"]`
`T-Golden`,`true`,`true`,,,,`https://i.scdn.co/image/ab67616d0000b2737e5fdef08bbd1d8c5aa57745`,,`spt_6mKKakvLn9AdGppibtuAjH`,`["T-Golden"]`
`Việt Louis`,`true`,`true`,,,,`https://i.scdn.co/image/ab6761610000e5eb107dc06f3dfecd2f04e929fe`,,`spt_42r6WWUX9ZDG9Y4hsPH19V`,`["Việt Louis"]`
`MEE`,`true`,`true`,,,,`https://i.scdn.co/image/ab67616d0000b27344ee495691504d2e08a7fff1`,,`spt_3cAFjRuhmhebwuKkBSEssA`,`["MEE"]`
`Enderlazer`,`true`,`true`,,,,`https://i.scdn.co/image/ab67616d0000b273152310ff7d7da72ad626f0a8`,,`spt_0xIIejLjGU5TVPzeGuk2cm`,`["Enderlazer"]`
`Đức Trịnh`,`true`,`true`,,,,`https://i.scdn.co/image/ab67616d0000b273de289dbf890dc7b8732fc9ba`,,`spt_4OeyCUTsaWp7xA6rEZFWa6`,`["Đức Trịnh"]`
`Đức Trình`,`true`,`true`,,,,`https://i.scdn.co/image/ab67616d0000b273b54d3a512ec2621273e1a72a`,,`spt_1My2Sf2qSHCulVql2POVqL`,`["Đức Trình"]`
`ThiệnChill`,`true`,`true`,,,,`https://i.scdn.co/image/ab6761610000e5ebfca03304d3fc252e84d00c6d`,,`spt_4RaKGMem7OqoF39QZ90Ccw`,`["ThiệnChill"]`
`Mihle`,`true`,`true`,,,,`https://i.scdn.co/image/ab67616d0000b273c82adfe137e3b3bb4456794c`,,`spt_73btMmbCf3OAJ7t1QPntAZ`,`["Mihle"]`
`PDT`,`true`,`true`,,,,`https://i.scdn.co/image/ab67616d0000b27356d74eafa932fd2a0890d06a`,,`spt_3efUqP1g2p2Y2dLX1vXxC9`,`["PDT"]`
`Huann`,`true`,`true`,,,,`https://i.scdn.co/image/ab67616d0000b273ff6d6411614678920bddc51d`,,`spt_1vb4zOkeWFlk8xfIn1oQju`,`["Huann"]`
`TeeKay`,`true`,`true`,,,,`https://i.scdn.co/image/ab6761610000e5eb549d6daf8fb28bc2e318168d`,,`spt_2xdqBNUFKUwR3BXZjsPa6W`,`["TeeKay"]`
`Min.B`,`true`,`true`,,,,`https://i.scdn.co/image/ab6761610000e5ebd484f2b8dde322a62402e695`,,`spt_0jXQJz2x9rERgqmhD2UPwl`,`["Min.B"]`
`iBe Viet`,`true`,`true`,,,,`https://i.scdn.co/image/ab6761610000e5eb4cada655c45a342411cb3a1b`,,`spt_1Lh9jLEyUVgTzpenlfdj75`,`["iBe Viet"]`
`Brian`,`true`,`true`,,,,`https://i.scdn.co/image/ab67616d0000b273417310286e273965e50584b2`,,`spt_0nhYBGxxGTXrYIJK93X3LZ`,`["Brian"]`
`Gavin G`,`true`,`true`,,,,`https://i.scdn.co/image/ab67616d0000b2733f3b5e87883bf3af93476c92`,,`spt_4b9ikadvHlSpOcvpF6Mbeb`,`["Gavin G"]`
`Eagle`,`true`,`true`,,,,`https://i.scdn.co/image/ab6761610000e5ebe30c701a7d8521338021d6dd`,,`spt_4qlEnZ7AZu7yWCSt9i8XHD`,`["Eagle"]`
`Dkayz`,`true`,`true`,,,,`https://i.scdn.co/image/ab6761610000e5eb94d7292a3b827ee852a23c33`,,`spt_7yaqBw8Z3l8sEKfcKupiCP`,`["Dkayz"]`
`t41`,`true`,`true`,,,,`https://i.scdn.co/image/ab67616d0000b2736e3d7039e671619514b66a3a`,,`spt_6qf0dOgr5gNFbGk8Tt9d5c`,`["t41"]`
`Dkayz`,`true`,`true`,,,,,,`spt_3QBPcz2xseythnRtmXRN5G`,`["Dkayz"]`
`Gold`,`true`,`true`,,,,`https://i.scdn.co/image/ab6761610000e5eb7403973e958f89722891c185`,,`spt_6ImUn600ZnHXjWRuYDMh4H`,`["Gold"]`
`chillingo`,`true`,`true`,,,,`https://i.scdn.co/image/ab6761610000e5ebeec8e53b6cb5f87e2ac95660`,,`spt_23ZFLCv47cdgbFptnYUb0J`,`["chillingo"]`
`Gavin G`,`true`,`true`,,,,`https://i.scdn.co/image/ab67616d0000b273081d20dee2aca352a9394434`,,`spt_34DOSaoM6W94zcR27G7YNe`,`["Gavin G"]`
`H2O Remix`,`true`,`true`,,,,`https://i.scdn.co/image/ab67616d0000b273f935e3eba9d75d6a78200ab9`,,`spt_5sK9cYMRqNOdY9Og2DKAgs`,`["H2O Remix"]`
`Sing`,`true`,`true`,,,,`https://i.scdn.co/image/ab6761610000e5eb52ade4613df332bc3de4f04c`,,`spt_79RTt4imwk0NaxS5lCnm29`,`["Sing"]`
`H2O Music`,`true`,`true`,,,,`https://i.scdn.co/image/ab67616d0000b273f32a1e832dc89c8ac02c13df`,,`spt_6bfOJ0EzKALWN30A9U5yjR`,`["H2O Music"]`
`HuuBui`,`true`,`true`,,,,`https://i.scdn.co/image/ab67616d0000b273c2ab4c9e626276ae7f284933`,,`spt_1IesmZl59OwxHAQs3DwOh4`,`["HuuBui"]`
`Tuấn Đinh`,`true`,`true`,,,,`https://i.scdn.co/image/ab6761610000e5eb5f9e02c060b1de2438bd0140`,,`spt_21nabDtFoAsY2jDwlPg3C1`,`["Tuấn Đinh"]`
`Dứa`,`true`,`true`,,,,`https://i.scdn.co/image/ab6761610000e5ebd9dd498dc0bed37d1559360b`,,`spt_2AE0Gkoq8dOR27emLJc0FL`,`["Dứa"]`
`Sing`,`true`,`true`,,,,`https://i.scdn.co/image/ab67616d0000b2733a507587cc5c160b85e202c4`,,`spt_1tcg5hOKgIjSnmZStmDtOv`,`["Sing"]`
`LT Midside`,`true`,`true`,,,,`https://i.scdn.co/image/ab6761610000e5eb45e2bfd1beed268d692385b7`,,`spt_50OfeNlZcOMffMzBpfDCTL`,`["LT Midside"]`
`KProx`,`true`,`true`,,,,`https://i.scdn.co/image/ab6761610000e5eb9a82d6e7e9258cd609b95b2a`,,`spt_4p0TIEmgyGRqatB0A2jhvr`,`["KProx"]`
`flechazowu`,`true`,`true`,,,,`https://i.scdn.co/image/ab67616d0000b273ccc51583df3d21dac53e80c4`,,`spt_4qPZYOg0Cr8cN53saMueqV`,`["flechazowu"]`
`1 9 6 7`,`true`,`true`,,,,`https://i.scdn.co/image/ab6761610000e5eb641e0eb2a82351e57aa8a047`,,`spt_72lhAORN3XQgtYADoggLRH`,`["1 9 6 7"]`
`Rick`,`true`,`true`,,,,`https://i.scdn.co/image/ab6761610000e5eb1c57d500c99ecf247fa536be`,,`spt_67ALlp3JvqTr0Ws7OrWIVH`,`["Rick"]`
`Hyarways`,`true`,`true`,,,,`https://i.scdn.co/image/ab6761610000e5eb167046271897407ab23a7750`,,`spt_5fZISrWpU2tsvIzkxxad72`,`["Hyarways"]`
`KynBB`,`true`,`true`,,,,`https://i.scdn.co/image/ab6761610000e5eb3ba10642c0d4942148db30d7`,,`spt_3sUfW4F7rm97WP0TLSkmZa`,`["KynBB"]`
`A.C Xuân Tài`,`true`,`true`,,,,`https://i.scdn.co/image/ab6761610000e5ebfc7cd3ca0aa5acf6c424b265`,,`spt_4cXmPRr3FNM39g79G2IovE`,`["A.C Xuân Tài"]`
`Moi DJ`,`true`,`true`,,,,`https://i.scdn.co/image/ab67616d0000b273ede054cdea3bd764726dd983`,,`spt_3Po0bFynB4xcPkXmyw3CSl`,`["Moi DJ"]`
`Quanvrox`,`true`,`true`,,,,`https://i.scdn.co/image/ab6761610000e5eb1a890bb502fab439c4528bd8`,,`spt_1jjmZBGpBwooBC8x2i2PH7`,`["Quanvrox"]`
`Đặng Tuấn Vũ`,`true`,`true`,,,,`https://i.scdn.co/image/ab6761610000e5ebb70d32eecbb68bd92a2c9bb1`,,`spt_215WQLToYXwGfSazi1b8bB`,`["Đặng Tuấn Vũ"]`
`Aric`,`true`,`true`,,,,`https://i.scdn.co/image/ab6761610000e5eba0e3b3c6a465264137e1ecf0`,,`spt_2M3RlbYLy67kjYrrCCZcm2`,`["Aric"]`
`TAP`,`true`,`true`,,,,`https://i.scdn.co/image/ab67616d0000b27351c86e8298e61e75110482e5`,,`spt_5YY7BDUVkhwbGVZEsuui75`,`["TAP"]`
`NST`,`true`,`true`,,,,`https://i.scdn.co/image/ab67616d0000b27302b4d50609d36ec060f1c02f`,,`spt_5M5AKC3mvXbeJOjQ33azXU`,`["NST"]`
`Đạt Dope`,`true`,`true`,,,,`https://i.scdn.co/image/ab6761610000e5eb995f83afe583f8f5d62cad99`,,`spt_00GClaLWFWlgiL2ErXzToa`,`["Đạt Dope"]`
`Droppy`,`true`,`true`,,,,`https://i.scdn.co/image/ab6761610000e5eb9fc90502ba813b8725bebc37`,,`spt_4EqEodSfNgQPwoHxbdZlpT`,`["Droppy"]`
`Thu Hằng`,`true`,`true`,,,,,,`spt_1D7DOKmTJUBj8TcLVAsug1`,`["Thu Hằng"]`
`Phuong Duy`,`true`,`true`,,,,,,`spt_1I4mXf6Bjai7osLrw1EdC6`,`["Phuong Duy"]`
`Hổ`,`true`,`true`,,,,`https://i.scdn.co/image/ab67616d0000b27364de04d8ae281bffff46592e`,,`spt_31tcsz1SJ59GeQQEJeKuvZ`,`["Hổ"]`
`HwangMike`,`true`,`true`,,,,`https://i.scdn.co/image/ab67616d0000b2732572596e6f028aef1cc12312`,,`spt_6dUcguuhmzTNQSVHKaHVJs`,`["HwangMike"]`
`Quân REV`,`true`,`true`,,,,`https://i.scdn.co/image/ab67616d0000b27391502bcb23757b7ae4f8531d`,,`spt_4iVzUTry6FriIzG7wGBhH4`,`["Quân REV"]`
`Jimmi Ngủyên`,`true`,`true`,,,,,,`spt_73W55npgRcy3eudHgs9yxC`,`["Jimmi Ngủyên"]`
`Mcee Blue`,`true`,`true`,,,,`https://i.scdn.co/image/ab6761610000e5ebcb1052d3475b78b9966b5783`,,`spt_7iPTxzfZ1OG4gNiWU64nmk`,`["Mcee Blue"]`
`Lu`,`true`,`true`,,,,`https://i.scdn.co/image/ab6761610000e5ebcd9849a93d988a775c4abdda`,,`spt_0QRUD41ltP8vhaAIxMZb2H`,`["Lu"]`
`Groovie Lã Thắng`,`true`,`true`,,,,`https://i.scdn.co/image/ab6761610000e5ebbdd84d6817ffa62c0d372fa3`,,`spt_1yx4rYyjUYupI7Ji1YvXRh`,`["Groovie Lã Thắng"]`
`Tam Ca MTM`,`true`,`true`,,,,,,`spt_7bPSyfG0XKdlaRRubWbm5Z`,`["Tam Ca MTM"]`
`Jay Bach`,`true`,`true`,,,,`https://i.scdn.co/image/ab6761610000e5eb2fcedb14da626d2a29180623`,,`spt_2tQ0caRvEKWcvLk7HCOjMl`,`["Jay Bach"]`
`O Buồn`,`true`,`true`,,,,`https://i.scdn.co/image/ab67616d0000b27318d61a74e940a3348323d9f7`,,`spt_5feKT6qnBPIY065MCYy2ZN`,`["O Buồn"]`
`SuperC`,`true`,`true`,,,,`https://i.scdn.co/image/ab6761610000e5ebaef97819c936c931be8f2d8b`,,`spt_2jfbFAZ1SeBTGdjPc4hpSo`,`["SuperC"]`
`Heki`,`true`,`true`,,,,`https://i.scdn.co/image/ab6761610000e5eb4ce7f9832be01665d3dc2ebe`,,`spt_3tGKWeNqVPG0HOmMuOL7UA`,`["Heki"]`
`GB`,`true`,`true`,,,,`https://i.scdn.co/image/ab67616d0000b2732c95e729882744acae7c4c6b`,,`spt_1TBvuhoiYgycpPzYxxMIlB`,`["GB"]`
`Lửa`,`true`,`true`,,,,`https://i.scdn.co/image/ab6761610000e5eb719cf1b456960f8add6e0a33`,,`spt_4HOm37irsRwVEddNx6d0lq`,`["Lửa"]`
`Naly`,`true`,`true`,,,,`https://i.scdn.co/image/ab67616d0000b2736a2deaf639ccc5d129cb6364`,,`spt_4vibiu8IKKOrziHCPgWuMB`,`["Naly"]`
`Minh Huy`,`true`,`true`,,,,`https://i.scdn.co/image/ab6761610000e5ebb6419607a121e430f3d7dccb`,,`spt_5zT1Ku9mzzl6RW5y4z0hUK`,`["Minh Huy"]`
`Xám`,`true`,`true`,,,,`https://i.scdn.co/image/ab6761610000e5eb50e545c34f93de882e7a83ac`,,`spt_0OzWJ833Wac4o3SAh38s7i`,`["Xám"]`
`Muộii`,`true`,`true`,,,,`https://i.scdn.co/image/ab67616d0000b2737fc9cd285b023248780ef5a7`,,`spt_0o3J7OHDa35b6AY7Ivj5j7`,`["Muộii"]`
`Anfang`,`true`,`true`,,,,`https://i.scdn.co/image/ab6761610000e5eb24d4901d958b2fc457d78750`,,`spt_2dS7UBhWnNulqF6vSUzKpA`,`["Anfang"]`
`Darki`,`true`,`true`,,,,`https://i.scdn.co/image/ab6761610000e5eb43db758a8f11ba8b430ca6bb`,,`spt_5Oe02XQcUF74wOofnIl9b2`,`["Darki"]`
`Lemese`,`true`,`true`,,,,`https://i.scdn.co/image/ab6761610000e5ebeb7936d9aa69939c61a25356`,,`spt_0DL9VpY3UsZWQyDOO5Ej2o`,`["Lemese"]`
`Công Phúc`,`true`,`true`,,,,`https://i.scdn.co/image/ab67616d0000b273087312bbcf725fd501302f2e`,,`spt_2RTxk7k09aitr15vkJ5kwL`,`["Công Phúc"]`
`Tweny`,`true`,`true`,,,,`https://i.scdn.co/image/ab6761610000e5eb9f815e0a3678efccd63b274d`,,`spt_4vf3KI4FQmaxaXkl0frRaj`,`["Tweny"]`
`Sshine`,`true`,`true`,,,,`https://i.scdn.co/image/ab6761610000e5ebd8bf340a18d8e75afbff6532`,,`spt_725P8l4GPhAackg9PiFgad`,`["Sshine"]`
`Anh Thuw`,`true`,`true`,,,,`https://i.scdn.co/image/ab67616d0000b27372e07e6517f45beb782a92d3`,,`spt_13CQCXBPWxKRXGVEMTl4B8`,`["Anh Thuw"]`
`Orinn`,`true`,`true`,,,,`https://i.scdn.co/image/ab6761610000e5eb817307decb075899e2f2b70a`,,`spt_08xn7sYY4KworP8Vc3GoiU`,`["Orinn"]`
`Snowz`,`true`,`true`,,,,`https://i.scdn.co/image/ab6761610000e5eb08a1cbc111267ab3dc297042`,,`spt_1CBABbAg1qMq4dwzOoLm3D`,`["Snowz"]`
`DANMY`,`true`,`true`,,,,`https://i.scdn.co/image/ab6761610000e5ebe173c182deb9cb793f689c65`,,`spt_5PmlctqlVDrRrF8WNLSgva`,`["DANMY"]`
`Dflow`,`true`,`true`,,,,`https://i.scdn.co/image/ab6761610000e5ebd4b65ad1b1167fed0a5a0b58`,,`spt_6trt1gsugOnfFkjv4zS0J2`,`["Dflow"]`
`HIGH4`,`true`,`true`,,,,`https://i.scdn.co/image/ab6761610000e5ebe2e23736da0ebd313b64a95a`,,`spt_0wK3gDoxcnc5iWAQqbrr7E`,`["HIGH4"]`
`Wheelie`,`true`,`true`,,,,`https://i.scdn.co/image/ab6761610000e5eb9dd0ebb43f659b7a9279f265`,,`spt_0Gr3bRnYGIx2xHO853bo3V`,`["Wheelie"]`
`Rym`,`true`,`true`,,,,`https://i.scdn.co/image/ab67616d0000b27342fee813ae0b03dbb42352e8`,,`spt_20foirmF2dYTJ5xVunU0MX`,`["Rym"]`
`Quý Hamo`,`true`,`true`,,,,`https://i.scdn.co/image/ab67616d0000b273d356f36ad40b2d2e03076d8b`,,`spt_3mLjha716PpXTN7oAYER87`,`["Quý Hamo"]`
`Kha Sỉn`,`true`,`true`,,,,`https://i.scdn.co/image/ab6761610000e5eb95ebfebddcebb132462d3fdc`,,`spt_1BnX5AXtG74SY7QTYSUeY0`,`["Kha Sỉn"]`
`DJ SS`,`true`,`true`,,,,`https://i.scdn.co/image/ab67616d0000b2739bf08b9c9b12e76b6994b458`,,`spt_6b5IXQW5onh2WIkVhvAdzR`,`["DJ SS"]`
`Thống`,`true`,`true`,,,,`https://i.scdn.co/image/ab6761610000e5eb5864378420858c74d5eb351f`,,`spt_4XbvXU1QZ22KHcaDNy3XYX`,`["Thống"]`
`Jayden`,`true`,`true`,,,,`https://i.scdn.co/image/ab6761610000e5eb1a8cf58289f07655508bda2b`,,`spt_5kJ6yqvpzm5GICMRA4bu7C`,`["Jayden"]`
`meChill`,`true`,`true`,,,,`https://i.scdn.co/image/ab67616d0000b273facdb4247118685a8ae48aa1`,,`spt_4zT9icJK3hOOQ7agGPbICH`,`["meChill"]`
`Ngọc Đắc`,`true`,`true`,,,,`https://i.scdn.co/image/ab67616d0000b2736d854070fba10fa8f4e85493`,,`spt_7g4wZfZd0bVoz5by4WXE2M`,`["Ngọc Đắc"]`
`LeWiuy`,`true`,`true`,,,,`https://i.scdn.co/image/ab6761610000e5eb40b6f25c250a78726bb1412e`,,`spt_284Kopvh7L7NCkz00VFbqt`,`["LeWiuy"]`
`JustV`,`true`,`true`,,,,`https://i.scdn.co/image/ab67616d0000b27343d2e56ac05c2a2995ea02dd`,,`spt_3Hn0kB3qPnQNsJH459VRt5`,`["JustV"]`
`Will M`,`true`,`true`,,,,`https://i.scdn.co/image/ab67616d0000b27327d890297c782f767415c6dc`,,`spt_3nPzEw4zyon1wKulWLhqDq`,`["Will M"]`
`Riyox`,`true`,`true`,,,,`https://i.scdn.co/image/ab67616d0000b273f64c830f1cba9ae851123f31`,,`spt_3Rwlcd16TxW2X7CaPbAOtN`,`["Riyox"]`
`TueN`,`true`,`true`,,,,`https://i.scdn.co/image/ab67616d0000b273bb683ab5e6b2fc9173b40b49`,,`spt_0L5lhnmdL6kaSwUUQXxdIZ`,`["TueN"]`
`Sonic`,`true`,`true`,,,,,,`spt_0EcZeVKosEi3wOcwyXfW6g`,`["Sonic"]`
`Datz`,`true`,`true`,,,,`https://i.scdn.co/image/ab67616d0000b273036dfae8c98f072049a0dca5`,,`spt_6wCPmEqI6d6tgZNp3MBO3A`,`["Datz"]`
`Gill`,`true`,`true`,,,,`https://i.scdn.co/image/ab6761610000e5eba9285946dff4d43b3930b195`,,`spt_5Hv9MhUFvGlYurce5BDRUh`,`["Gill"]`
`Uyennhi`,`true`,`true`,,,,`https://i.scdn.co/image/ab6761610000e5eba84a8828d013607be9c46c8e`,,`spt_6pBtdDN3A7Xaw1tqVqcSZJ`,`["Uyennhi"]`
`Willistic`,`true`,`true`,,,,`https://i.scdn.co/image/ab6761610000e5eb99bb0017b0896dde994c0cb2`,,`spt_0XEYiIh3AzMl9lBaT3gNz7`,`["Willistic"]`
`AHK.PlayboidC`,`true`,`true`,,,,`https://i.scdn.co/image/ab67616d0000b273db9d2b19450cc391181de5c2`,,`spt_63IzKp9IPnhbygiEcxSgIY`,`["AHK.PlayboidC"]`
`Brother A Tuấn Anh`,`true`,`true`,,,,`https://i.scdn.co/image/ab67616d0000b273333fcba271891767f8004dc3`,,`spt_5lREsvNzIZ57BPZ4Q51SEV`,`["Brother A Tuấn Anh"]`
`P$mall`,`true`,`true`,,,,`https://i.scdn.co/image/ab67616d0000b273d3cb581c410455d57463b389`,,`spt_49hkeOPfjwZ6tFWNRWXMGy`,`["P$mall"]`
`Urabe`,`true`,`true`,,,,`https://i.scdn.co/image/ab67616d0000b2733c7fad349081c4392d76f349`,,`spt_2uCakPZuXrU9BRGBUWj9oo`,`["Urabe"]`
`Ferbient`,`true`,`true`,,,,`https://i.scdn.co/image/ab67616d0000b273b5df6dff591a7ac6e8f63c90`,,`spt_11WTU0VscgnqV6kXTDOxmh`,`["Ferbient"]`
`Wang An Nan`,`true`,`true`,,,,`https://i.scdn.co/image/ab67616d0000b273df88454f64b56c4fa3556dc1`,,`spt_6vo53K8512eTyAhkMmxxBi`,`["Wang An Nan"]`
`Hustlang HBo`,`true`,`true`,,,,`https://i.scdn.co/image/ab6761610000e5eb9662814d36d4a7e4cf49c1f4`,,`spt_2itstf0djeNx1XIZ69k0go`,`["Hustlang HBo"]`
`Huỳnh Lập`,`true`,`true`,,,,,,`spt_0qLm3SxEV64WhTKTChH9Nb`,`["Huỳnh Lập"]`
`RIO`,`true`,`true`,,,,`https://i.scdn.co/image/ab6761610000e5eb506576a6dfb0e59b1303f4da`,,`spt_4dH6uW4FU977FDuTcCHGUf`,`["RIO"]`
`Lumee`,`true`,`true`,,,,,,`spt_3DnjA3oAoUQfMUd5IjobEr`,`["Lumee"]`
`B1OCKIE`,`true`,`true`,,,,,,`spt_4UYkQbIpXhuAUWzxyXqoYh`,`["B1OCKIE"]`
`CHOPPER KAT`,`true`,`true`,,,,,,`spt_0QlsiWynUcWZT9faujPjXt`,`["CHOPPER KAT"]`
`Ban nhạc Hương Mùa Hè`,`true`,`true`,,,,,,`spt_6rjeIzqCIxVgbaMVmIrySW`,`["Ban nhạc Hương Mùa Hè"]`
`TDK`,`true`,`true`,,,,`https://i.scdn.co/image/ab6761610000e5eb08e9df5ec9e656cab13a9b10`,,`spt_30x6rCQm4CuabePneJLGj7`,`["TDK"]`
`Tạ Quang Thắng`,`true`,`true`,,,,`https://i.scdn.co/image/ab6761610000e5ebcef78eb6d622859887d767da`,,`spt_21MG3ongZHFbUnXpK8prTg`,`["Tạ Quang Thắng"]`
`Tieu Chau Nhu Quynh`,`true`,`true`,,,,`https://i.scdn.co/image/ab6761610000e5eb97da6f99edea4dd3fda8b48e`,,`spt_4CLiTYTMKy6qcz0KXbuMqh`,`["Tieu Chau Nhu Quynh"]`
`Bảo Trâm`,`true`,`true`,,,,`https://i.scdn.co/image/ab67616d0000b273261434fb8291748c9ce2558b`,,`spt_3ZLvCUJqhNbKNOjmFweMOf`,`["Bảo Trâm"]`
`Phạm Hoài Nam`,`true`,`true`,,,,`https://i.scdn.co/image/ab6761610000e5ebb7fa2e318472a55f544601f0`,,`spt_1E6UYLIV5yRqnF1FFM97g3`,`["Phạm Hoài Nam"]`
`Hồ Tiến Đạt`,`true`,`true`,,,,`https://i.scdn.co/image/ab67616d0000b273439407d60cbc305a04739c84`,,`spt_3qB17tkE38JzVhdnSRy78k`,`["Hồ Tiến Đạt"]`
`Quoc-Bao`,`true`,`true`,,,,`https://i.scdn.co/image/ab6761610000e5eb57d82bf43526a4d916dc135c`,,`spt_72EdJx99N3KfA9xrjLqO5c`,`["Quoc-Bao"]`
`Mộc Saigon Band`,`true`,`true`,,,,,,`spt_4i69XGg6ctkrXps8ve0QRG`,`["Mộc Saigon Band"]`
`Hoàng Rob`,`true`,`true`,,,,`https://i.scdn.co/image/ab6761610000e5eb38c9854bc98a000fa5c402d3`,,`spt_43qZrcVKZleWlmoBVRBPO8`,`["Hoàng Rob"]`
`Tenkitsune`,`true`,`true`,,,,`https://i.scdn.co/image/ab6761610000e5ebf2e0b3c06f89d9cfa8387189`,,`spt_3npM0ZkW5qRUL5Y7ihHRrU`,`["Tenkitsune"]`
`Fay`,`true`,`true`,,,,`https://i.scdn.co/image/ab67616d0000b273020e5e6435ec58e1bf6fdba5`,,`spt_50c2TevFNnNUrQ69JahGRb`,`["Fay"]`
`Issac`,`true`,`true`,,,,`https://i.scdn.co/image/ab67616d0000b273bdf336ce6ab6661775081166`,,`spt_77sBLgpvq6FOgt0ZnekhV8`,`["Issac"]`
`Nguyễn Minh Cường`,`true`,`true`,,,,`https://i.scdn.co/image/ab67616d0000b2732abb01e4aa12f940c09d0d7e`,,`spt_1AgB1RkxZOp5XcCDfvVLUS`,`["Nguyễn Minh Cường"]`
`minhmin`,`true`,`true`,,,,`https://i.scdn.co/image/ab6761610000e5eb14567733f9cf24248c1bbf2c`,,`spt_1Nym4K1ewbdN8mcp5lClSD`,`["minhmin"]`
`Leo`,`true`,`true`,,,,,,`spt_6c8nLoaCbXqx2fwEWmeY0l`,`["Leo"]`
`Tony Huymie`,`true`,`true`,,,,`https://i.scdn.co/image/ab67616d0000b2736749902b8f5d4fc32437225e`,,`spt_1kkjziIuDXOLwncUuAU9N6`,`["Tony Huymie"]`
`Taynguyensound`,`true`,`true`,,,,`https://i.scdn.co/image/ab67616d0000b273e81570c9f87dbed6b1ad65bc`,,`spt_2UF7PZf5Ov1I8jXDbRu40B`,`["Taynguyensound"]`
`Tuyết`,`true`,`true`,,,,`https://i.scdn.co/image/ab6761610000e5eb437d07d9e40555e6e1305430`,,`spt_09pDLc11jZN8ECK9dz4r2K`,`["Tuyết"]`
`Maize`,`true`,`true`,,,,`https://i.scdn.co/image/ab6761610000e5eb99090fb69624042d643983f2`,,`spt_1t9YGBngLrj99AgaqqQl49`,`["Maize"]`
`akiie.`,`true`,`true`,,,,`https://i.scdn.co/image/ab6761610000e5eb82d62a0a28d7cf43aba7c352`,,`spt_7sFX2i5I57OTLSASnufcIh`,`["akiie."]`
`CM1X`,`true`,`true`,,,,`https://i.scdn.co/image/ab6761610000e5eb9ac28fa3d106e829995984ff`,,`spt_40sNxijTOeMVc8osrueLNw`,`["CM1X"]`
`YAHY`,`true`,`true`,,,,`https://i.scdn.co/image/ab6761610000e5eb6304ca1ccaf23cb8cbe4b154`,,`spt_5JhDmc387zMesNTkV9qP7q`,`["YAHY"]`
`Hoàng Kaylee`,`true`,`true`,,,,`https://i.scdn.co/image/ab67616d0000b273134cbe6e3972184cb6343867`,,`spt_5MPN7Z4FUVSS3IKRMfCeCl`,`["Hoàng Kaylee"]`
`Hoàng KayLee`,`true`,`true`,,,,`https://i.scdn.co/image/ab6761610000e5eb20a7f0577541fa3e68cc9f9a`,,`spt_41TxXGX17thfgXvwCXZ9fq`,`["Hoàng KayLee"]`
`EmBeDua`,`true`,`true`,,,,`https://i.scdn.co/image/ab67616d0000b27385da19113d6a3192af6ffcfa`,,`spt_5uTkAvx6egbUuInWz28ltb`,`["EmBeDua"]`
`Tice`,`true`,`true`,,,,`https://i.scdn.co/image/ab67616d0000b27393e6d558f24268531fe1f37b`,,`spt_2cP5FMGoKkq7PgPVDNjNRR`,`["Tice"]`
`Gia Nguyên`,`true`,`true`,,,,,,`spt_2TLwx2TDRJJFptj5AD5FHq`,`["Gia Nguyên"]`
`Roy P`,`true`,`true`,,,,`https://i.scdn.co/image/ab67616d0000b2731ea66ff7b7ce9852eb52e1d6`,,`spt_4dSiGntzl0aMM0Z4AQuSzC`,`["Roy P"]`
`1nG`,`true`,`true`,,,,`https://i.scdn.co/image/ab6761610000e5eb3b87e9488d15c09d712947e3`,,`spt_12scI4mEdyEDBi7cdkxkVZ`,`["1nG"]`
`Killic`,`true`,`true`,,,,`https://i.scdn.co/image/ab6761610000e5ebdc098bae04ab77a4029a2c36`,,`spt_5Zosih1NRDj5W7mruPqfpu`,`["Killic"]`
`TiCE`,`true`,`true`,,,,`https://i.scdn.co/image/ab67616d0000b273c5ea79310f82741eb0a378de`,,`spt_19R40guaj2ntOPwXijVVZ8`,`["TiCE"]`
`Foo`,`true`,`true`,,,,`https://i.scdn.co/image/ab67616d0000b27344d813fb043f90076085c627`,,`spt_3PjOP4SqB2RsVLENwXJEEK`,`["Foo"]`
`TUYẾT`,`true`,`true`,,,,`https://i.scdn.co/image/ab67616d0000b2733f1e15aecf4cf4c590a71776`,,`spt_2Nkas2JkrBuvyo02qwdDTX`,`["TUYẾT"]`
`Mc Wiz`,`true`,`true`,,,,`https://i.scdn.co/image/ab67616d0000b273d90674aadcd901e0ff32a214`,,`spt_648B8RNVf6fJRX5tiVHV1s`,`["Mc Wiz"]`
`Mew Amazing`,`true`,`true`,,,,,,`spt_4U0Sg7Tk6Win8iKRvc2srD`,`["Mew Amazing"]`
`PAM`,`true`,`true`,,,,`https://i.scdn.co/image/ab67616d0000b2732e50fa5222a4e143f3753f62`,,`spt_1XvyPBBABdLVpc4WHCgw60`,`["PAM"]`
`Trương Thảo Nhi`,`true`,`true`,,,,`https://i.scdn.co/image/ab6761610000e5ebea87335e01fcb11bbf49b678`,,`spt_0MSThXXAv51swAKUOuZg8A`,`["Trương Thảo Nhi"]`
`Phú Quý`,`true`,`true`,,,,,,`spt_4WbNQ86L7gUp1uh0gN5TEp`,`["Phú Quý"]`
`Phạm Khánh Hưng`,`true`,`true`,,,,`https://i.scdn.co/image/ab67616d0000b2730f48bcefa22da1d5fb3836e7`,,`spt_676SkTLXPL9gO2Mt8aP9N2`,`["Phạm Khánh Hưng"]`
`Gabriel`,`true`,`true`,,,,,,`spt_5Ev8z8DQoikwEWuaqjA4cQ`,`["Gabriel"]`
`Hino`,`true`,`true`,,,,`https://i.scdn.co/image/ab6761610000e5ebe96af5d176c9b987fcef4a94`,,`spt_46eYlws2VfnJJsyPk4cP7o`,`["Hino"]`
`Tun Phạm`,`true`,`true`,,,,`https://i.scdn.co/image/ab67616d0000b2737a23e9b7ab30ecb890c390e2`,,`spt_2nFDuJmiI63im7pt7nkGlG`,`["Tun Phạm"]`
`DREAMeR`,`true`,`true`,,,,`https://i.scdn.co/image/ab67616d0000b273fbd9d406b60bc23293acb6b0`,,`spt_4B6efAffqaEyjm2DZsdJmb`,`["DREAMeR"]`
`Duy Andy`,`true`,`true`,,,,`https://i.scdn.co/image/ab67616d0000b27368867786144e0d068a376a94`,,`spt_0tThYvMPafMHjXI11IbtZ8`,`["Duy Andy"]`
`Winji`,`true`,`true`,,,,`https://i.scdn.co/image/ab67616d0000b273012ecc4a313cd72da26aa33a`,,`spt_32R466mW85t7DbdVEeQktX`,`["Winji"]`
`Thái Sơn Beatbox`,`true`,`true`,,,,`https://i.scdn.co/image/ab67616d0000b273241c4b132498260beaeae01f`,,`spt_1N8SoolThBO0E3T8Acdu1K`,`["Thái Sơn Beatbox"]`
`1989S`,`true`,`true`,,,,,,`spt_0u4g6vLG2csVN4Zqu0IBoS`,`["1989S"]`
`RZ Ma$`,`true`,`true`,,,,,,`spt_2TUOlHV4KJEuy92UFEGhZb`,`["RZ Ma$"]`
`Bùi Lan Hương`,`true`,`true`,,,,`https://i.scdn.co/image/ab6761610000e5eb2355fd73359d6439d3b55d6b`,,`spt_2XtMx7EHHODQSeBzDCBec9`,`["Bùi Lan Hương"]`
`Tốp Ca`,`true`,`true`,,,,`https://i.scdn.co/image/ab67616d0000b2734b10936abff233d933d3ef16`,,`spt_36niq0E3yeCM8bL0o9hVuV`,`["Tốp Ca"]`
`Phạm Hồng Phước`,`true`,`true`,,,,`https://i.scdn.co/image/ab67616d0000b27340bae7cf8f3144931ee50171`,,`spt_48Yp39SzvYLAjPqW811Xtm`,`["Phạm Hồng Phước"]`
`D.A`,`true`,`true`,,,,`https://i.scdn.co/image/ab6761610000e5ebcc4c14daaf1c9d5ceae1090c`,,`spt_1K90lslp04EFnCGLv2edKQ`,`["D.A"]`
`Phuoc Loc`,`true`,`true`,,,,`https://i.scdn.co/image/ab67616d0000b2732a0f5abcc0ba777eeafa9e48`,,`spt_0Na8b9rQiAoEFd9y3PzzQa`,`["Phuoc Loc"]`
`Phương Thủy`,`true`,`true`,,,,`https://i.scdn.co/image/ab67616d0000b273ef98969e0b07bd0f07b1a874`,,`spt_6bOEITqBASuAv030jxOloj`,`["Phương Thủy"]`
`Tôn Thất Sơn`,`true`,`true`,,,,`https://i.scdn.co/image/ab67616d0000b273add94f8f8bd264cdfdeafe30`,,`spt_1ZfyxPlqGZbZZemlJfa1lJ`,`["Tôn Thất Sơn"]`
`Minh Trang LyLy`,`true`,`true`,,,,`https://i.scdn.co/image/ab67616d0000b2738029258874c1d2bc103c6493`,,`spt_1Q7LEfvTi4UBukwTDOuDqP`,`["Minh Trang LyLy"]`
`Phú Luân`,`true`,`true`,,,,`https://i.scdn.co/image/ab67616d0000b2737242171cc64a9841e70c0ea1`,,`spt_6t8ZSrAMnAioeAC0j4Maz6`,`["Phú Luân"]`
`Đinh Quang Minh`,`true`,`true`,,,,,,`spt_6ZyKfBISo1Uw244vsGDrbm`,`["Đinh Quang Minh"]`
`H A N`,`true`,`true`,,,,,,`spt_6kH8sEH50DCRYgU6cT8R3C`,`["H A N"]`
`Neko`,`true`,`true`,,,,`https://i.scdn.co/image/ab67616d0000b2738bbc2662e8b0fc2760c5ecc2`,,`spt_4rYpMd8jYHK7DEWyoSVAyE`,`["Neko"]`
`Phạm Chí Huy`,`true`,`true`,,,,,,`spt_4f2aOLoZDwcoMeKHBqbS1n`,`["Phạm Chí Huy"]`
`Phạm Khánh Ngọc`,`true`,`true`,,,,,,`spt_5CFHnyWyfL2ri3EwSgte26`,`["Phạm Khánh Ngọc"]`
`Si Thanh`,`true`,`true`,,,,,,`spt_53cldqXXaN8ABlFTm24X8w`,`["Si Thanh"]`
`Triệu Lộc`,`true`,`true`,,,,`https://i.scdn.co/image/ab67616d0000b273a5bc65c77cde61cafdc5c4c4`,,`spt_130z84KvbYdbE36JR08VZN`,`["Triệu Lộc"]`
`Văn Hường`,`true`,`true`,,,,`https://i.scdn.co/image/ab67616d0000b27352b227d2d67dc3614368ef5e`,,`spt_2kiEt3Y8u8e4nYonpTy2Pp`,`["Văn Hường"]`
`Tùng Lâm`,`true`,`true`,,,,`https://i.scdn.co/image/ab67616d0000b273a70453406bea8862d946dad7`,,`spt_2jVpWe3UHNLaLtCRNFDk5b`,`["Tùng Lâm"]`
`Phi Thoàn`,`true`,`true`,,,,,,`spt_5ll6YXjabeN0XRKhRxqZi8`,`["Phi Thoàn"]`
`Bảo Quốc`,`true`,`true`,,,,,,`spt_7uHc9YiNCRlfoqYRCWDhq1`,`["Bảo Quốc"]`
`Bảo Chung`,`true`,`true`,,,,`https://i.scdn.co/image/ab67616d0000b273d3869ed5dadd126710666f53`,,`spt_0U93JwHoZjyc6lrNi1PabJ`,`["Bảo Chung"]`
`Hoàng Giang`,`true`,`true`,,,,,,`spt_5saYYEwXZoT9wXlWVd00jC`,`["Hoàng Giang"]`
`Ba Vân`,`true`,`true`,,,,,,`spt_3Ivu2hVWARi3EaCfCs58QA`,`["Ba Vân"]`
`Duy Phương`,`true`,`true`,,,,`https://i.scdn.co/image/ab67616d0000b273cd0def601b9b592617c534d6`,,`spt_6MYzSoIOq4WYIbTBOZJDWI`,`["Duy Phương"]`
`Kiều Mai Lý`,`true`,`true`,,,,,,`spt_0vGqAE5IwufncW0iM7eAAh`,`["Kiều Mai Lý"]`
`Hề Sa`,`true`,`true`,,,,,,`spt_4vtsjrFVDsdaLWo6wfeg8g`,`["Hề Sa"]`
`Minh Cà Ri`,`true`,`true`,,,,`https://i.scdn.co/image/ab6761610000e5eb3126aaa592304b6cadeaf638`,,`spt_29xtwCxmznSC9QPikI0GtZ`,`["Minh Cà Ri"]`
`Quang Trung`,`true`,`true`,,,,`https://i.scdn.co/image/ab67616d0000b273f53327cf9b7f7c17c1b55743`,,`spt_4cLYlDISnWaErAitB8kRph`,`["Quang Trung"]`
`Hakoota`,`true`,`true`,,,,`https://i.scdn.co/image/ab6761610000e5ebef575b328fcb9ad67579f46f`,,`spt_7kE39OIlliCniD1AhI4jsJ`,`["Hakoota"]`
`TINO`,`true`,`true`,,,,`https://i.scdn.co/image/ab6761610000e5ebe4b3c344226f194f5c3b16a2`,,`spt_1H3wX90oKRfy2zHFpWRzeX`,`["TINO"]`
`Deeslowz`,`true`,`true`,,,,,,`spt_3n0KVy0iyF9SMRJryptw3K`,`["Deeslowz"]`
`Cara`,`true`,`true`,,,,`https://i.scdn.co/image/ab67616d0000b273a794b763d4673bf190e623c0`,,`spt_3lW2KzcQ2kUnAgHy9HyTpw`,`["Cara"]`
`Nhật Nguyễn`,`true`,`true`,,,,`https://i.scdn.co/image/ab67616d0000b273346830fbf2016351b2828136`,,`spt_2S3B3QTf6Yo5ttWSWPXAsz`,`["Nhật Nguyễn"]`
`Tofu`,`true`,`true`,,,,`https://i.scdn.co/image/ab67616d0000b273fe9550ecb43155f6b6b34858`,,`spt_2oLwbAelUmLi0CGQrJgd0h`,`["Tofu"]`
`Techbeat Records`,`true`,`true`,,,,`https://i.scdn.co/image/ab67616d0000b273d7cbbfc607f34be023ba0c98`,,`spt_5w0aa8oX5he2fslxU9dqDv`,`["Techbeat Records"]`
`Dang Minh`,`true`,`true`,,,,`https://i.scdn.co/image/ab6761610000e5eb332e1e9c0ea95696f6b4ca35`,,`spt_6mBBguyEawXsIXiHvTd4MD`,`["Dang Minh"]`
`Thu Thủy`,`true`,`true`,,,,`https://i.scdn.co/image/ab6761610000e5ebbcc22afd7736ee5baec8fc92`,,`spt_2WKkrJzkKYue4aSYtDkNKs`,`["Thu Thủy"]`
`Duy Khanh`,`true`,`true`,,,,`https://i.scdn.co/image/ab67616d0000b2731d9245157a30e1c3780c3125`,,`spt_36Ltp1cc3ExQQJ8h9GCT4O`,`["Duy Khanh"]`
`Khả Như`,`true`,`true`,,,,`https://i.scdn.co/image/ab67616d0000b273dfa2fc5572706eec2e3c1801`,,`spt_2An0anx7Fy728vFpRJ5McZ`,`["Khả Như"]`
`Puka`,`true`,`true`,,,,`https://i.scdn.co/image/ab67616d0000b2734d67592ec8d435833f931ebc`,,`spt_2TPf3afjOoDz84azYLOtwz`,`["Puka"]`
`NSUT Thoai My`,`true`,`true`,,,,,,`spt_71oSjfBp5Woc5Doe2Fhzqr`,`["NSUT Thoai My"]`
`FM band`,`true`,`true`,,,,`https://i.scdn.co/image/ab67616d0000b273ba8f917a0c35aa629519267d`,,`spt_4wNg5ZhKx93in8IpkdaWNe`,`["FM band"]`
`P336 Band`,`true`,`true`,,,,,,`spt_2b1WND4dyYFzVjwdWo07l4`,`["P336 Band"]`
`V.Music New`,`true`,`true`,,,,,,`spt_4p8AxJzeMkzOWZsKTp3IvA`,`["V.Music New"]`
`Duzzq`,`true`,`true`,,,,`https://i.scdn.co/image/ab6761610000e5ebf27a1450a391d7339f9499aa`,,`spt_24xSnShSS7VV3dvFypKpxy`,`["Duzzq"]`
`Celestial Vision`,`true`,`true`,,,,`https://i.scdn.co/image/ab6761610000e5eb2135da501481291cd4dda064`,,`spt_2UNKFai77S0PsPIVY0pqCx`,`["Celestial Vision"]`
`Dame`,`true`,`true`,,,,`https://i.scdn.co/image/ab6761610000e5eb22b90af3d1b33143deb04058`,,`spt_2XNo6k4LqlZlM5sj0wKReo`,`["Dame"]`
`Ngọc Xuân`,`true`,`true`,,,,,,`spt_5Jwha4WX3nFdmGCrMlwCsg`,`["Ngọc Xuân"]`
`La Cà Band`,`true`,`true`,,,,`https://i.scdn.co/image/ab67616d0000b2733a838b767d1546e773fd77d0`,,`spt_4W5334LlJfvKlTeo5vOksV`,`["La Cà Band"]`
`Lương Bích Hữu`,`true`,`true`,,,,`https://i.scdn.co/image/ab6761610000e5eb3809c3496d6609da91036a6f`,,`spt_7JpgJSzLFVxFcMIRUhq7vV`,`["Lương Bích Hữu"]`
`Khánh Thi`,`true`,`true`,,,,`https://i.scdn.co/image/ab67616d0000b273dc78f57e7b260dd99db03fb0`,,`spt_0qyGpbRRnFoYZtyAL0N7LC`,`["Khánh Thi"]`
`Phan Hiển`,`true`,`true`,,,,`https://i.scdn.co/image/ab67616d0000b273dc78f57e7b260dd99db03fb0`,,`spt_5fNwS9zIVL8sWoACdG3yJn`,`["Phan Hiển"]`
`Generali`,`true`,`true`,,,,,,`spt_2F46K1FpFX2mx8xAi7pFKB`,`["Generali"]`
`Bạn Có Tài Mà`,`true`,`true`,,,,`https://i.scdn.co/image/ab6761610000e5eb540e5cbfca92abf64d29277b`,,`spt_6FCF4ljKz7tzcsOyUExpS7`,`["Bạn Có Tài Mà"]`
`Lahi`,`true`,`true`,,,,`https://i.scdn.co/image/ab6761610000e5eb55794a1162af6f9b18e68a8f`,,`spt_1uENTg8Fy1U7lEsQWcjIFF`,`["Lahi"]`
`DCROWNFLY`,`true`,`true`,,,,,,`spt_59RzfAdSFmb1yxqIlFUNvk`,`["DCROWNFLY"]`
`Wolf C`,`true`,`true`,,,,`https://i.scdn.co/image/ab6761610000e5eb5a050528a43a831e33dde9bf`,,`spt_5qBZa1lgVPbSM1e0DwMWhC`,`["Wolf C"]`
`Zinnine`,`true`,`true`,,,,,,`spt_19XsZgjlw1MS5Ggg3bNP3l`,`["Zinnine"]`
`Changmie`,`true`,`true`,,,,`https://i.scdn.co/image/ab67616d0000b2738e8d750760e1099a9f9de1cf`,,`spt_16umwFzRQOQM8X4XXYacqf`,`["Changmie"]`
`Hà An Huy`,`true`,`true`,,,,`https://i.scdn.co/image/ab67616d0000b273280ab7d2583d4cd55dbc0dff`,,`spt_6cz81gA7fLpRK4qKeLsGIn`,`["Hà An Huy"]`
`Phương Uyên`,`true`,`true`,,,,`https://i.scdn.co/image/ab67616d0000b273039c6089bb5133080e66e046`,,`spt_49QLdUjNyaBYeGG2bwvbZB`,`["Phương Uyên"]`
`Thiều Bảo Trang`,`true`,`true`,,,,`https://i.scdn.co/image/ab6761610000e5ebe011ef6cb508a142ed25f9ce`,,`spt_0N6HV62prScKXpkfy97S2Q`,`["Thiều Bảo Trang"]`
`Color`,`true`,`true`,,,,`https://i.scdn.co/image/ab67616d0000b273faf176d2b1b2385995a61753`,,`spt_3iKq7k9u8i1Y07wvMT4nrk`,`["Color"]`
`Uyên Nguyên`,`true`,`true`,,,,`https://i.scdn.co/image/ab67616d0000b273b3e662d637fba7d1cae8af21`,,`spt_5Sel4YASFwEv80El2R4tWv`,`["Uyên Nguyên"]`
`Vin Quốc Anh`,`true`,`true`,,,,`https://i.scdn.co/image/ab6761610000e5eb7537481f2fbea0b4076408b1`,,`spt_14yxbWNAfp2LOdYtm69ASk`,`["Vin Quốc Anh"]`
`Uyên Pím`,`true`,`true`,,,,`https://i.scdn.co/image/ab6761610000e5ebb231cd9f88dc927676931600`,,`spt_0WTq44We1hgk44exLV0pFc`,`["Uyên Pím"]`
`Duy Cỏ`,`true`,`true`,,,,,,`spt_5byQpVpEUVoJUT6ufy4VEj`,`["Duy Cỏ"]`
`Cao Bá Hưng`,`true`,`true`,,,,`https://i.scdn.co/image/ab6761610000e5ebbfb54c95f5334c3b4801a033`,,`spt_0XXsDvZGaRpOTStVpuTEst`,`["Cao Bá Hưng"]`
`Hạ`,`true`,`true`,,,,`https://i.scdn.co/image/ab67616d0000b273bb33a6636572604e9be5c7be`,,`spt_4LZnmsuTpxU5YSNc5MnjLn`,`["Hạ"]`
`Pjnboys`,`true`,`true`,,,,`https://i.scdn.co/image/ab6761610000e5eb8717ae5dad73155e4ff6243a`,,`spt_3tPhATqpWFeuaZEmPMKvu1`,`["Pjnboys"]`
`Antoneus Maximus`,`true`,`true`,,,,`https://i.scdn.co/image/ab67616d0000b273d04215cd15345fd3991bc30e`,,`spt_4AmiihgP8NFOtvU9DwLaK0`,`["Antoneus Maximus"]`
`TamKe`,`true`,`true`,,,,`https://i.scdn.co/image/ab67616d0000b2737eb270ca699afd0b71c5d2d4`,,`spt_6GcC0Gu5x8XsnuBkK2sftG`,`["TamKe"]`
`GeeQ`,`true`,`true`,,,,`https://i.scdn.co/image/ab6761610000e5eb56fdb87d355125357800e1a8`,,`spt_2hqnkb5fp0tfwXwmUaLUwk`,`["GeeQ"]`
`Một Thời Gian Band`,`true`,`true`,,,,,,`spt_7AwCbKilWey4YLMHMQCB9V`,`["Một Thời Gian Band"]`
`Arthur`,`true`,`true`,,,,`https://i.scdn.co/image/ab67616d0000b27346942a8d4a95105f46949664`,,`spt_0NjgjOZLT3uE9fpNRXm9JL`,`["Arthur"]`
`Low Best`,`true`,`true`,,,,,,`spt_1IBNiYIBDzRsuwsh9RRx8q`,`["Low Best"]`
`arthur`,`true`,`true`,,,,`https://i.scdn.co/image/ab67616d0000b273b44e3a4c7b776a3598f0224c`,,`spt_2CH7tjgEzX0QgzBdbzobxe`,`["arthur"]`
`Thảo Trang`,`true`,`true`,,,,`https://i.scdn.co/image/ab6761610000e5eb6d5991069a9480fadd9d6bb2`,,`spt_2maFpa4M8FWKvytGzgLhyl`,`["Thảo Trang"]`
`Tuấn Khanh`,`true`,`true`,,,,`https://i.scdn.co/image/ab67616d0000b2739e4506eca0002418a36050d4`,,`spt_4KfiEpUuc1oAiztTMj7XMC`,`["Tuấn Khanh"]`
`Triple D`,`true`,`true`,,,,`https://i.scdn.co/image/ab6761610000e5eb833a814cffce1c34d737d3a0`,,`spt_7kIg00UV1mRLC4BgfGlCwH`,`["Triple D"]`
`Saigon Soul Revival`,`true`,`true`,,,,`https://i.scdn.co/image/ab6761610000e5eba13cc3dec9859e2262038c2c`,,`spt_6XegBccPJ644jlWLh43NqO`,`["Saigon Soul Revival"]`
`Dj Shay`,`true`,`true`,,,,,,`spt_6gJJ5aku6YzxOYLbQ4Udtj`,`["Dj Shay"]`
`Brotha Lok`,`true`,`true`,,,,`https://i.scdn.co/image/ab6761610000e5eb47d61677680aad1bc92f03cb`,,`spt_7BzpoBSpZMDZYgnExd3QSs`,`["Brotha Lok"]`
`DJ Release`,`true`,`true`,,,,`https://i.scdn.co/image/ab6761610000e5eb15ecff0b4396432cbc89c05a`,,`spt_4TVH4cXIi6EMyOkZTRqnJc`,`["DJ Release"]`
`Cheezebout`,`true`,`true`,,,,,,`spt_6FKS2OJv7gAK9S0SwGNlie`,`["Cheezebout"]`
`Tam Ca 3 A`,`true`,`true`,,,,,,`spt_0I63VqLQnImKw6ITTuq5pV`,`["Tam Ca 3 A"]`
`Lucky$outh`,`true`,`true`,,,,,,`spt_2rhIXAWzwAaxf6tN2P6jDn`,`["Lucky$outh"]`
`TIA`,`true`,`true`,,,,`https://i.scdn.co/image/ab6761610000e5ebfbe3a3b4ddbb0a5700608ec8`,,`spt_6LrBtADUmDoLlcTrg448Qt`,`["TIA"]`
`Soul One`,`true`,`true`,,,,`https://i.scdn.co/image/ab6761610000e5eb369f863df99e1045635b00fc`,,`spt_1nPgcLxYtL46MllWZwD8GM`,`["Soul One"]`
`Sativa`,`true`,`true`,,,,`https://i.scdn.co/image/ab67616d0000b273d45c6e9dc4c44812df54b328`,,`spt_6JS8dCjo2ahbKaRUeJgeDc`,`["Sativa"]`
`Mikeezy`,`true`,`true`,,,,`https://i.scdn.co/image/ab67616d0000b2730b28b2df0f9d189930095581`,,`spt_2GKrqpvSTDRFPHWha43p46`,`["Mikeezy"]`
`KLAF`,`true`,`true`,,,,`https://i.scdn.co/image/ab6761610000e5eb6c840963d0ad151821fbb0d1`,,`spt_63wk4X7YXCEEzvhSsTMu8v`,`["KLAF"]`
`Raw`,`true`,`true`,,,,`https://i.scdn.co/image/ab67616d0000b273708dfcbeb4e9120c1077bce9`,,`spt_7yjeqYoHtLcPmIfqPViAEd`,`["Raw"]`
`Hành Or`,`true`,`true`,,,,`https://i.scdn.co/image/ab6761610000e5eb22d68e43b48dc80955802d99`,,`spt_4oQYXp2FE6Xr3btXbQkAul`,`["Hành Or"]`
`BadBz`,`true`,`true`,,,,`https://i.scdn.co/image/ab67616d0000b27317c833ee6823813463bda3fc`,,`spt_24g2ZCgiC9b4RQ5UcFaDDG`,`["BadBz"]`
`Lor`,`true`,`true`,,,,,,`spt_1InLRO3QEJSDAQdRjK27pr`,`["Lor"]`
`Kuboss`,`true`,`true`,,,,`https://i.scdn.co/image/ab6761610000e5eb769ea591194aee41c8adbae8`,,`spt_1viKCTWtWYbRDtg8DcmRyg`,`["Kuboss"]`
`JAY COPE`,`true`,`true`,,,,`https://i.scdn.co/image/ab67616d0000b273558737823fd8c38d4f677230`,,`spt_3aF2bCv0voNyRiYFTqv5Ha`,`["JAY COPE"]`
`Chị Cả`,`true`,`true`,,,,`https://i.scdn.co/image/ab67616d0000b2739a256cc1c0845e956bff2061`,,`spt_6lT5xCLqQJlHXFdZnUkI2c`,`["Chị Cả"]`
`Dablo`,`true`,`true`,,,,`https://i.scdn.co/image/ab67616d0000b27367846c291bbe76aaa283793a`,,`spt_1WbB29yODBJ84DkbJefN7d`,`["Dablo"]`
`Kenji`,`true`,`true`,,,,,,`spt_1NbMjhYmCZw9D254PK1icL`,`["Kenji"]`
`Ngan`,`true`,`true`,,,,,,`spt_4pz6bKdVWeMPM6rxarVvIx`,`["Ngan"]`
`Nhat Hoang`,`true`,`true`,,,,`https://i.scdn.co/image/ab67616d0000b273174d4a8f71cabbbf517b5814`,,`spt_12rPv2DR0Jq0dKp7Rz0iZK`,`["Nhat Hoang"]`
`SpideyBoy`,`true`,`true`,,,,`https://i.scdn.co/image/ab67616d0000b273019fddcd84c46825ed0ec7c3`,,`spt_4OTY7DIeLzpeQCopOBbMX7`,`["SpideyBoy"]`
`MFREE`,`true`,`true`,,,,`https://i.scdn.co/image/ab6761610000e5ebc0a857e898bab82ec2b2a9e4`,,`spt_3Gx0fp4mXr6YU4DONMHqB8`,`["MFREE"]`
`RAF`,`true`,`true`,,,,`https://i.scdn.co/image/f25b377cbffc6cffc4a66854b72c39fd265d23c6`,,`spt_4E47hrb4KscoTErEqSBSlN`,`["RAF"]`
`BILLY`,`true`,`true`,,,,,,`spt_2goioTWuAsqjcLGfOs0S8O`,`["BILLY"]`
`Linh Thon`,`true`,`true`,,,,,,`spt_6JOLzSKhLAz1kgISug7axT`,`["Linh Thon"]`
`Tboss`,`true`,`true`,,,,`https://i.scdn.co/image/ab67616d0000b273c460352033ff30106a794bae`,,`spt_4AlBJcAW8sCpovlNlOGNIU`,`["Tboss"]`
`Thy`,`true`,`true`,,,,`https://i.scdn.co/image/ab6761610000e5eb1b23cb338a9d36900aa9cd69`,,`spt_6yOU30PcYIiTgX4cG7ZjmS`,`["Thy"]`
`King Kudo`,`true`,`true`,,,,`https://i.scdn.co/image/ab6761610000e5eb9b16d2db2aeedfef7bb9c43b`,,`spt_6nDlluvvIHATNoY3S40dTx`,`["King Kudo"]`
`DBLUE`,`true`,`true`,,,,,,`spt_6yRZiaeSR37mBJQHNrT65p`,`["DBLUE"]`
`Slick`,`true`,`true`,,,,`https://i.scdn.co/image/ab6761610000e5eb6c596fe81926502686d924fe`,,`spt_03TPtam3TYOTrTYLZLZQx7`,`["Slick"]`
`VY Jacko`,`true`,`true`,,,,`https://i.scdn.co/image/ab6761610000e5eb0559234c48f189a443c1d905`,,`spt_0mDoUba96VCtvihkndNxpU`,`["VY Jacko"]`
`MC Wiz`,`true`,`true`,,,,`https://i.scdn.co/image/ab6761610000e5ebc261a10870f16e59251beb7d`,,`spt_4sukkkUXTLXloBgZPRUEad`,`["MC Wiz"]`
`WINNO`,`true`,`true`,,,,,,`spt_0Vjux6w7rwjsZkfi9iUBsX`,`["WINNO"]`
`CTRIS`,`true`,`true`,,,,,,`spt_3jHtZdfspEEhYi3yW2mEBx`,`["CTRIS"]`
`Mes`,`true`,`true`,,,,`https://i.scdn.co/image/ab6761610000e5ebffa2e71b1148ea0785170b17`,,`spt_7A6P1Ituiw9lNSokNRqnI4`,`["Mes"]`
`Gizmo`,`true`,`true`,,,,`https://i.scdn.co/image/ab67616d0000b273157d110257b8e7b91067f038`,,`spt_7cabplISz4uuq1k7cVbdKU`,`["Gizmo"]`
`SCRIPB`,`true`,`true`,,,,,,`spt_1wfzpQjDHLrclNNKRZhNLe`,`["SCRIPB"]`
`NevaDie`,`true`,`true`,,,,`https://i.scdn.co/image/ab67616d0000b273e9805bee64d860e2bf24d018`,,`spt_6NFK3R3ZCDBir73mgHkC9z`,`["NevaDie"]`
`Phon`,`true`,`true`,,,,,,`spt_0YkE2Adg1DxCGOfbmZIXt5`,`["Phon"]`
`Danh Ca Thuong`,`true`,`true`,,,,,,`spt_4w6sYUQAK04LnqQp2AYocD`,`["Danh Ca Thuong"]`
`CJay`,`true`,`true`,,,,,,`spt_5XI6Txyycq05cMccH8cgOT`,`["CJay"]`
`Mang`,`true`,`true`,,,,,,`spt_7cMHcyptRaLAf9mHuMU9jx`,`["Mang"]`
`DRINKCOCA`,`true`,`true`,,,,,,`spt_7IjLVBUlDihpOQVNcyAdkH`,`["DRINKCOCA"]`
`Lowkey`,`true`,`true`,,,,,,`spt_0KgnJXZ5uGA6U56Fe7TEic`,`["Lowkey"]`
`GTM`,`true`,`true`,,,,`https://i.scdn.co/image/ab6761610000e5ebc99e908a8fb25083f2c41dd3`,,`spt_67NTfKQXxFaG26LkSfHJfe`,`["GTM"]`
`DP`,`true`,`true`,,,,,,`spt_5yH484qxAN5MMx6qNIXf2Z`,`["DP"]`
`Hazel`,`true`,`true`,,,,`https://i.scdn.co/image/ab67616d0000b2730b844d3a749542a8de164eb9`,,`spt_22OldkM9MvTQgkozI6Scae`,`["Hazel"]`
`Kick`,`true`,`true`,,,,`https://i.scdn.co/image/ab6761610000e5eba0101114300f148b76dd15ec`,,`spt_4X6XZ2ViMdBINfELW82Ao6`,`["Kick"]`
`Maxwell`,`true`,`true`,,,,,,`spt_2rrnHQpJRZtFrryWjD4TTZ`,`["Maxwell"]`
`Min`,`true`,`true`,,,,,,`spt_76VqHBal3TxKTk3g9Rz4RF`,`["Min"]`
`Night T`,`true`,`true`,,,,`https://i.scdn.co/image/ab67616d0000b2737da95a44f77c813a5ac67723`,,`spt_4IBkKTx3IJ2TLHpn6H9FKg`,`["Night T"]`
`Droppy`,`true`,`true`,,,,`https://i.scdn.co/image/ab67616d0000b2739a256cc1c0845e956bff2061`,,`spt_4Mj1MsT19w6qtPytrzLEuu`,`["Droppy"]`
`R.E.V`,`true`,`true`,,,,`https://i.scdn.co/image/ab67616d0000b273c1a6cfd22872cc9dd61781f3`,,`spt_6S8AOyyfy9aRcrG76kBLSq`,`["R.E.V"]`
`Max Well`,`true`,`true`,,,,,,`spt_1SsGzMY8WdO2SKB2uSsCdF`,`["Max Well"]`
`Sóc Nâu`,`true`,`true`,,,,`https://i.scdn.co/image/ab6761610000e5ebe5c92b99e47bc7caffdacc26`,,`spt_3bFCDFiTz8uVUhdaepE5Mo`,`["Sóc Nâu"]`
`Cam Van`,`true`,`true`,,,,,,`spt_3MpMIuG7OOJSdp2hUdg8pC`,`["Cam Van"]`
`Sambi`,`true`,`true`,,,,,,`spt_42IBjIG15d46zfKZwE3tuQ`,`["Sambi"]`
`Piggy`,`true`,`true`,,,,`https://i.scdn.co/image/ab67616d0000b273561fa236d689bb0932f2d604`,,`spt_2Hy7GLwUKoDzubmTbocAol`,`["Piggy"]`
`NSUT Que Tran`,`true`,`true`,,,,,,`spt_3VxUqc3HTj5Bv2Xhu7zmS3`,`["NSUT Que Tran"]`
`Hallasan`,`true`,`true`,,,,`https://i.scdn.co/image/ab67616d0000b273780cb7553ac2ce40ac314b44`,,`spt_6kg9ZJ4H711ZUpCAK8s48c`,`["Hallasan"]`
`KWIN`,`true`,`true`,,,,`https://i.scdn.co/image/ab6761610000e5ebfbef39ac86c2f1662ebf8fcc`,,`spt_4KxPaNRfbWimXFSOgAkRS7`,`["KWIN"]`
`fueled by boba`,`true`,`true`,,,,`https://i.scdn.co/image/ab6761610000e5eb064985c24e1cfe46dbd5ebff`,,`spt_4NKeJPVrlhASY3FXkQsLGn`,`["fueled by boba"]`
`Summer Vee`,`true`,`true`,,,,`https://i.scdn.co/image/ab6761610000e5ebb123392d82980352289f0eff`,,`spt_6gWEeFGU5pCS3WOabthYiI`,`["Summer Vee"]`
`Vũ Khánh Dương`,`true`,`true`,,,,`https://i.scdn.co/image/ab67616d0000b273e8ccd431618d4e07ac03cfdf`,,`spt_7HC7VMCJjPWn9CcNdYGuYL`,`["Vũ Khánh Dương"]`
`FML`,`true`,`true`,,,,`https://i.scdn.co/image/ab6761610000e5ebcadc39e7abb4a8a0a5adec8f`,,`spt_0fUa0Fw2rm0HCRtKYmBJ1N`,`["FML"]`
`Cam Thơ`,`true`,`true`,,,,,,`spt_153TUQGdFI8G2QDb4YuWDM`,`["Cam Thơ"]`
`Young Uno`,`true`,`true`,,,,`https://i.scdn.co/image/ab67616d0000b2739a841fba5b51d678a352ca4b`,,`spt_2yaRah4LLM3I84XnSHU4Am`,`["Young Uno"]`
`Addy Trần`,`true`,`true`,,,,`https://i.scdn.co/image/ab6761610000e5eb84227e1511b8af3985bac5cb`,,`spt_3IoZZT09HLt5jFvUQOwhA2`,`["Addy Trần"]`
`Pain A.K.A Dai Ca P`,`true`,`true`,,,,`https://i.scdn.co/image/ab6761610000e5ebfc76edf7cb7239a7a18356af`,,`spt_4b6YJa43oNQEoGWqilql4m`,`["Pain A.K.A Dai Ca P"]`
`Minh Tốc`,`true`,`true`,,,,`https://i.scdn.co/image/ab67616d0000b2734dacf6209908ab7b942a4ff8`,,`spt_6041bp1WneyjycRVNFIdrW`,`["Minh Tốc"]`
`Pablo Yang`,`true`,`true`,,,,`https://i.scdn.co/image/ab67616d0000b2734dacf6209908ab7b942a4ff8`,,`spt_0ecx7ZulYP1M6roRRmYUNF`,`["Pablo Yang"]`
`Hậu Vi`,`true`,`true`,,,,,,`spt_08SuZpCtCHnOuW4ZzjEhsg`,`["Hậu Vi"]`
`Kaang`,`true`,`true`,,,,`https://i.scdn.co/image/ab6761610000e5ebfd8af489d1205c298af6ff69`,,`spt_50bFeIR6ocbNWej3JRhKhz`,`["Kaang"]`
`KraziNoyze`,`true`,`true`,,,,`https://i.scdn.co/image/ab6761610000e5eb8c15ce1d4752a767c23c8ef9`,,`spt_1uBoOwCIbSlAyZZswoeOT3`,`["KraziNoyze"]`
`Dai Ca P`,`true`,`true`,,,,,,`spt_0ByZ3U6eAU0Ug7CAFuMtdB`,`["Dai Ca P"]`
`95G`,`true`,`true`,,,,`https://i.scdn.co/image/ab6761610000e5ebbdd8957071e80b283bedff32`,,`spt_7zrxCdVQeT3t5LAN3Jpavs`,`["95G"]`
`KeyV`,`true`,`true`,,,,`https://i.scdn.co/image/ab67616d0000b273253489cda2edac9d908fda1e`,,`spt_54XWWbyDZgXLpA7TAmB4N0`,`["KeyV"]`
`G-Family`,`true`,`true`,,,,`https://i.scdn.co/image/ab67616d0000b273e3642f01df6095e40e0a0693`,,`spt_5RiAPQ4fpNGYxMWT74EOHG`,`["G-Family"]`
`Hata`,`true`,`true`,,,,`https://i.scdn.co/image/ab67616d0000b273a049efa5f4cc0581a638fe31`,,`spt_45jqppZY2cPbkdlNEP6BwJ`,`["Hata"]`
`Joka3iz`,`true`,`true`,,,,`https://i.scdn.co/image/ab67616d0000b273ad507724e396f86fe840613f`,,`spt_0ocO9wD6nzLDn1HCwTmioM`,`["Joka3iz"]`
`Cá Nóc`,`true`,`true`,,,,,,`spt_1BfR0BlYBhvyNDwJ0oWw8A`,`["Cá Nóc"]`
`Lil Ce`,`true`,`true`,,,,`https://i.scdn.co/image/ab67616d0000b27355270348d6c0a229e9f0e1ea`,,`spt_0iwaeyoF7NzZmTlcB1BdU6`,`["Lil Ce"]`
`ACY`,`true`,`true`,,,,`https://i.scdn.co/image/ab67616d0000b273a401ee20e6604cb2ee4ead89`,,`spt_2GArxmZZYPKHA2iFAVa7pL`,`["ACY"]`
`Mikezy`,`true`,`true`,,,,,,`spt_0feVoaMDDoLF3y6Hpz0FFy`,`["Mikezy"]`
`Sol'bass`,`true`,`true`,,,,,,`spt_1m8EOH3PWa22EUbKRkOXiR`,`["Sol'bass"]`
`B2C`,`true`,`true`,,,,,,`spt_75HZNjBcz1exr6UXEJlgOB`,`["B2C"]`
`Logan`,`true`,`true`,,,,`https://i.scdn.co/image/ab67616d0000b273f6b974907b117aa1693deca2`,,`spt_2q8w1qcJJmvYpTc58BaaaD`,`["Logan"]`
`Crank D`,`true`,`true`,,,,`https://i.scdn.co/image/ab6761610000e5eb5de75d697f5b06ef93788081`,,`spt_2Yizq6HaOjj0xXZ0PSngaQ`,`["Crank D"]`
`Chiennhatlang`,`true`,`true`,,,,`https://i.scdn.co/image/ab6761610000e5eb470d7a888aa4cf66135b277c`,,`spt_71LQEF4uo08r9RIB7eTEAE`,`["Chiennhatlang"]`
`Dong PK`,`true`,`true`,,,,`https://i.scdn.co/image/ab67616d0000b27350f0f1e0bd5255da37442264`,,`spt_73dESB13SrwQkEN55O5JR2`,`["Dong PK"]`
`Mixed Miyagi`,`true`,`true`,,,,`https://i.scdn.co/image/ab6761610000e5ebd0b9c2955c568ecabaaaf96f`,,`spt_4mk54kenUTmMSMRnMeK5vB`,`["Mixed Miyagi"]`
`S-Fury`,`true`,`true`,,,,`https://i.scdn.co/image/ab67616d0000b27358c203315eb304b9110dd0b9`,,`spt_0ZGqXJYwseYBJvBvw4KICh`,`["S-Fury"]`
`SMO`,`true`,`true`,,,,`https://i.scdn.co/image/ab6761610000e5ebc3c06c06a65b40e958f287e8`,,`spt_06zS0fTnfMX9Bg3UTfKbD9`,`["SMO"]`
`Rose`,`true`,`true`,,,,,,`spt_6rk0DMxpLUYOdM7OGyPL7w`,`["Rose"]`
`Skeme 3 Yard King`,`true`,`true`,,,,,,`spt_1ptOWtf0g5Ol1ihzDdlZk6`,`["Skeme 3 Yard King"]`
`FOS`,`true`,`true`,,,,`https://i.scdn.co/image/ab6761610000e5ebddcde4b7ed6e8845cafdf54a`,,`spt_4AODuoMaeBGpmGBwNwGXYI`,`["FOS"]`
`DKid`,`true`,`true`,,,,`https://i.scdn.co/image/ab6761610000e5eb173ee3eda6430ff4434b4f4b`,,`spt_2G10onVIMw3d6jx92Tl4v8`,`["DKid"]`
`K.O`,`true`,`true`,,,,,,`spt_7EopiKBFebZJMyCrzdCiSP`,`["K.O"]`
`Kellie`,`true`,`true`,,,,`https://i.scdn.co/image/ab67616d0000b273e72355234efe6d9310bc5f90`,,`spt_4WSqojM5FY1pPZOzI6e8qv`,`["Kellie"]`
`V#`,`true`,`true`,,,,`https://i.scdn.co/image/ab6761610000e5ebaa1a6ca097785f5475809d92`,,`spt_3XevJv2rTKu5WYtD0LW6om`,`["V#"]`
`Cà Nâu`,`true`,`true`,,,,`https://i.scdn.co/image/ab6761610000e5eb31603617bb59cf9b28f3c9b1`,,`spt_1GaNXOOINBcBKwdd58rMbW`,`["Cà Nâu"]`
`Im Possible`,`true`,`true`,,,,`https://i.scdn.co/image/ab6761610000e5eb15649ccda24fceb5149e7b68`,,`spt_4wMlCoSsh36bChIWjLGRlk`,`["Im Possible"]`
`prettyXIX`,`true`,`true`,,,,`https://i.scdn.co/image/ab6761610000e5eb4a2825e70920991027a33703`,,`spt_28XrDF0G35BpyybcGaQTzU`,`["prettyXIX"]`
`ShanHao`,`true`,`true`,,,,`https://i.scdn.co/image/ab67616d0000b273b7fbcaf64a8dc6d0e7ec2caf`,,`spt_08oVk6zBKzkq6k9kn7SLAb`,`["ShanHao"]`
`Free`,`true`,`true`,,,,,,`spt_4alYiP2KoOmhytLOveTVd2`,`["Free"]`
`PAR FLEX`,`true`,`true`,,,,`https://i.scdn.co/image/ab6761610000e5eb4ab79aa075a92ef21cd2cde9`,,`spt_7Fsnh2dqeAnr035KLQnpoY`,`["PAR FLEX"]`
`J Jade`,`true`,`true`,,,,`https://i.scdn.co/image/ab6761610000e5eb05962fd8d83b858ebbde0dfa`,,`spt_2y83sgdSt6FCvmGdaxnKPj`,`["J Jade"]`
`TC`,`true`,`true`,,,,`https://i.scdn.co/image/7b48a4200afafd316301bfc3c90e2437621cfb0b`,,`spt_2LIA1QWOmVirfJpdH3x4rD`,`["TC"]`
`XAM`,`true`,`true`,,,,`https://i.scdn.co/image/ab6761610000e5ebea29bf1058826122fe2d611a`,,`spt_0eu5rO5SFhiupVgf5woh9H`,`["XAM"]`
`BlackBi`,`true`,`true`,,,,`https://i.scdn.co/image/ab67616d0000b273641044883478871155e10b1f`,,`spt_2x0RPlLEFz7pqXlhc1bl0G`,`["BlackBi"]`
`Bố Du`,`true`,`true`,,,,,,`spt_1C3d6lCWzJxc4u58rK5fht`,`["Bố Du"]`
`Baby Red aka Hung Xe Dap`,`true`,`true`,,,,`https://i.scdn.co/image/ab67616d0000b2730f689de666b1ef0b415fe933`,,`spt_5tm3TvF1iMzxJahJJQu3qN`,`["Baby Red aka Hung Xe Dap"]`
`Torai9`,`true`,`true`,,,,`https://i.scdn.co/image/ab67616d0000b2738ce586bb3d16be734fc2ab73`,,`spt_6NgLGLoYDVrci55VbCb9FU`,`["Torai9"]`
`Kiban`,`true`,`true`,,,,,,`spt_4cILoW2iqYV4WuiYMKvWsl`,`["Kiban"]`
`Phutoro`,`true`,`true`,,,,`https://i.scdn.co/image/ab67616d0000b2730a5d88ba9c1672768a5dacc4`,,`spt_5In7mQSYDy3ITPaoG457sv`,`["Phutoro"]`
`S.O Official`,`true`,`true`,,,,,,`spt_0ipGhBJYwKsiLxMmFSDf2o`,`["S.O Official"]`
`Eszi`,`true`,`true`,,,,`https://i.scdn.co/image/ab67616d0000b27359e0b886adcded35ac1c2f37`,,`spt_6V1WfBJfZuexDO1smvugye`,`["Eszi"]`
`LJ`,`true`,`true`,,,,`https://i.scdn.co/image/ab6761610000e5eb50da25042b237e82bc938d26`,,`spt_0aDVbk9cOUqVcVIrwjdYn1`,`["LJ"]`
`Locies`,`true`,`true`,,,,`https://i.scdn.co/image/ab67616d0000b2732343b2938c7e5013be1c2829`,,`spt_73tzNQPxT8mNDhcdcA7ziC`,`["Locies"]`
`RPT Phongkhin`,`true`,`true`,,,,,,`spt_507GazaO91Ut3S2DSeCJwh`,`["RPT Phongkhin"]`
`LVK`,`true`,`true`,,,,`https://i.scdn.co/image/ab6761610000e5eb4277c544775bb14c748b9fd2`,,`spt_76fm2NyyYS5cjegkXhVAlL`,`["LVK"]`
`Renja`,`true`,`true`,,,,`https://i.scdn.co/image/ab67616d0000b273aeb974149b10c7c9c3aeb8f7`,,`spt_2cKAEkWBpi8mNbjaL4361s`,`["Renja"]`
`Slow T`,`true`,`true`,,,,`https://i.scdn.co/image/ab67616d0000b273aeb974149b10c7c9c3aeb8f7`,,`spt_5QOqH8BG0InIySjZEKSdBO`,`["Slow T"]`
`Sugar Cane`,`true`,`true`,,,,`https://i.scdn.co/image/ab67616d0000b2736611145f8d5e44aa3920cc82`,,`spt_0dxoTPoa0aXYlevHgpROKE`,`["Sugar Cane"]`
`Kain`,`true`,`true`,,,,`https://i.scdn.co/image/ab6761610000e5ebb779e48be0214dd78ece9133`,,`spt_0vraNAlgqlAsGeDoEaa4ji`,`["Kain"]`
`ZingSpeed Mobile`,`true`,`true`,,,,`https://i.scdn.co/image/ab67616d0000b273ca65a5150a68698274af462b`,,`spt_3abShaXgYgLBtFhVBFT2e9`,`["ZingSpeed Mobile"]`
`LVK`,`true`,`true`,,,,`https://i.scdn.co/image/ab6761610000e5eb29cc6ff5315cf26aa49df09a`,,`spt_0RzrokfoMnpb12F7v9203y`,`["LVK"]`
`BILLY100`,`true`,`true`,,,,`https://i.scdn.co/image/ab6761610000e5eb88c917ced3e9a852d8f9a01f`,,`spt_5eGFciQFU7LU4JQZeIy9uS`,`["BILLY100"]`
`K The Martian`,`true`,`true`,,,,`https://i.scdn.co/image/ab67616d0000b27323c4f3499b4ee337c7cc80de`,,`spt_6vyDUrQhj9U9NVi2TW8TXW`,`["K The Martian"]`
`Be.A`,`true`,`true`,,,,`https://i.scdn.co/image/ab67616d0000b2734ba4d04aa1820ffe5c453bd3`,,`spt_5RuSGtPKej1ES1LFcRwrJF`,`["Be.A"]`
`VINHHOANG`,`true`,`true`,,,,`https://i.scdn.co/image/ab67616d0000b2732029b6350e87d2723e161d1e`,,`spt_1zzw4qIx0z1cB8EYYmqE04`,`["VINHHOANG"]`
`RAF`,`true`,`true`,,,,`https://i.scdn.co/image/ab6761610000e5eb5c7dd4e71d1effcda980fbcb`,,`spt_3JMN8Vi2Fo9HDE64rLcZeX`,`["RAF"]`
`Khánh An`,`true`,`true`,,,,`https://i.scdn.co/image/ab67616d0000b2737b8defab168d413d0283bad5`,,`spt_01mo1cnifEbgQZsMFYa2eM`,`["Khánh An"]`
`Tạ Đình Nguyên`,`true`,`true`,,,,`https://i.scdn.co/image/ab67616d0000b273a53d5aba49ff2e5854effcd5`,,`spt_0tFilFuShRZafjtizJ48Sv`,`["Tạ Đình Nguyên"]`
`Hồ Minh Đương`,`true`,`true`,,,,`https://i.scdn.co/image/ab67616d0000b27384f3519c484c2944986824b9`,,`spt_0f14R2JMVOQsRuxCc4CIPf`,`["Hồ Minh Đương"]`
`Duy Uyên`,`true`,`true`,,,,`https://i.scdn.co/image/ab67616d0000b273a489389bac9831c17636b9c8`,,`spt_18ZSeyNaUoDSDWPiR5anBK`,`["Duy Uyên"]`
`Bảo Ngọc`,`true`,`true`,,,,`https://i.scdn.co/image/ab67616d0000b273f6ce84ffe9eae5e26b28005e`,,`spt_7y3GHt2BYYawvA0Q7h0KvM`,`["Bảo Ngọc"]`
`Như Ngọc`,`true`,`true`,,,,`https://i.scdn.co/image/ab67616d0000b273b34a79bc2961c811fb3a6cb1`,,`spt_6yHNFDi4Jxj2l1IaMLLYFl`,`["Như Ngọc"]`
`Thanh Thúy`,`true`,`true`,,,,`https://i.scdn.co/image/ab67616d0000b273d1141b41c8bf4bc15d96049a`,,`spt_6oO3gusjsenDOQn8RDr5JS`,`["Thanh Thúy"]`
`Yến Nhi`,`true`,`true`,,,,`https://i.scdn.co/image/ab67616d0000b27377db4033360cf91f83e0f77f`,,`spt_1s18PVpd3RMNlETEdq4iGI`,`["Yến Nhi"]`
`Ngọc Linh`,`true`,`true`,,,,`https://i.scdn.co/image/ab6761610000e5ebd59434e3299ab0945def8d51`,,`spt_14RscV8jZp2WBjJMr3SNK9`,`["Ngọc Linh"]`
`Various Artists`,`true`,`true`,,,,`https://i.scdn.co/image/ab6761610000e5eb7462d94efa2db53abba8c003`,,`spt_0LyfQWJT6nXafLPZqxe9Of`,`["Various Artists"]`
`Thu Ngọc`,`true`,`true`,,,,`https://i.scdn.co/image/ab67616d0000b273c1c55d65deb75983eb0aef73`,,`spt_5H2MNIHdeIHD2W9cXAfuZV`,`["Thu Ngọc"]`
`Thu Thuỷ`,`true`,`true`,,,,`https://i.scdn.co/image/ab67616d0000b273ae6df9247be40924b011567d`,,`spt_58qkW7v83Ec74KU5V6tE7l`,`["Thu Thuỷ"]`
`Nhóm AC & M`,`true`,`true`,,,,,,`spt_2L2kLfqlnHdQXxT1r1YHte`,`["Nhóm AC & M"]`
`Tấn Minh`,`true`,`true`,,,,`https://i.scdn.co/image/ab67616d0000b2733f87a15b05be01fd5d4ead2c`,,`spt_60IHdvyJCgusN5QLGNo8Se`,`["Tấn Minh"]`
`Nguyên Thảo`,`true`,`true`,,,,`https://i.scdn.co/image/ab67616d0000b2738193a5a84e30b0693295c9c9`,,`spt_177KBVFwdDaS2qQNHstlrY`,`["Nguyên Thảo"]`
`Hoàng Bách`,`true`,`true`,,,,`https://i.scdn.co/image/ab67616d0000b273d6a8c3cc90cafa1d457f14e2`,,`spt_2G2vOvToIqHl7wkBrgxWlZ`,`["Hoàng Bách"]`
`Hải Yến`,`true`,`true`,,,,`https://i.scdn.co/image/ab67616d0000b273fed92e62f07cfadd91fd483d`,,`spt_3FAUSBTeqy1eFK8plN9dYK`,`["Hải Yến"]`
`Kasim Hoàng Vũ`,`true`,`true`,,,,`https://i.scdn.co/image/ab67616d0000b273102e8383706d0a5330495c74`,,`spt_2tu2ph2VZve0SfgsNnA0Jr`,`["Kasim Hoàng Vũ"]`
`Mỹ Lệ`,`true`,`true`,,,,`https://i.scdn.co/image/ab67616d0000b273977b5b9a05a42d1603bdf7a1`,,`spt_1zpXQd5A5OrShnohiUZHo4`,`["Mỹ Lệ"]`
`Phương Anh`,`true`,`true`,,,,`https://i.scdn.co/image/ab67616d0000b2733b820f605fe5bdb995d10e8b`,,`spt_7cJyqnwFpBTzP1eO1cgPhk`,`["Phương Anh"]`
`Đoan Trang`,`true`,`true`,,,,`https://i.scdn.co/image/ab67616d0000b27378a88df4a29668c1aac56e14`,,`spt_0HjNcRzFHIoXQ8gSoWuluC`,`["Đoan Trang"]`
`Nguyễn Ngọc Anh`,`true`,`true`,,,,`https://i.scdn.co/image/ab67616d0000b2737bec1322aa0dd69f42967f30`,,`spt_2l4yHSHF5t4IVyuaGiqi0j`,`["Nguyễn Ngọc Anh"]`
`Lưu Thiên Hương`,`true`,`true`,,,,`https://i.scdn.co/image/ab67616d0000b273fc59cf28dd8fa89517c7e297`,,`spt_6svW0sYnJFnuQ5nvOhfORW`,`["Lưu Thiên Hương"]`
`Thùy Lâm`,`true`,`true`,,,,,,`spt_0gDyPUIfJWYNlPp48VC8uw`,`["Thùy Lâm"]`
`Tùng Dương`,`true`,`true`,,,,,,`spt_62RFfvc8BO5k42fpQzbafr`,`["Tùng Dương"]`
`Đàm Vĩnh Hưng`,`true`,`true`,,,,`https://i.scdn.co/image/ab6761610000e5ebe87af48db380f0dcf6eee792`,,`spt_4ht0wODL01ELRxlDYvsFad`,`["Đàm Vĩnh Hưng"]`
`Tuấn Đức`,`true`,`true`,,,,`https://i.scdn.co/image/ab67616d0000b273a6e15c46a5d99f42d70e1395`,,`spt_08WU9OzwfFDljmaCdmpN6f`,`["Tuấn Đức"]`
`Phương Thanh`,`true`,`true`,,,,`https://i.scdn.co/image/ab6761610000e5eb6fd1664084748ff23fc8825e`,,`spt_6fvwPdTHctaY65nhFeodrs`,`["Phương Thanh"]`
`Mat Troi Do`,`true`,`true`,,,,,,`spt_6fuiODc0csOlLa0YkOznjq`,`["Mat Troi Do"]`
`Ngọc Hân`,`true`,`true`,,,,`https://i.scdn.co/image/ab67616d0000b273de1932d68351cf94a8a978d5`,,`spt_3Wdyn05ATQMon3kvCQiyER`,`["Ngọc Hân"]`
`Lan Hương`,`true`,`true`,,,,`https://i.scdn.co/image/ab67616d0000b273e08c50dd3bd8d2eb59bd2920`,,`spt_4PIRCHcYVSmRgs7c76Tx3y`,`["Lan Hương"]`
`Phương Thảo`,`true`,`true`,,,,`https://i.scdn.co/image/ab67616d0000b27355da958f4f501a0cc5fd8273`,,`spt_6cSt9S1D3umjQVBDssbbKH`,`["Phương Thảo"]`
`Quỳnh Anh`,`true`,`true`,,,,`https://i.scdn.co/image/ab67616d0000b2732f0a144c39c9b0a1214656c7`,,`spt_1OWzCIlo0M6iSa6kksGTMW`,`["Quỳnh Anh"]`
`Hoàng Hải`,`true`,`true`,,,,`https://i.scdn.co/image/ab67616d0000b273a96876bd9d8597f7e854f9a3`,,`spt_4klhLtpyQWyGGl1MXIzwMh`,`["Hoàng Hải"]`
`Nhóm Tốc Độ`,`true`,`true`,,,,,,`spt_4qlSDvCG47N1iIZGur2Iwd`,`["Nhóm Tốc Độ"]`
`Hồng Hạnh`,`true`,`true`,,,,`https://i.scdn.co/image/ab67616d0000b273e31b5b8c4acc816d458f288b`,,`spt_55zOlXFiavjTsTzQPquodO`,`["Hồng Hạnh"]`
`Bảo Yến`,`true`,`true`,,,,`https://i.scdn.co/image/ab6761610000e5eb2e6f44d318f35b907244c09d`,,`spt_0pOtP6jMG4IXacNYJIGTAe`,`["Bảo Yến"]`
`Từ Hiền Trang`,`true`,`true`,,,,`https://i.scdn.co/image/ab67616d0000b273fdffa26fcd3530ca63847407`,,`spt_5ur6Qs0yDkCitPhvvi4AK5`,`["Từ Hiền Trang"]`
`Hà My`,`true`,`true`,,,,`https://i.scdn.co/image/ab67616d0000b273c88e76b73cb25d78b9463e88`,,`spt_0g9Vm9WKX2PrVfpscQCoMV`,`["Hà My"]`
`Thanh Lang`,`true`,`true`,,,,,,`spt_7gV8YB2lZJQ3XA6AVq3ZFM`,`["Thanh Lang"]`
`Bùi Quang Ân`,`true`,`true`,,,,,,`spt_6lMin168cui71hXNmNJcog`,`["Bùi Quang Ân"]`
`Tuyết Mai`,`true`,`true`,,,,`https://i.scdn.co/image/ab67616d0000b273ad7ed14fd9611c1142f67eda`,,`spt_0IrMWGlXzKiQOnf3vUTX1j`,`["Tuyết Mai"]`
`Tố Ny`,`true`,`true`,,,,`https://i.scdn.co/image/ab67616d0000b2735b0c2dd4fdc6c8c5c644f837`,,`spt_0hRplnOyHP99DCSqvoaOgT`,`["Tố Ny"]`
`Lina Nguyễn`,`true`,`true`,,,,`https://i.scdn.co/image/ab67616d0000b27319ba6c08d5cad510d50dca83`,,`spt_0ZqUPmVXtp7cWh1C6510Uy`,`["Lina Nguyễn"]`
`Mat Ngoc`,`true`,`true`,,,,`https://i.scdn.co/image/ab67616d0000b27316cf4d8f8deaf37ccb20658b`,,`spt_4TdwDBoLP7DitkuOfdRBau`,`["Mat Ngoc"]`
`Quốc Vũ`,`true`,`true`,,,,`https://i.scdn.co/image/ab67616d0000b2738d08f785552397a946a3a053`,,`spt_1v2vcBs95kNm9MAlqqXqW6`,`["Quốc Vũ"]`
`Hương Giang`,`true`,`true`,,,,`https://i.scdn.co/image/ab67616d0000b2735cf4bff5371f86a727fb79bd`,,`spt_0gkpFM182Ew2LC9cUcFqYo`,`["Hương Giang"]`
`Tùng Linh`,`true`,`true`,,,,`https://i.scdn.co/image/ab67616d0000b2731b531fdbe9984ca59bfe035b`,,`spt_6oqXyCNtffIFRCrq1WI2E8`,`["Tùng Linh"]`
`Hồng Quyên`,`true`,`true`,,,,`https://i.scdn.co/image/ab67616d0000b273bcdbabac250eb5985b57461a`,,`spt_0c9NixQCAgTUuDUdz845KU`,`["Hồng Quyên"]`
`Hồng Phượng`,`true`,`true`,,,,`https://i.scdn.co/image/ab6761610000e5eb718ea2723ab9b8da8be77e55`,,`spt_2O3Lk4JflwHBupaHWUYDKJ`,`["Hồng Phượng"]`
`Vũ Hoàng`,`true`,`true`,,,,`https://i.scdn.co/image/ab6761610000e5ebf26679aefb942dbc9cefb0b9`,,`spt_1UbWKE5fpmb9W3ziXyLTEl`,`["Vũ Hoàng"]`
`Dao Phi Duong`,`true`,`true`,,,,`https://i.scdn.co/image/ab67616d0000b2736c471b529132c9b6a3e2fff5`,,`spt_0j6azgMTYYoqyMhj0vZT8C`,`["Dao Phi Duong"]`
`Ho Trung Dung`,`true`,`true`,,,,`https://i.scdn.co/image/ab6761610000e5ebe6ffe8dce76473b8760aa351`,,`spt_7sxSmvFspSmM7mIFnk0mdB`,`["Ho Trung Dung"]`
`Thành Lộc`,`true`,`true`,,,,`https://i.scdn.co/image/ab67616d0000b273d909f8c35921b9254206df0f`,,`spt_5KZhjlL7AGqM2YgZppYCgB`,`["Thành Lộc"]`
`Infamous Melz`,`true`,`true`,,,,,,`spt_3HZ601tkSDnBooG8ihZoy9`,`["Infamous Melz"]`
`Đồng Lan`,`true`,`true`,,,,`https://i.scdn.co/image/ab67616d0000b273a6e8a76785e4e2a72623fdc0`,,`spt_10Vh55OOiguHa5Yo7w0UL9`,`["Đồng Lan"]`
`All Stars`,`true`,`true`,,,,`https://i.scdn.co/image/ab67616d0000b2734947340a5629816efb6149b4`,,`spt_4fRGKm4ipbzmlrEwM8GPVz`,`["All Stars"]`
`DOESNT.K`,`true`,`true`,,,,`https://i.scdn.co/image/ab6761610000e5eb80cb00d9717ace257d2d057e`,,`spt_2QR6wKgm8jncFQv9Uor8dP`,`["DOESNT.K"]`
`Dreazy`,`true`,`true`,,,,`https://i.scdn.co/image/ab6761610000e5eb1f080db5fcb7e8817601b5a1`,,`spt_0tq3AtyMjPM0mAURtoub48`,`["Dreazy"]`
`Anh Quân`,`true`,`true`,,,,`https://i.scdn.co/image/ab67616d0000b273b202e5e88f028905fdd2eefb`,,`spt_5jiMpnKHQljrnmMkrHYlyb`,`["Anh Quân"]`
`Hà Lê`,`true`,`true`,,,,`https://i.scdn.co/image/ab6761610000e5eb3725a27cc87dc93d6d90d956`,,`spt_1pKnUeC55IFdfHg5gJna9J`,`["Hà Lê"]`
`Khánh Ly`,`true`,`true`,,,,`https://i.scdn.co/image/ab67616d0000b2735e2ff8295fe4efe7790efbe7`,,`spt_2BT5812uC3XW9TukhlOfD0`,`["Khánh Ly"]`
`Bảo Phúc`,`true`,`true`,,,,`https://i.scdn.co/image/ab67616d0000b273fc45bf1e94ae090cfb7b941a`,,`spt_6srrDIPbJZQnTSV0715MWj`,`["Bảo Phúc"]`
`Trung Kiên`,`true`,`true`,,,,`https://i.scdn.co/image/ab67616d0000b27335c2d5e2c1fb10803b6d1b12`,,`spt_1bzR9UagwE4UL9PJ2knVdi`,`["Trung Kiên"]`
`Thế Vũ`,`true`,`true`,,,,,,`spt_2P5YRG1X9wqKnBqnbfxL5X`,`["Thế Vũ"]`
`Hồng Hải`,`true`,`true`,,,,,,`spt_5IXCLmf5BTfeBkbeHlVRLL`,`["Hồng Hải"]`
`Trần Tiến`,`true`,`true`,,,,`https://i.scdn.co/image/ab67616d0000b273dbcc095d6784ebc86d0f201f`,,`spt_5Def8ubFOWsEcchedgMnnG`,`["Trần Tiến"]`
`Tốp nữ`,`true`,`true`,,,,`https://i.scdn.co/image/ab67616d0000b273342c478f88cad2c153dfd0b9`,,`spt_6fo9F0OOPVK1EkhS0t0VGp`,`["Tốp nữ"]`
`Ngọc Anh`,`true`,`true`,,,,,,`spt_6mBgyEAtTJvNUpliO1Jnba`,`["Ngọc Anh"]`
`Đức Chính`,`true`,`true`,,,,,,`spt_169eMc3nbb62HhCmsRMI7y`,`["Đức Chính"]`
`2M`,`true`,`true`,,,,`https://i.scdn.co/image/ab6761610000e5eb9c0b1524cd64673ed500f211`,,`spt_5goX9B2VfcpCtLrBeUl68e`,`["2M"]`
`Hương Lan`,`true`,`true`,,,,`https://i.scdn.co/image/ab67616d0000b27329b05c6efa468f96c9d0ebde`,,`spt_7KOMoBXp30tI5E6SA0NQVn`,`["Hương Lan"]`
`Hoàng Châu`,`true`,`true`,,,,`https://i.scdn.co/image/ab67616d0000b2737c38d585f3048651d9aca7eb`,,`spt_5lT2Z4mvk3YMcy0P87Y8uZ`,`["Hoàng Châu"]`
`Minh Anh`,`true`,`true`,,,,`https://i.scdn.co/image/ab67616d0000b273eb29aceaab2ffc648ceaa0cf`,,`spt_6QqhancGlbIW7a5VLc9Vue`,`["Minh Anh"]`
`Hoàng Thơ`,`true`,`true`,,,,`https://i.scdn.co/image/ab67616d0000b27351bc45bf15e2803c0f25b1ad`,,`spt_3HDm5tZ5Z6CjTvq45jEshB`,`["Hoàng Thơ"]`
`Ái Xuân`,`true`,`true`,,,,`https://i.scdn.co/image/ab67616d0000b27385b08d8df8879a914cb78c6f`,,`spt_1FXygji7rwdjgi4ANILBs9`,`["Ái Xuân"]`
`Thanh Huyền`,`true`,`true`,,,,`https://i.scdn.co/image/ab67616d0000b2732ec3576fca5a74fea72663d5`,,`spt_7b6TJKq99d7Wn9pMYKb3SL`,`["Thanh Huyền"]`
`Đào Đức`,`true`,`true`,,,,`https://i.scdn.co/image/ab67616d0000b273f11ec8e687f4dc98674b6430`,,`spt_0KEcPNZEJK04VNHU822nZy`,`["Đào Đức"]`
`Mạnh Quỳnh`,`true`,`true`,,,,`https://i.scdn.co/image/ab6761610000e5eb6e12fc9c5fc152e0fbc385e0`,,`spt_3KTUDQL8OV9Sv6mvLJpS5W`,`["Mạnh Quỳnh"]`
`Tùng Dương`,`true`,`true`,,,,`https://i.scdn.co/image/ab67616d0000b27392d9dbff715244b964c516c5`,,`spt_76SRDSZfdkVoLMGOGoboZZ`,`["Tùng Dương"]`
`Hòa Tấu`,`true`,`true`,,,,`https://i.scdn.co/image/ab67616d0000b2731370ca1f514fb64673782163`,,`spt_19EC8VR2I9uIN60bW9hj4B`,`["Hòa Tấu"]`
`Quang Linh`,`true`,`true`,,,,`https://i.scdn.co/image/ab67616d0000b2731e31034df32b05fb447df2af`,,`spt_3JwyehW3Ls8vt8GSons5eA`,`["Quang Linh"]`
`Thuỳ Dung`,`true`,`true`,,,,`https://i.scdn.co/image/ab67616d0000b273b77faaad52516521bc0501aa`,,`spt_32EbvVlygDFr90mV1HMHOu`,`["Thuỳ Dung"]`
`Thảo Vân`,`true`,`true`,,,,,,`spt_39ybSTiJZPHDERwmZagNVX`,`["Thảo Vân"]`
`Ht Paul Mauriat`,`true`,`true`,,,,,,`spt_29R4hDFYjvNRjBhGr0BfqZ`,`["Ht Paul Mauriat"]`
`Trọng Tấn`,`true`,`true`,,,,`https://i.scdn.co/image/ab67616d0000b27366f21bf88c1c3cec9537ef2e`,,`spt_1pQZQEXm8NkmHQqM38ggLS`,`["Trọng Tấn"]`
`Ajent O`,`true`,`true`,,,,`https://i.scdn.co/image/ab67616d0000b27313e698d62bfbb294a04d1bcc`,,`spt_7pQJyjnxF4FoUVmcUbXpXq`,`["Ajent O"]`
`Quang Thọ`,`true`,`true`,,,,`https://i.scdn.co/image/ab67616d0000b27387d13cfc9683aba8e02e823c`,,`spt_5RCVsa639H7y55IC6Zellg`,`["Quang Thọ"]`
`Tốp ca`,`true`,`true`,,,,`https://i.scdn.co/image/ab67616d0000b2735fac73964e18309b608bcfb5`,,`spt_4keyE25zOq4KzjLzcah9pn`,`["Tốp ca"]`
`Hoài Phương`,`true`,`true`,,,,`https://i.scdn.co/image/ab67616d0000b2730e9fa3d884f9ceb64e1a58e7`,,`spt_0CGt2p6HBj7mniYCVIraKb`,`["Hoài Phương"]`
`Lê Dung`,`true`,`true`,,,,`https://i.scdn.co/image/ab67616d0000b2735a5959d5468ea3df9cb657d5`,,`spt_0GWKRXcWbLiD4yTocGfTRW`,`["Lê Dung"]`
`Instrumental Hòa Tấu`,`true`,`true`,,,,`https://i.scdn.co/image/ab67616d0000b273fa08b43f0451e6d9a814cc62`,,`spt_1nOm4WknF1MvGRbzmo2OO2`,`["Instrumental Hòa Tấu"]`
`Viet Hoan`,`true`,`true`,,,,`https://i.scdn.co/image/ab67616d0000b27366f21bf88c1c3cec9537ef2e`,,`spt_4VSeuUbWJonXU8HiCoTIOT`,`["Viet Hoan"]`
`Đăng Dương`,`true`,`true`,,,,`https://i.scdn.co/image/ab67616d0000b273cf1e543283940319576061dd`,,`spt_6rgUjag2eVtA99Y6pV10QK`,`["Đăng Dương"]`
`Tốp nữ Nhạc viện Hà Nội`,`true`,`true`,,,,,,`spt_0Piuw93uMSBNVx7dOLY3Yr`,`["Tốp nữ Nhạc viện Hà Nội"]`
`Hoàng Kim`,`true`,`true`,,,,`https://i.scdn.co/image/ab67616d0000b273dc371734849e9b46ad4c04d0`,,`spt_6IRblpqBuq44KGjAYSDG1T`,`["Hoàng Kim"]`
`Tố Hà`,`true`,`true`,,,,`https://i.scdn.co/image/ab67616d0000b273143ff8ab492fe8b145778227`,,`spt_4pRX5ZbwAlb2C5YOEE0Mzj`,`["Tố Hà"]`
`Tấn Đạt`,`true`,`true`,,,,`https://i.scdn.co/image/ab67616d0000b273701240cda3cd0d822296d04e`,,`spt_282BXAqmQC17lPo9AQ3C0B`,`["Tấn Đạt"]`
`Khắc Dũng`,`true`,`true`,,,,,,`spt_1K9Sqky0Hb86ZJXgLqOXqW`,`["Khắc Dũng"]`
`Tam Ca Thế Hệ Mới`,`true`,`true`,,,,`https://i.scdn.co/image/ab67616d0000b2735f558d8dabd7acea6fa274c3`,,`spt_1AkUJUtunnBif6zJOLEuRZ`,`["Tam Ca Thế Hệ Mới"]`
`Phi Thúy Hạnh`,`true`,`true`,,,,`https://i.scdn.co/image/ab67616d0000b27309ed90bef698fd78a210d96e`,,`spt_1JUBpIlDFL5R3wvXqW4lVW`,`["Phi Thúy Hạnh"]`
`Kim Thoa`,`true`,`true`,,,,`https://i.scdn.co/image/ab67616d0000b273fa7551a9d85394ef4f4f4b16`,,`spt_0rnMJv3UwgzlvJs3BYZdX5`,`["Kim Thoa"]`
`Tố Như`,`true`,`true`,,,,`https://i.scdn.co/image/ab67616d0000b273460f28c983a99daa88d26c6f`,,`spt_1D8lgQ9DjPzS6GnRziiWwq`,`["Tố Như"]`
`Trường Huy`,`true`,`true`,,,,`https://i.scdn.co/image/ab67616d0000b273c6fb9f1816efa555f9bc8161`,,`spt_1J5u25mKm5FE9l2n1vyNGa`,`["Trường Huy"]`
`Hà Bảo Thu`,`true`,`true`,,,,,,`spt_3ItOcXWEFef7xyG4rdtDst`,`["Hà Bảo Thu"]`
`Tam ca 3A`,`true`,`true`,,,,`https://i.scdn.co/image/ab67616d0000b27371614541f241677cebf02969`,,`spt_2u9BhHubgOTOKAus9nVmtt`,`["Tam ca 3A"]`
`Phương Lan`,`true`,`true`,,,,`https://i.scdn.co/image/ab67616d0000b273f9126b3ca2d27a6fced2df32`,,`spt_0MAPWIcbI7UlxNI8YgIDIJ`,`["Phương Lan"]`
`Lan Phương`,`true`,`true`,,,,,,`spt_2136aBlaszw4fPTquVixoP`,`["Lan Phương"]`
`Do Bao`,`true`,`true`,,,,`https://i.scdn.co/image/ab6761610000e5eb47497d7f3d36e5a07a8c0ed3`,,`spt_41iPOSw86XQT99NktKddOa`,`["Do Bao"]`
`Việt Quang`,`true`,`true`,,,,`https://i.scdn.co/image/ab67616d0000b2730530d9a2f91df3077eafa4b4`,,`spt_5Mwh4XtFlPWdFpNI5CXCix`,`["Việt Quang"]`
`my BIG FANS`,`true`,`true`,,,,,,`spt_0wYNRU7xsGEvbQuscSazBV`,`["my BIG FANS"]`
`Sohyang`,`true`,`true`,,,,`https://i.scdn.co/image/ab6761610000e5eb16b5c7105e28b1d3839e2154`,,`spt_2TCV57G47ttyy1JsVyucXg`,`["Sohyang"]`
`Nguyễn Hải Phong`,`true`,`true`,,,,`https://i.scdn.co/image/ab67616d0000b273472ae4154483bf41f8830a82`,,`spt_0NPrS1NOx6rxhDZ4ujNDB7`,`["Nguyễn Hải Phong"]`
`Ban Nhạc Anh Em`,`true`,`true`,,,,`https://i.scdn.co/image/ab67616d0000b273d09d2208dee211c399dd25cc`,,`spt_5kcoWBaA5ehz6n5Wt1WcVW`,`["Ban Nhạc Anh Em"]`
`Tam Ca Áo Trắng`,`true`,`true`,,,,`https://i.scdn.co/image/ab67616d0000b27344d06059062d7b24b483b68e`,,`spt_1rp73mXglaGYmpWy6wgx9Z`,`["Tam Ca Áo Trắng"]`
`Hồ Lệ Thu`,`true`,`true`,,,,`https://i.scdn.co/image/ab67616d0000b273d568c28dc013055654c07dc8`,,`spt_6CQqST4eq5bxUONQg6orXS`,`["Hồ Lệ Thu"]`
`Thủy Tiên`,`true`,`true`,,,,`https://i.scdn.co/image/ab67616d0000b2735c6026448cdb7c4d722f2c0f`,,`spt_1DOiJPXSa8eUgf0bTUeyn5`,`["Thủy Tiên"]`
`Joey Sands`,`true`,`true`,,,,,,`spt_22yvSs4ExzY7w10b79FQd2`,`["Joey Sands"]`
`Đức Tuấn`,`true`,`true`,,,,`https://i.scdn.co/image/ab6761610000e5eb619936163fbc4d294414c3e3`,,`spt_1Ojlaft4lVzMCyppQSvDAV`,`["Đức Tuấn"]`
`Nathan Lee`,`true`,`true`,,,,,,`spt_2ePYZhQAWz8xCzn4NmiJRP`,`["Nathan Lee"]`
`Ha Okio`,`true`,`true`,,,,`https://i.scdn.co/image/ab67616d0000b2731701d14976b4a93129d76cd0`,,`spt_7MNTRRkNNnPM4y7OcPzie7`,`["Ha Okio"]`
`Tam Tit`,`true`,`true`,,,,,,`spt_1mcXzMWj7acuYUaL3unPn3`,`["Tam Tit"]`
`Đình Văn`,`true`,`true`,,,,`https://i.scdn.co/image/ab67616d0000b273a04538d55c7ce70510ed276c`,,`spt_1gmlQgEQyq1beDMA8I4uNJ`,`["Đình Văn"]`
`Thuy Trang`,`true`,`true`,,,,`https://i.scdn.co/image/ab67616d0000b273091bb157f261a82f30fbb822`,,`spt_6ldYdv26skXNfdpnX6K5U0`,`["Thuy Trang"]`
`Minh Thuan`,`true`,`true`,,,,`https://i.scdn.co/image/ab67616d0000b2737ae10fad6c92ce886a4bb7e9`,,`spt_6oSobMPT9p3UbH4WS9ClS9`,`["Minh Thuan"]`
`Trung Hậu`,`true`,`true`,,,,`https://i.scdn.co/image/ab67616d0000b27393fa063cba2bed036c1e5aff`,,`spt_0uFazpDL3KorXX1pzWeCFK`,`["Trung Hậu"]`
`Yến Khoa`,`true`,`true`,,,,`https://i.scdn.co/image/ab67616d0000b273dfd5e4610bbd0d9101351875`,,`spt_3bha5CwoQMcHglJ5xFRPKj`,`["Yến Khoa"]`
`Khánh Duy`,`true`,`true`,,,,`https://i.scdn.co/image/ab67616d0000b273a652fdd61142d45635c6ce25`,,`spt_6bbpEq74AeDU39dXPup8Ye`,`["Khánh Duy"]`
`Hữu Nghĩa`,`true`,`true`,,,,`https://i.scdn.co/image/ab67616d0000b2730a1871b0a09e2426d2bf58be`,,`spt_5timqIYMV6SJ2I5ISjXlMR`,`["Hữu Nghĩa"]`
`Bảo Thơ`,`true`,`true`,,,,`https://i.scdn.co/image/ab67616d0000b2739e8abce33deea74d1d02d547`,,`spt_5SaQgQ9SEyxk9OQXIOFf5e`,`["Bảo Thơ"]`
`Nhu Hao`,`true`,`true`,,,,`https://i.scdn.co/image/ab67616d0000b2733300998fb84fd53a37fa30ec`,,`spt_0KqqIVOPo9hf2UDq51wSiM`,`["Nhu Hao"]`
`Shinon Tomura`,`true`,`true`,,,,`https://i.scdn.co/image/ab6761610000e5eb5b813cb4151f54c8db6ed66f`,,`spt_5YGYptLBrXTBGMwWTAVZA2`,`["Shinon Tomura"]`
`Sean Trace`,`true`,`true`,,,,`https://i.scdn.co/image/ab6761610000e5eb49e106249f2da64ab1cc32f1`,,`spt_1ixCICy7AT4jfLTUECqRPm`,`["Sean Trace"]`
`Trang`,`true`,`true`,,,,`https://i.scdn.co/image/ab67616d0000b27373726861c11e35586cb620a3`,,`spt_0vMk9L0TazxaXyKMCV3NSa`,`["Trang"]`
`Huy MC`,`true`,`true`,,,,`https://i.scdn.co/image/ab67616d0000b27379e55758cd384e069b5f598c`,,`spt_0dIO7QytdTjDlQC3khV1kZ`,`["Huy MC"]`
`Hung Mc`,`true`,`true`,,,,,,`spt_3gCtThZ71xO8YeD6iBNa2a`,`["Hung Mc"]`
`Kim Tử Long`,`true`,`true`,,,,`https://i.scdn.co/image/ab67616d0000b2733f815c05639b110ad72b4b0e`,,`spt_1hOTk0ce1aMuDrOC9WV082`,`["Kim Tử Long"]`
`Trọng Phúc`,`true`,`true`,,,,`https://i.scdn.co/image/ab67616d0000b27368fc455691421a9322258817`,,`spt_3OlsfMGD3JjDUnzS5iHx37`,`["Trọng Phúc"]`
`Phượng Liên`,`true`,`true`,,,,`https://i.scdn.co/image/ab67616d0000b273ea4c35c397138b680a9d6617`,,`spt_2phBsrFI7sSDD9mCbiFZXq`,`["Phượng Liên"]`
`Thanh Kim Huệ`,`true`,`true`,,,,`https://i.scdn.co/image/ab67616d0000b273c4bb69c8c438831d16eb8f19`,,`spt_1YY7fsrPjqj5ewITP5QIhe`,`["Thanh Kim Huệ"]`
`Tam Ca Con Gái`,`true`,`true`,,,,`https://i.scdn.co/image/ab67616d0000b273d590060c09eb08d149e55c78`,,`spt_1FyEtEsekRHWvEILxVuseU`,`["Tam Ca Con Gái"]`
`Nhóm Tigon`,`true`,`true`,,,,,,`spt_3PIBZIYEeHmAKRKt8tRSv4`,`["Nhóm Tigon"]`
`Minh Thuận`,`true`,`true`,,,,`https://i.scdn.co/image/ab67616d0000b273669f7b12fdc2c9865c64eb05`,,`spt_40N72MrdhXm9Dk0xLWeZN1`,`["Minh Thuận"]`
`Quang Minh`,`true`,`true`,,,,`https://i.scdn.co/image/ab67616d0000b27346f136ba3f57a631f75a17d5`,,`spt_0Pzni4tjqnODtxnntihQQM`,`["Quang Minh"]`
`Mỹ Hạnh`,`true`,`true`,,,,`https://i.scdn.co/image/ab67616d0000b273c6f612490fd459a93bbc5e57`,,`spt_6hSE4Ohnh6nNRt4fPuVCTz`,`["Mỹ Hạnh"]`
`Tứ Ca Sao Mai`,`true`,`true`,,,,,,`spt_1b6xveT0a0vrzautjdmgl7`,`["Tứ Ca Sao Mai"]`
`NSND Lê Dung`,`true`,`true`,,,,`https://i.scdn.co/image/ab67616d0000b273ed5a4ef4c5ed4ae02b8fcf03`,,`spt_4y2T5VuUFIiXbDKICVzLG7`,`["NSND Lê Dung"]`
`Tố Uyên`,`true`,`true`,,,,`https://i.scdn.co/image/ab6761610000e5eb6eb1abe8308b41ec5396d221`,,`spt_18olmZBXmzQpL0HtCOvTVV`,`["Tố Uyên"]`
`NSƯT Dương Liễu`,`true`,`true`,,,,,,`spt_2waDaBO2mbQgmymXtAexb6`,`["NSƯT Dương Liễu"]`
`Tuyết Tuyết`,`true`,`true`,,,,`https://i.scdn.co/image/ab67616d0000b2731b6e527c2605623265dccb78`,,`spt_5UYEuPjveyslHDEdZYWTTP`,`["Tuyết Tuyết"]`
`Thanh Thanh Hiền`,`true`,`true`,,,,`https://i.scdn.co/image/ab67616d0000b273425b89958a97956dd7f49783`,,`spt_1DXLfzWuk7dArDidTqLVtt`,`["Thanh Thanh Hiền"]`
`Ánh Tuyết`,`true`,`true`,,,,`https://i.scdn.co/image/ab67616d0000b273494dbbba3a7648433ef2875c`,,`spt_1kmhF20mIP9JeVer1HpkXz`,`["Ánh Tuyết"]`
`Lam Trường`,`true`,`true`,,,,`https://i.scdn.co/image/ab67616d0000b27399d8cb338f79051874c365d5`,,`spt_6TMVC2tbQvRyXWt50Smdeb`,`["Lam Trường"]`
`Ngọc Tân`,`true`,`true`,,,,`https://i.scdn.co/image/ab67616d0000b273bd1b79960cde51a387e6272a`,,`spt_18BUhLLBiNh3EKoS0owcer`,`["Ngọc Tân"]`
`Chị Đẹp Đạp Gió Rẽ Sóng`,`true`,`true`,,,,`https://i.scdn.co/image/ab6761610000e5ebdbe18c2857efc1b8a2611b22`,,`spt_4DNLpoezq6CHCbbp0JmmHa`,`["Chị Đẹp Đạp Gió Rẽ Sóng"]`
`Ness Remix`,`true`,`true`,,,,`https://i.scdn.co/image/ab67616d0000b273f0d6abe292eefd55a53a9ef5`,,`spt_1zJGjd6vzdepq619tdiHrc`,`["Ness Remix"]`
`Minh Vương`,`true`,`true`,,,,`https://i.scdn.co/image/ab67616d0000b27383798acec5a1a4cdcc34acc7`,,`spt_73PliWo0iWnBrW01yKiMUn`,`["Minh Vương"]`
`Hà Okio`,`true`,`true`,,,,,,`spt_1fI18k5kdqWqfwSvoaYZl0`,`["Hà Okio"]`
`DJ BNUTS`,`true`,`true`,,,,,,`spt_10aX8cYsL9QNwDeUHFyhAe`,`["DJ BNUTS"]`
`Mai Tiến Dũng`,`true`,`true`,,,,`https://i.scdn.co/image/ab6761610000e5ebbcb47365e764bc804e2ed64f`,,`spt_4WBjLLe7H2Rqha7SSA0rLY`,`["Mai Tiến Dũng"]`
`Lân Nhã`,`true`,`true`,,,,`https://i.scdn.co/image/ab6761610000e5ebc60237cb8d6461e7c98dff20`,,`spt_5CGYEvANR5mmYEuQwTYC93`,`["Lân Nhã"]`
`Thùy Dung`,`true`,`true`,,,,`https://i.scdn.co/image/ab67616d0000b273ede57adae4b77621b5236fae`,,`spt_1ShiKHyIa0nCmWEi76I79n`,`["Thùy Dung"]`
`Cẩm Vân`,`true`,`true`,,,,`https://i.scdn.co/image/ab67616d0000b2739012df1a67906eef8a113bd6`,,`spt_4sB7Byv9cAeaPbR05YSQFR`,`["Cẩm Vân"]`
`Trung Anh`,`true`,`true`,,,,`https://i.scdn.co/image/ab67616d0000b27390cce221c2ca4d4ddc258095`,,`spt_0IBtzDumMQRyIlktxmo0fg`,`["Trung Anh"]`
`Cao Minh`,`true`,`true`,,,,`https://i.scdn.co/image/ab67616d0000b27303f28a4588ef98b082126816`,,`spt_3Hw45v7VbVN1b8jZE0kOvY`,`["Cao Minh"]`
`Cao Minh`,`true`,`true`,,,,`https://i.scdn.co/image/ab67616d0000b27301f4ea5ec48f058d52812528`,,`spt_327vkWSxexcU3o6zs589C7`,`["Cao Minh"]`
`Thu Hiền`,`true`,`true`,,,,`https://i.scdn.co/image/ab67616d0000b273a963ada18ffebbb194bab375`,,`spt_2kDGYxFc0QpfohL3mG93mT`,`["Thu Hiền"]`
`Thu Trang`,`true`,`true`,,,,`https://i.scdn.co/image/ab67616d0000b2738819d72ffeb3eba6db133de6`,,`spt_7zkbnEBA5R8O6kz6VgESHU`,`["Thu Trang"]`
`Quang Lý`,`true`,`true`,,,,`https://i.scdn.co/image/ab67616d0000b27380624b8c80f83349ba713159`,,`spt_6naUKwlfheSHO58rLBFHZc`,`["Quang Lý"]`
`Hồng Vân`,`true`,`true`,,,,`https://i.scdn.co/image/ab67616d0000b273a5f639853fc51ce651d5dbbd`,,`spt_2RMDINsr2Y7JteOCuTIa8A`,`["Hồng Vân"]`
`Nhất Sinh`,`true`,`true`,,,,`https://i.scdn.co/image/ab67616d0000b2734854a8c980bb1545dee5ddd4`,,`spt_1Ptgv63XoeWZrfJQCVfB6m`,`["Nhất Sinh"]`
`Lilly Nguyễn`,`true`,`true`,,,,,,`spt_699wEXQZq88vzGSgz24fBV`,`["Lilly Nguyễn"]`
`Thanh Long Bass`,`true`,`true`,,,,`https://i.scdn.co/image/ab67616d0000b27321c0ccc0014939adb18d57c5`,,`spt_3G1YSHFlE2ZU6aoKGcZ7Qb`,`["Thanh Long Bass"]`
`Thái Ngọc Bích`,`true`,`true`,,,,,,`spt_2yDK2B2L4y1Dp0uPeDkjrK`,`["Thái Ngọc Bích"]`
`Thanh Hà`,`true`,`true`,,,,`https://i.scdn.co/image/ab67616d0000b273f8d2ee74b3e23a9b85a9b75f`,,`spt_4vs2AkDv5UQwDYmwr9CkT6`,`["Thanh Hà"]`
`Ngọc Giàu`,`true`,`true`,,,,`https://i.scdn.co/image/ab67616d0000b2732a0a7e4155a27a9d47921091`,,`spt_3G5To1AOkPARtsN9fmlSWc`,`["Ngọc Giàu"]`
`Van Khanh`,`true`,`true`,,,,,,`spt_3QmO64FlDLjpWbuBSGTRYA`,`["Van Khanh"]`
`Gala Nhạc Việt`,`true`,`true`,,,,`https://i.scdn.co/image/ab6761610000e5eb05735825eab7bb163ed5751f`,,`spt_11P9YnpUOfSnRohkq3NMpH`,`["Gala Nhạc Việt"]`
`Tuấn Thăng`,`true`,`true`,,,,`https://i.scdn.co/image/ab67616d0000b273bb14c57e97cfd5046f6deefa`,,`spt_2SoAcpgyl8F2UYUIalH5Ty`,`["Tuấn Thăng"]`
`Nguyễn Nam`,`true`,`true`,,,,`https://i.scdn.co/image/ab67616d0000b273cc976feb10e05aed250ea260`,,`spt_5m9sSqLX1KFPHabjuohlh7`,`["Nguyễn Nam"]`
`Jos`,`true`,`true`,,,,`https://i.scdn.co/image/ab67616d0000b273bf0644869a170a45e2281b5a`,,`spt_6N1ZStyHH5qDbrA9ky6r8N`,`["Jos"]`
`Tô Chấn Phong`,`true`,`true`,,,,`https://i.scdn.co/image/ab67616d0000b27367bffb654dce13ba041732fd`,,`spt_3TaYWl30Nij1RBd6Rg2GZP`,`["Tô Chấn Phong"]`
`Minh Tuyết`,`true`,`true`,,,,`https://i.scdn.co/image/ab67616d0000b273430cce9374111111004e6888`,,`spt_2wjsoWglhKBQVfjUGdth1y`,`["Minh Tuyết"]`
`Cẩm Ly`,`true`,`true`,,,,`https://i.scdn.co/image/ab6761610000e5ebc94624e6b201378173955cb0`,,`spt_5sXudh7NFkU6fjQL6BQOj0`,`["Cẩm Ly"]`
`Châu Khanh`,`true`,`true`,,,,,,`spt_6q5yKjv1acwv1uZhjVvxxj`,`["Châu Khanh"]`
`Cảnh Hàn`,`true`,`true`,,,,`https://i.scdn.co/image/ab67616d0000b273099920e9ee04c2e0b9903cc2`,,`spt_6Ru0V82y6HprNiHoIc0tPb`,`["Cảnh Hàn"]`
`Anh Khang`,`true`,`true`,,,,`https://i.scdn.co/image/ab67616d0000b2733b6b6df42ba20a057ee53a61`,,`spt_5kZm4Xqiu4GIhbm912n4fW`,`["Anh Khang"]`
`Star Online`,`true`,`true`,,,,`https://i.scdn.co/image/ab6761610000e5eb432705f8bd71449a944ba741`,,`spt_1lMI4zXuNgD2J4GWFkSv5Z`,`["Star Online"]`
`Trung Nguyên`,`true`,`true`,,,,`https://i.scdn.co/image/ab67616d0000b27340cc55419e5505e8314da570`,,`spt_6D3vXGvDKvxVtTzE0dHnk9`,`["Trung Nguyên"]`
`Quang Lê`,`true`,`true`,,,,`https://i.scdn.co/image/ab67616d0000b273a24cca3f14fb0682e2d3e8c8`,,`spt_2PQLOJKDN5j1q0q3xltIk8`,`["Quang Lê"]`
`DJ Mike Hào`,`true`,`true`,,,,`https://i.scdn.co/image/ab67616d0000b273067e6ef0979b15f8a10724ab`,,`spt_5jhwbgH3uNyR2SYCEtLno2`,`["DJ Mike Hào"]`
`Mạnh Đồng`,`true`,`true`,,,,`https://i.scdn.co/image/ab67616d0000b27327e8d6daabf8ee26438505ef`,,`spt_6j99LxXXXNqNqU6ymq4r0U`,`["Mạnh Đồng"]`
`Mai Hương`,`true`,`true`,,,,`https://i.scdn.co/image/ab67616d0000b273e56bed35d2bb9a6dad6fc288`,,`spt_20D0rskLHvakkfhZcgbulX`,`["Mai Hương"]`
`Ý Linh`,`true`,`true`,,,,`https://i.scdn.co/image/ab67616d0000b273d048f4a6cdb2e61de219e7a5`,,`spt_0JqKw36M2SUEhaAugqYpwo`,`["Ý Linh"]`
`Triều Quân`,`true`,`true`,,,,`https://i.scdn.co/image/ab67616d0000b273d43746e9c0f7309c852ae1c8`,,`spt_7A83poX39d7h57hTv2kQRD`,`["Triều Quân"]`
`Sa Huỳnh Lê Mai`,`true`,`true`,,,,,,`spt_7HG1i3W4UmmF0d2uRpzVRj`,`["Sa Huỳnh Lê Mai"]`
`Đức Nhâm`,`true`,`true`,,,,,,`spt_2IeV4T0uHObDEkQLJuBHKE`,`["Đức Nhâm"]`
`Đỗ Yến`,`true`,`true`,,,,,,`spt_5TFhsSWl76DsJ2URcBNVz9`,`["Đỗ Yến"]`
`NS Records`,`true`,`true`,,,,`https://i.scdn.co/image/ab67616d0000b27301fa6751fadec6f09a3f2999`,,`spt_08t3DL8nEBVlYaBBMCzInX`,`["NS Records"]`
`Khánh Hà`,`true`,`true`,,,,`https://i.scdn.co/image/ab67616d0000b2739f62ab103b71b2fb7fa30cff`,,`spt_2MgeW2T979JpySoUptfZju`,`["Khánh Hà"]`
`Nguyen Ngoc Anh`,`true`,`true`,,,,,,`spt_6pzQOJjc0FY6pGRoypq3fO`,`["Nguyen Ngoc Anh"]`
`Tùng Dương`,`true`,`true`,,,,`https://i.scdn.co/image/ab6761610000e5ebd2172f06a8906607ed4b503a`,,`spt_4rBvN6UImNzcY5abMKdAuw`,`["Tùng Dương"]`
`MGT`,`true`,`true`,,,,`https://i.scdn.co/image/ab67616d0000b273c085555db4c81c16ebb0bb4a`,,`spt_7qrkXzFrfGpf0B3HqxvqXv`,`["MGT"]`
`Hoàng Quyên`,`true`,`true`,,,,`https://i.scdn.co/image/ab6761610000e5eb0e11b7d9e82bf84ae46e45d5`,,`spt_13t5p3QkFAAkqIGRh8m2tu`,`["Hoàng Quyên"]`
`Dinh Hien Anh`,`true`,`true`,,,,,,`spt_62x8aaKx5iJPL1ME8xtz3h`,`["Dinh Hien Anh"]`
`Tuấn Cảnh`,`true`,`true`,,,,`https://i.scdn.co/image/ab67616d0000b27382a5e9aab0fcd84cb872f606`,,`spt_4KAZgPVU5hi9rPj7w9jxhS`,`["Tuấn Cảnh"]`
`Jubin`,`true`,`true`,,,,,,`spt_1vnUTlq1raTbRxzgWS82zH`,`["Jubin"]`
`Tik Tik Tak`,`true`,`true`,,,,`https://i.scdn.co/image/ab67616d0000b2736ed88e932a05a12f0d12f83d`,,`spt_4lBwi5gV5jD6KrIghYAxXX`,`["Tik Tik Tak"]`
`Vân Trường`,`true`,`true`,,,,`https://i.scdn.co/image/ab67616d0000b27382c24e09998ff94133192e02`,,`spt_5fpXnyKH9lOD4Zti44dlYb`,`["Vân Trường"]`
`Thùy Dương`,`true`,`true`,,,,`https://i.scdn.co/image/ab67616d0000b273b9ae4d94705382315503a9f2`,,`spt_5tuJqEGIn7SxvNJrQCpQjo`,`["Thùy Dương"]`
`Y Moan`,`true`,`true`,,,,`https://i.scdn.co/image/ab67616d0000b2732b7d4546938a9ee2b1894f6e`,,`spt_0SqCZ9L1ymxMKztXU8jOMc`,`["Y Moan"]`
`Đông Đào`,`true`,`true`,,,,`https://i.scdn.co/image/ab67616d0000b273d607ee465580547e4aaf60ee`,,`spt_1BOGWxAhrDOqS7utkhJQSU`,`["Đông Đào"]`
`Thanh Sử`,`true`,`true`,,,,,,`spt_5AunkT2e2tXq6Q3Wq5Igcg`,`["Thanh Sử"]`
`Chế Phong`,`true`,`true`,,,,`https://i.scdn.co/image/ab67616d0000b2739d2e7fc85754bdc088ffc6b8`,,`spt_67Zp4c0sPR4ShrDpTfoRlm`,`["Chế Phong"]`
`Hoàng Nhung`,`true`,`true`,,,,`https://i.scdn.co/image/ab67616d0000b273f0f418a9902d8751e05c7c6a`,,`spt_4ZdfxBMZeueha2yp9WduGV`,`["Hoàng Nhung"]`
`Trần Thu Hà`,`true`,`true`,,,,`https://i.scdn.co/image/ab67616d0000b2739774cd2fd8a9e49e1f6e81dc`,,`spt_1vxNqC2IT0LyG9eDG7js7K`,`["Trần Thu Hà"]`
`Bình Gold`,`true`,`true`,,,,,,`spt_3PpQXxtdSpxX1P9FKlaivg`,`["Bình Gold"]`
`Magazine`,`true`,`true`,,,,`https://i.scdn.co/image/ab67616d0000b2730ab5f0620aec0ab8d85db4a1`,,`spt_4rE3q5CrSJBYploWHtAP7Z`,`["Magazine"]`
`Generali`,`true`,`true`,,,,`https://i.scdn.co/image/ab67616d0000b273bc7088c2c4f5867fc059f37f`,,`spt_66aFZ6W5gy5a7qL3pyGUgY`,`["Generali"]`
`LAMOON`,`true`,`true`,,,,`https://i.scdn.co/image/ab67616d0000b273739caf514fbff10bf19f86b2`,,`spt_5kT9ftAJylK1roRMcdcsw2`,`["LAMOON"]`
`Vu Bui Thu Thuy`,`true`,`true`,,,,,,`spt_3whwyWLciGwhpyaOCDh82a`,`["Vu Bui Thu Thuy"]`
`Mel G`,`true`,`true`,,,,,,`spt_31p6fNUgDIwiYGaG2UNhgo`,`["Mel G"]`
`Rabbit Run`,`true`,`true`,,,,,,`spt_23PRaG11QvFkqWv48dkE52`,`["Rabbit Run"]`
`TiQ`,`true`,`true`,,,,`https://i.scdn.co/image/ab6761610000e5eb150ec64c31fb94394c6da5e1`,,`spt_6VzAA18J4dm57UlKJFt3fI`,`["TiQ"]`
`JBowdy`,`true`,`true`,,,,,,`spt_6dHfjWmt5PJkG60q22TGO9`,`["JBowdy"]`
`Vie Vie`,`true`,`true`,,,,,,`spt_0w5IvwHFG2UygpXC4gtUaq`,`["Vie Vie"]`
`Lê Ngọc Châu Anh`,`true`,`true`,,,,`https://i.scdn.co/image/ab6761610000e5eb685f83920c5e8ebe5cb7b085`,,`spt_275KG0jezF4cng8bZmuk8q`,`["Lê Ngọc Châu Anh"]`
`Phu Nho`,`true`,`true`,,,,`https://i.scdn.co/image/ab67616d0000b2732b0622e1ad6ccd7f87342f26`,,`spt_2On1AttsXmKgNtvtHr6Ey4`,`["Phu Nho"]`
`Lazii`,`true`,`true`,,,,`https://i.scdn.co/image/ab6761610000e5eba97a534d11492558286339bd`,,`spt_2mrZ4gGfWba9oB1mfm9j90`,`["Lazii"]`
`Vy`,`true`,`true`,,,,,,`spt_04v3wwEOw6k036cSTk4qsQ`,`["Vy"]`
`Đức Huy`,`true`,`true`,,,,`https://i.scdn.co/image/ab67616d0000b273d5c0a465b8ae8e41c0493db5`,,`spt_13kxseoRxgiQJKMp2UivKi`,`["Đức Huy"]`
`Pay`,`true`,`true`,,,,`https://i.scdn.co/image/ab6761610000e5eb3131d4a883b87d38a055213f`,,`spt_0LzKYyu8mwHXfMih4lnMXY`,`["Pay"]`
`Aazuki`,`true`,`true`,,,,`https://i.scdn.co/image/ab67616d0000b273bdfa144176aad632bbb9d673`,,`spt_2R08fEsTQrM03ijst7EtM8`,`["Aazuki"]`
`Darrys`,`true`,`true`,,,,`https://i.scdn.co/image/ab6761610000e5eb372effe4447a3cc78ac5d357`,,`spt_1RKeO4zieZ9HeB1st0beiG`,`["Darrys"]`
`LIME`,`true`,`true`,,,,`https://i.scdn.co/image/ab67616d0000b27382e78cd9f768631ba6abfe8c`,,`spt_6kduGaK3AJ5GASxqOOv4zL`,`["LIME"]`
`Hòa Hiệp`,`true`,`true`,,,,`https://i.scdn.co/image/ab67616d0000b273beda5b50831cf78f62332c61`,,`spt_0RUXDJn5zktEK80it4Mkb4`,`["Hòa Hiệp"]`
`Ốc Thanh Vân`,`true`,`true`,,,,,,`spt_6Tqgtb9ajiXwnxlTPVBOeY`,`["Ốc Thanh Vân"]`
`Thu Hang`,`true`,`true`,,,,`https://i.scdn.co/image/ab67616d0000b2733c62e7390fd9d23d81e80fb7`,,`spt_5AoacML91qScgDXGXn2TR7`,`["Thu Hang"]`
`Thái Cơ`,`true`,`true`,,,,,,`spt_2X1zlsM7kajCjuiM131JEt`,`["Thái Cơ"]`
`Trung Quang`,`true`,`true`,,,,`https://i.scdn.co/image/ab67616d0000b27301b5da017c96974567c59496`,,`spt_5xesOAfG8rtGPBkxAzzc7W`,`["Trung Quang"]`
`Team The Voice Kids`,`true`,`true`,,,,,,`spt_2eEvPvNCorjutvPDj00GrR`,`["Team The Voice Kids"]`
`Đan Trường`,`true`,`true`,,,,`https://i.scdn.co/image/ab6761610000e5eb24a75319586262b8fb2b3a23`,,`spt_5XcfMxmHUiyxc1Q283Nmxj`,`["Đan Trường"]`
`Van Trang`,`true`,`true`,,,,,,`spt_4PCb4Cp22oBqEh72Q4htqq`,`["Van Trang"]`
`Kim Cương`,`true`,`true`,,,,`https://i.scdn.co/image/ab67616d0000b27384f3519c484c2944986824b9`,,`spt_3DvL8496FFMtyDCjdICHBS`,`["Kim Cương"]`
`Đàm Phương Linh`,`true`,`true`,,,,,,`spt_1NzD39CCYgjfY3T09XEbxo`,`["Đàm Phương Linh"]`
`Hồ Bích Trâm`,`true`,`true`,,,,,,`spt_265pxF8oRfGr406nRXff5d`,`["Hồ Bích Trâm"]`
`Tùng Anh`,`true`,`true`,,,,`https://i.scdn.co/image/ab67616d0000b273912e1ef4ca7827c28ac60da1`,,`spt_1ZDxU3VsKDd2sUx2gr8kCj`,`["Tùng Anh"]`
`Yoon Trần`,`true`,`true`,,,,,,`spt_5vJRblLcA5FoHJPGZV1RZx`,`["Yoon Trần"]`
`Yến Trang`,`true`,`true`,,,,`https://i.scdn.co/image/ab67616d0000b273bb7108b71ad99ec938fe7fd8`,,`spt_2dElSToXyWiHdRWacvmejH`,`["Yến Trang"]`
`Johnboy Deal`,`true`,`true`,,,,`https://i.scdn.co/image/ab67616d0000b273e40b11733f6f0c69a1b11a27`,,`spt_2UwdXjAqQoDyApDwzUf6TK`,`["Johnboy Deal"]`
`Luh Gee`,`true`,`true`,,,,,,`spt_4roILWWJFTIBiPcuh020LZ`,`["Luh Gee"]`
`Young Polo G`,`true`,`true`,,,,`https://i.scdn.co/image/ab6761610000e5eb4ec90ab82dd29716406f648e`,,`spt_6tbun0xuUFiNiN6WRxeGP6`,`["Young Polo G"]`
`Ty Kalil`,`true`,`true`,,,,`https://i.scdn.co/image/ab6761610000e5eb959cf313753256d4fb72ffdf`,,`spt_5pZa4RwX8wW4nMYgQV4U69`,`["Ty Kalil"]`
`Ianna`,`true`,`true`,,,,`https://i.scdn.co/image/ab6761610000e5eb2772329b696d0c194bc7db5e`,,`spt_3Eeo37IxGCOLYBF0e6q7Ci`,`["Ianna"]`
`Dheya`,`true`,`true`,,,,`https://i.scdn.co/image/ab67616d0000b273908077677fecda4b5bc2801a`,,`spt_37a0Bj2tKJ1sAu9mlgZArH`,`["Dheya"]`
`Dren`,`true`,`true`,,,,`https://i.scdn.co/image/ab6761610000e5eb5c72b3f4bf73758ed8f50d9b`,,`spt_1MESXj5EoUDjUCkrNbNpKs`,`["Dren"]`
`Bunaya`,`true`,`true`,,,,`https://i.scdn.co/image/ab67616d0000b2739c2360d1361ce4756649e8da`,,`spt_4kDJt5Jrt7ZIq7MxUHeRTL`,`["Bunaya"]`
`Waddy`,`true`,`true`,,,,,,`spt_1FylpfRJx0LZu6PZqA7tTh`,`["Waddy"]`
`Cetana`,`true`,`true`,,,,`https://i.scdn.co/image/ab67616d0000b273008f9ab4b8ad27d9945873d3`,,`spt_039It9FWbMLLm8z2pAscm1`,`["Cetana"]`
`AreEeEyeDee`,`true`,`true`,,,,`https://i.scdn.co/image/ab6761610000e5eb6f744cbb423ef4a1b55165bd`,,`spt_0tJL3f1xM5qqoLLcEjjDD8`,`["AreEeEyeDee"]`
`D $Munyo`,`true`,`true`,,,,`https://i.scdn.co/image/ab67616d0000b2732876192be19a4e2b271f96b3`,,`spt_0KEovrY5DvZMIcj5x4R1bV`,`["D $Munyo"]`
`BlackLowKing`,`true`,`true`,,,,`https://i.scdn.co/image/ab67616d0000b27367b972a2b4ea7c4d45aa4050`,,`spt_7ydbP5t72tHI9kAFtYTqBn`,`["BlackLowKing"]`
`C-NOTE`,`true`,`true`,,,,`https://i.scdn.co/image/ab67616d0000b273211d9351dc22625d6da927dd`,,`spt_5z3yRrii0H9BYoLqDPXbmK`,`["C-NOTE"]`
`Lugati`,`true`,`true`,,,,`https://i.scdn.co/image/ab6761610000e5eb3014becf8548c5e0b050d27b`,,`spt_6EletulzzKnRYpTjdbnNbc`,`["Lugati"]`
`Rrug-Aq`,`true`,`true`,,,,`https://i.scdn.co/image/ab6761610000e5ebb3f10f698194ef2e1a9f2438`,,`spt_1lqlFLJtN3K138wZHHJ5dB`,`["Rrug-Aq"]`
`Wf Coolfaze`,`true`,`true`,,,,`https://i.scdn.co/image/ab67616d0000b273fd45c2b769fd4e02621e3577`,,`spt_4U5NNEgx0ppzZQTRYxpMYM`,`["Wf Coolfaze"]`
`Kool Taj The Gr8`,`true`,`true`,,,,`https://i.scdn.co/image/ab6761610000e5ebe63107f00c0a37ae3f871c95`,,`spt_11o5iDW91S5yOG8TkIfe65`,`["Kool Taj The Gr8"]`
`Dj Mike P`,`true`,`true`,,,,`https://i.scdn.co/image/ab67616d0000b273780f734b46e7c4f610c19e11`,,`spt_16iiOgECd8WkGFLAZUYOgY`,`["Dj Mike P"]`
`Luộc`,`true`,`true`,,,,,,`spt_7pHrrQiYXW29REN67hsxt8`,`["Luộc"]`
`ViruSs`,`true`,`true`,,,,`https://i.scdn.co/image/ab67616d0000b273b75391cd0bcd1ff1b4963079`,,`spt_5NwH9QhyGfMDV6agHtBeqI`,`["ViruSs"]`
`Dope Boy Roy`,`true`,`true`,,,,`https://i.scdn.co/image/ab67616d0000b273088d4a624433227164498670`,,`spt_74vNnSAqlAjLMleih6ySQT`,`["Dope Boy Roy"]`
`Bossa Bros`,`true`,`true`,,,,,,`spt_4Jqb8sNDWd9KPbkqwf6jRJ`,`["Bossa Bros"]`
`Roobxcube`,`true`,`true`,,,,`https://i.scdn.co/image/ab67616d0000b2737d1f8008f6c80f1f58587e4c`,,`spt_1JzBtEwxQ4FMyHUmJo4IiX`,`["Roobxcube"]`
`Adiyon Dashalon`,`true`,`true`,,,,,,`spt_3LMvWWMlWwXXFskW4iRZ9p`,`["Adiyon Dashalon"]`
`Maal Most`,`true`,`true`,,,,,,`spt_6DoxsjRq77sgya99PqiDGF`,`["Maal Most"]`
`JB The War Villain`,`true`,`true`,,,,`https://i.scdn.co/image/ab6761610000e5eb835168f0a2ab5606118d2842`,,`spt_59mUm9NJPmGJqL0clq2hEH`,`["JB The War Villain"]`
`Noble Salvaje`,`true`,`true`,,,,,,`spt_2tC9PyjNaHEjTCZZa9UJ7Z`,`["Noble Salvaje"]`
`Gee Money Bagz`,`true`,`true`,,,,,,`spt_5a0Jxr3ci7elbcfylXWtSx`,`["Gee Money Bagz"]`
`Đan Ni`,`true`,`true`,,,,,,`spt_5VeyCA3STfUjPXR5sPX6ft`,`["Đan Ni"]`
`DJ Kanzer`,`true`,`true`,,,,`https://i.scdn.co/image/ab6761610000e5eb3dd02123d8a25a71a87e802e`,,`spt_5crIAxCUXff1hB5jsmUVCK`,`["DJ Kanzer"]`
`Xclusef Yusef`,`true`,`true`,,,,,,`spt_3SpKgQCIbBdqEUZYMEoMmY`,`["Xclusef Yusef"]`
`FIIZIIKS UDOPLATOV`,`true`,`true`,,,,`https://i.scdn.co/image/ab67616d0000b273b7455401bfc427498648e5b3`,,`spt_0pStgua8Qx29cLPO4zLoi9`,`["FIIZIIKS UDOPLATOV"]`
`KUZEN UDOPLATOV`,`true`,`true`,,,,`https://i.scdn.co/image/ab67616d0000b2730edf50abe7415d021e6597f4`,,`spt_2j33SHxqxJJyr9upNFcK33`,`["KUZEN UDOPLATOV"]`
`CA$TAN`,`true`,`true`,,,,,,`spt_0ZUSkyP8QeJRCovD4iP5Ky`,`["CA$TAN"]`
`Cường Lê`,`true`,`true`,,,,`https://i.scdn.co/image/ab67616d0000b2738ab73779f5365c46e4365976`,,`spt_4CAMZT1Zry5a9wdRKxRKBg`,`["Cường Lê"]`
`Ngọt`,`true`,`true`,,,,,,`spt_6p3fQJ4VuN0gfh6YGELGZT`,`["Ngọt"]`
`Hà Linh`,`true`,`true`,,,,`https://i.scdn.co/image/ab67616d0000b27312919cc80d0cef0af6811636`,,`spt_4IhSSd6Jm0S26OVdhQrAAp`,`["Hà Linh"]`
`Ngân Hà`,`true`,`true`,,,,`https://i.scdn.co/image/ab67616d0000b273addc14b4c50b569f317095f8`,,`spt_5zj0gTIfDGqavRJmp6PogI`,`["Ngân Hà"]`
`Nguyễn Gia Hưng`,`true`,`true`,,,,`https://i.scdn.co/image/ab6761610000e5eb563b89aeabac08122b877e26`,,`spt_7t4a3DKmsrYRMdgrAQDOCE`,`["Nguyễn Gia Hưng"]`
`Dear Jane`,`true`,`true`,,,,`https://i.scdn.co/image/ab6761610000e5eb19e048d51ef4e7cf1eff05c2`,,`spt_6V1SwiosQqf5XvmoTMCGa9`,`["Dear Jane"]`
`Lukas Graham`,`true`,`true`,,,,`https://i.scdn.co/image/ab6761610000e5ebd16592d1ece4a2706d6b6d65`,,`spt_25u4wHJWxCA9vO0CzxAbK7`,`["Lukas Graham"]`
`Hoang Thai Vu`,`true`,`true`,,,,`https://i.scdn.co/image/ab67616d0000b273393b5262fd9b4c54cfaf42eb`,,`spt_63ErEnykZWfd34YNATzFAz`,`["Hoang Thai Vu"]`
`Gừng`,`true`,`true`,,,,`https://i.scdn.co/image/ab67616d0000b273e2d5ae34913ed62f0dcb6179`,,`spt_2792d6OZEOQ16ang5Vo5pz`,`["Gừng"]`
`TN`,`true`,`true`,,,,`https://i.scdn.co/image/ab67616d0000b273ce33db028d143434a39d3939`,,`spt_6sA4xzZSED9rpHgJhzDrSl`,`["TN"]`
`Tizi Đích Lép`,`true`,`true`,,,,`https://i.scdn.co/image/ab67616d0000b273227091378e2d470ba80c1657`,,`spt_25Ppds4Tz7uw1a5WYVLbwN`,`["Tizi Đích Lép"]`
`Hưng Cao`,`true`,`true`,,,,`https://i.scdn.co/image/ab6761610000e5eb194610e7482f5f7f3c9223e3`,,`spt_6NgAx7a1qFwLpTCC43sZrV`,`["Hưng Cao"]`
`Nukan Trần Tùng Anh`,`true`,`true`,,,,,,`spt_7DMdGinlcjEIUMSpv1vfGn`,`["Nukan Trần Tùng Anh"]`
`Tonny Viet`,`true`,`true`,,,,`https://i.scdn.co/image/ab67616d0000b2730db08247a226a92fd41de534`,,`spt_4xGlS3WQEDARPnl7MduIkQ`,`["Tonny Viet"]`
`Suteewan`,`true`,`true`,,,,,,`spt_32rFC5jmzgfuweDcwlOZGm`,`["Suteewan"]`
`Thanh Tam (NSUT)`,`true`,`true`,,,,,,`spt_7txjL3csAtr0meA8Q0K0Cv`,`["Thanh Tam (NSUT)"]`
`Cuong Seven`,`true`,`true`,,,,`https://i.scdn.co/image/ab6761610000e5ebc2bf2dd3494ee3c697a355b8`,,`spt_6uPQqRyJMiXn3lHCh0oJIt`,`["Cuong Seven"]`
`365`,`true`,`true`,,,,`https://i.scdn.co/image/ab67616d0000b2730994b475e61647fda4d784b4`,,`spt_7HM4SoDuMxfYgPJaSWVZTC`,`["365"]`
`Họa Mi`,`true`,`true`,,,,`https://i.scdn.co/image/ab67616d0000b2733be1226baadceec7c39a278a`,,`spt_2okCaNJy5RwObdNGjK2y1m`,`["Họa Mi"]`
`Đại Nhân`,`true`,`true`,,,,`https://i.scdn.co/image/ab6761610000e5eb72d72b24360ef262833e76ac`,,`spt_5R5q2FQr5ddXRMKkJxagiZ`,`["Đại Nhân"]`
`Cold9`,`true`,`true`,,,,`https://i.scdn.co/image/ab67616d0000b2731bc8b4908399eae8260cbc3e`,,`spt_48PqUjVxm6R4sU6CGjGwdU`,`["Cold9"]`
`Quang Vinh`,`true`,`true`,,,,`https://i.scdn.co/image/ab6761610000e5eb5b79e28a37febd8e34e1317e`,,`spt_0IMvyEWySP665zddlejaSm`,`["Quang Vinh"]`
`Truyền Hình FPT`,`true`,`true`,,,,`https://i.scdn.co/image/ab67616d0000b2730cb82b1c644a0dafdca3aa5e`,,`spt_3eVRIcs5It7zV5sMc7O1hT`,`["Truyền Hình FPT"]`
`Phát Hồ`,`true`,`true`,,,,`https://i.scdn.co/image/ab6761610000e5eb59993bd7b6fbfa1320ffe336`,,`spt_1Y6nNqZKrsUSLnG5jwXVJv`,`["Phát Hồ"]`
`kim`,`true`,`true`,,,,`https://i.scdn.co/image/ab67616d0000b273aad61f6742fc36424f242737`,,`spt_5ZNui098rEy0mmNj0Iv7om`,`["kim"]`
`MadP`,`true`,`true`,,,,,,`spt_2qOSIe5Pcwyg6FhL7PyZxJ`,`["MadP"]`
`Mi`,`true`,`true`,,,,`https://i.scdn.co/image/ab6761610000e5eb03271557a2d260eebfe49371`,,`spt_4Y1CPTr0aXm79QqRf6wZD9`,`["Mi"]`
`Kim`,`true`,`true`,,,,`https://i.scdn.co/image/ab6761610000e5ebdf3b1bec4cabc3358993cb4a`,,`spt_1bufaOa1xsdvxGxeqQJtzW`,`["Kim"]`
`MDr`,`true`,`true`,,,,`https://i.scdn.co/image/ab67616d0000b273c7e5723daaa40cc6689a04de`,,`spt_1G4llW0JYLawGh7EURxGwl`,`["MDr"]`
`Thảo Phạm`,`true`,`true`,,,,`https://i.scdn.co/image/ab6761610000e5eb01d9e162a87a6545e7472318`,,`spt_5Ww6Cn2DJH4s6mZjFRH2kF`,`["Thảo Phạm"]`
`Duckie`,`true`,`true`,,,,`https://i.scdn.co/image/ab6761610000e5ebc37fdf74943b8c7b5615bc71`,,`spt_51BshXLs4BqwWyZfOIhkuq`,`["Duckie"]`
`AM`,`true`,`true`,,,,`https://i.scdn.co/image/ab67616d0000b27332c66edbb359ab55f8eb1721`,,`spt_6hVIKiaOoa3slo4rBWzSOZ`,`["AM"]`
`RHYME SO`,`true`,`true`,,,,`https://i.scdn.co/image/ab6761610000e5ebda1793079b52cc8573529112`,,`spt_7dtbEudF1BHLVrVtwxxKgm`,`["RHYME SO"]`
`MAYonair`,`true`,`true`,,,,`https://i.scdn.co/image/ab6761610000e5eb607046f2cdd8174f4747a72a`,,`spt_4cuCzi4VvHHwwowu56Ejm5`,`["MAYonair"]`
`NamLee`,`true`,`true`,,,,`https://i.scdn.co/image/ab6761610000e5eb084b46091b77de07c0678747`,,`spt_4qUaWOfUkpVho3uRUuFoQI`,`["NamLee"]`
`An`,`true`,`true`,,,,`https://i.scdn.co/image/ab6761610000e5ebd46048bd2f9f99d7ab5289da`,,`spt_0CELhrIhYqrVOUP0aCYRcB`,`["An"]`
`McTee`,`true`,`true`,,,,`https://i.scdn.co/image/ab67616d0000b2735c81d3cc3d522626299c02c6`,,`spt_4UDyoxAXo3N0WP8ObnfwKS`,`["McTee"]`
`GepolyG`,`true`,`true`,,,,`https://i.scdn.co/image/ab6761610000e5ebca7ff4fb04c0d2d6a4e095bd`,,`spt_4yZp1B11Rid5FP066ibtsP`,`["GepolyG"]`
`So'et`,`true`,`true`,,,,,,`spt_2W3NZ4x4igsbjiVzmXvzaH`,`["So'et"]`
`HuyDean`,`true`,`true`,,,,,,`spt_1DjyM6Fw7vpTHLfrXEDjy1`,`["HuyDean"]`
`New$oulZ`,`true`,`true`,,,,`https://i.scdn.co/image/ab67616d0000b273ed236a0f63a2185f3a52060b`,,`spt_27oQp8PzRPJwkkLQvBMEzZ`,`["New$oulZ"]`
`Weedie`,`true`,`true`,,,,`https://i.scdn.co/image/ab6761610000e5ebc8e6f1c18e4f22672f46787f`,,`spt_1Lmfz5Yccktfwedhkpi1ny`,`["Weedie"]`
`ChiuLinh`,`true`,`true`,,,,`https://i.scdn.co/image/ab6761610000e5eb79afa787d63b81446d23f67e`,,`spt_6JicDimASCwKbuAWbQaixG`,`["ChiuLinh"]`
`Kim Nguyen Martian`,`true`,`true`,,,,,,`spt_2B05RQq4p4Ba1qSJVXF4VK`,`["Kim Nguyen Martian"]`
`Cigar`,`true`,`true`,,,,`https://i.scdn.co/image/ab6761610000e5eb004d4fca09f53fa77e434847`,,`spt_7oH5iMeAujna1ezppMWb7C`,`["Cigar"]`
`Trash Paul`,`true`,`true`,,,,,,`spt_4zAKkq0aowZQnhmjGm9N1M`,`["Trash Paul"]`
`Jimmy Ngủ Yên`,`true`,`true`,,,,`https://i.scdn.co/image/ab67616d0000b273b05e15f89f82eb981dd8d4ad`,,`spt_6sSY5JXhXqsnYavvlksoXY`,`["Jimmy Ngủ Yên"]`
`Hipz`,`true`,`true`,,,,`https://i.scdn.co/image/ab6761610000e5eb91012b71d91feb21a041faae`,,`spt_3g8l4a4JtYNpYKqSMZMnK0`,`["Hipz"]`
`Neko Land`,`true`,`true`,,,,`https://i.scdn.co/image/ab6761610000e5eb4bf6802600dd509c6b7a8d14`,,`spt_1LizFsdyfdlEJlah6l88PU`,`["Neko Land"]`
`Duzme Music`,`true`,`true`,,,,`https://i.scdn.co/image/ab67616d0000b273cc689c69cfbf552d230f5db6`,,`spt_6dAMyqUYjCSNb585srU0Mp`,`["Duzme Music"]`
`Datz`,`true`,`true`,,,,`https://i.scdn.co/image/ab67616d0000b273531baf5d038775003695b0ae`,,`spt_2yA249IhLfSGsuuLAHRHkV`,`["Datz"]`
`Bác Sĩ Mập Hồng`,`true`,`true`,,,,`https://i.scdn.co/image/ab67616d0000b2734e1818f33e7576c43d575cb8`,,`spt_6lxuuRNFzWsvUfKTcGnMCc`,`["Bác Sĩ Mập Hồng"]`
`Bảo Yến Rosie`,`true`,`true`,,,,`https://i.scdn.co/image/ab6761610000e5ebbd1a76311f5a98cca2ed7ba3`,,`spt_4CLtSkejac5Lw7w3A6Kdfz`,`["Bảo Yến Rosie"]`
`JiKen`,`true`,`true`,,,,`https://i.scdn.co/image/ab67616d0000b2735bc6d7c1d3193d0709a4ad36`,,`spt_0OkR2vafWstYhJURQIX6oi`,`["JiKen"]`
`Layer Chan`,`true`,`true`,,,,`https://i.scdn.co/image/ab67616d0000b27336215965dc9b0bb21f44e123`,,`spt_0nKGnWLuugIpruNhvfz2B4`,`["Layer Chan"]`
`Black T`,`true`,`true`,,,,`https://i.scdn.co/image/ab6761610000e5eb9abd606797c56d8dc97c08a0`,,`spt_1EN3JG0z8EcqSca7LjURLr`,`["Black T"]`
`Woni`,`true`,`true`,,,,`https://i.scdn.co/image/ab6761610000e5eb013d2df405fd1d07d501a015`,,`spt_0bTZ4h4TZrOB8cHsqeW0sm`,`["Woni"]`
`Embray`,`true`,`true`,,,,`https://i.scdn.co/image/ab67616d0000b2739f42811e62fdd16231b339f0`,,`spt_77Ft4fviaUIV95uhY4l43x`,`["Embray"]`
`52Hz`,`true`,`true`,,,,`https://i.scdn.co/image/ab6761610000e5ebc80eba75c788caffd20939a7`,,`spt_1y28JlO6rDMUB5rkcA4RAh`,`["52Hz"]`
`Fustic.`,`true`,`true`,,,,`https://i.scdn.co/image/ab67616d0000b273661e2eb3f35682d781ae7f1d`,,`spt_6pO2ehgxIYOfpFkfGDDnsh`,`["Fustic."]`
`Namleday`,`true`,`true`,,,,`https://i.scdn.co/image/ab67616d0000b273661e2eb3f35682d781ae7f1d`,,`spt_66Uc4yZIVMe4xALEAn3fnr`,`["Namleday"]`
`Sir Hoang`,`true`,`true`,,,,`https://i.scdn.co/image/ab67616d0000b2739997ffffdd85335c7e287eda`,,`spt_1JFhdlZawgtIQRXAbnnzdB`,`["Sir Hoang"]`
`Hiểu Băng`,`true`,`true`,,,,,,`spt_2cBzrJuUc0dhNxlrxnVfPW`,`["Hiểu Băng"]`
`ShiGGa Shay`,`true`,`true`,,,,`https://i.scdn.co/image/ab6761610000e5eb4e3148e605346d4b3a8b9294`,,`spt_3vYlOrtxEjNzvUPhacOdoV`,`["ShiGGa Shay"]`
`Splendooo`,`true`,`true`,,,,`https://i.scdn.co/image/ab67616d0000b2733774b896954be0b6e252359f`,,`spt_05PHe05jAa44dSbygHKin8`,`["Splendooo"]`
`LostOwl`,`true`,`true`,,,,`https://i.scdn.co/image/ab6761610000e5ebfaa970aeed8f7cb3bdd1995c`,,`spt_2nO3NsrkKhV3cBI7X1wYbb`,`["LostOwl"]`
`Potorik Track`,`true`,`true`,,,,,,`spt_4i9hZa6iX8gQUmz5bYNJaH`,`["Potorik Track"]`
`H2K`,`true`,`true`,,,,`https://i.scdn.co/image/ab67616d0000b27376c3fd996fbc8b3648f599d4`,,`spt_1XlJB5SQSQTN5YoqJ15sAN`,`["H2K"]`
`Nguyễn Thúc Thùy Tiên`,`true`,`true`,,,,`https://i.scdn.co/image/ab67616d0000b2732458d68fd7558a3a1fb30563`,,`spt_5DBOIHtoCL5GtzM8hX30mb`,`["Nguyễn Thúc Thùy Tiên"]`
`Anngo`,`true`,`true`,,,,`https://i.scdn.co/image/ab6761610000e5ebdec18a7d55fa7577708a07ba`,,`spt_120NaeTK4uB1ykRKLmCpoQ`,`["Anngo"]`
`Thuy MX`,`true`,`true`,,,,`https://i.scdn.co/image/ab6761610000e5eb15764c189909ae7e3b3ecf51`,,`spt_6rhM1w8bggeAxJ5pae0CiQ`,`["Thuy MX"]`
`Wong`,`true`,`true`,,,,,,`spt_0ul6k900yqWzyEfLcHSUzU`,`["Wong"]`
`911`,`true`,`true`,,,,`https://i.scdn.co/image/ab6761610000e5eb6f2eb0dbfec7f0f74eb68193`,,`spt_3H7pODXycF821OnRyAw2VT`,`["911"]`
`Viruss`,`true`,`true`,,,,`https://i.scdn.co/image/ab6761610000e5ebb755f93e585f11a29169dd58`,,`spt_6sfh0P8S3lNQ8saqj0bc7q`,`["Viruss"]`
`Limebócx`,`true`,`true`,,,,`https://i.scdn.co/image/ab6761610000e5eb5c1802bc17c72c60cba1fe1f`,,`spt_2l0cdSl2y1u8TuqyO0X5Rf`,`["Limebócx"]`
`Quỳnh Anh`,`true`,`true`,,,,`https://i.scdn.co/image/ab6761610000e5eb3ebf5ea6db2cc6fde1337b8b`,,`spt_2FJ1Gw2JxIVbKuNxthkvBf`,`["Quỳnh Anh"]`
`Mỹ Hồng`,`true`,`true`,,,,,,`spt_78BsPlDhUPc2PBoRHECsTj`,`["Mỹ Hồng"]`
`Vantacrow`,`true`,`true`,,,,`https://i.scdn.co/image/ab6761610000e5eb77a3d64236a8773bf5d1ecb6`,,`spt_5pg3yGxVZg1VTumNeC5QZW`,`["Vantacrow"]`
`Mimetals`,`true`,`true`,,,,`https://i.scdn.co/image/ab6761610000e5eb3b8c11cbd10ed620cebb3a0c`,,`spt_0iyMn5y6Y5p4E8Okh9ciHg`,`["Mimetals"]`
`K-Hau`,`true`,`true`,,,,`https://i.scdn.co/image/ab67616d0000b27323b00e0c580d7dc7c6891e81`,,`spt_3FHK3B70ZayNCsUA30LuQn`,`["K-Hau"]`
`Vũ Thắng Lợi`,`true`,`true`,,,,`https://i.scdn.co/image/ab67616d0000b2738d7b9c3e295318496d41f5ea`,,`spt_1Zvjyb0zzFjURPIOboDXk7`,`["Vũ Thắng Lợi"]`
`Nguyễn Thùy Linh`,`true`,`true`,,,,`https://i.scdn.co/image/ab6761610000e5eb201538fcb0f203385ab8bae9`,,`spt_0XInUxYrh0zedGJOsZy3Z7`,`["Nguyễn Thùy Linh"]`
`Vang`,`true`,`true`,,,,`https://i.scdn.co/image/ab6761610000e5ebc6856508a77ed3115a0764d4`,,`spt_6bvMoywdm3JM1bmVvMngrW`,`["Vang"]`
`Minh Triều`,`true`,`true`,,,,`https://i.scdn.co/image/ab67616d0000b2734d940252db1f47fe33fdebe3`,,`spt_1QyEugFxmSpHLGfrQsRUor`,`["Minh Triều"]`
`Mr. B`,`true`,`true`,,,,`https://i.scdn.co/image/ab6761610000e5ebcfac14dc3f381d4e436d5096`,,`spt_4nxHXVJhEDW8IBb2oUwWxA`,`["Mr. B"]`
`Teddi`,`true`,`true`,,,,,,`spt_1O7qs3DIJstMPTNVRXX1Ac`,`["Teddi"]`
`Beon`,`true`,`true`,,,,`https://i.scdn.co/image/ab67616d0000b2731d40e08a41e4c308ec3099a4`,,`spt_2JB4tzVQfOOmbkUlXzIlQC`,`["Beon"]`
`Nguyễn Trọng Tài`,`true`,`true`,,,,`https://i.scdn.co/image/ab6761610000e5eb939863a64b3d674e9e42c648`,,`spt_2UCPMrvFm42t3w5duYfQHl`,`["Nguyễn Trọng Tài"]`
`BLAISE`,`true`,`true`,,,,`https://i.scdn.co/image/ab6761610000e5ebac470d0710cc39b3492888ef`,,`spt_3qNQdzi0cdAEz9p64r41Xb`,`["BLAISE"]`
`teeayz`,`true`,`true`,,,,`https://i.scdn.co/image/ab6761610000e5eb20eac0e72f0c36e1912110cc`,,`spt_5yYhYmHcloJNnC1rXeEEVm`,`["teeayz"]`
`NewL`,`true`,`true`,,,,,,`spt_0v4ZbSvY35WpYvPV3HoYqD`,`["NewL"]`
`Minsicko`,`true`,`true`,,,,`https://i.scdn.co/image/ab6761610000e5ebe5d9bdeceb446cb69151f696`,,`spt_33J4sIJ9vp7KgdKpxXm6z6`,`["Minsicko"]`
`Baby Sam`,`true`,`true`,,,,,,`spt_7BnpRENhA3oHJ0BU24pkgj`,`["Baby Sam"]`
`Vine`,`true`,`true`,,,,,,`spt_4f3P0wtyRbZ0nGpH3U01VY`,`["Vine"]`
`Tuyên`,`true`,`true`,,,,`https://i.scdn.co/image/ab6761610000e5eba3b07735dfa103b005c8fd03`,,`spt_4joNWs26XgMPKcV4hJ03hr`,`["Tuyên"]`
`Alterboi`,`true`,`true`,,,,,,`spt_7Fk2FpGzQ8kQkrAGZmm0kd`,`["Alterboi"]`
`Haitian G`,`true`,`true`,,,,,,`spt_3pDGudzvNhePrmqkfomBYi`,`["Haitian G"]`
`Ngọc Phụng`,`true`,`true`,,,,`https://i.scdn.co/image/ab6761610000e5eb40df7b6edb7be638b987fbcf`,,`spt_0qsxxwNWl74ERd4qAoNrkT`,`["Ngọc Phụng"]`
`Star Remix`,`true`,`true`,,,,`https://i.scdn.co/image/ab67616d0000b2735af8d5e12a243d7546ff1318`,,`spt_3b9X80MVzyRQFuqfvYlYXN`,`["Star Remix"]`
`Tia`,`true`,`true`,,,,`https://i.scdn.co/image/ab6761610000e5eb90b058ee68cdfbe0a7fa822b`,,`spt_3JAdD9AfJI9QymrEo49Qhp`,`["Tia"]`
`Phát Huy T4`,`true`,`true`,,,,`https://i.scdn.co/image/ab6761610000e5eb60abb110a775c765cc2f9f36`,,`spt_38QmAddjWUR2zKkdp3Oe87`,`["Phát Huy T4"]`
`Shiki`,`true`,`true`,,,,`https://i.scdn.co/image/ab6761610000e5eb4837cd8bf9355b31752d87c1`,,`spt_3hRnvEdu1iPyB6EzMBbuZq`,`["Shiki"]`
`Daisy Le Garçon`,`true`,`true`,,,,`https://i.scdn.co/image/ab6761610000e5ebe02907bedad00418677429c0`,,`spt_5J3aJu1LxotI5WXEtTPiHo`,`["Daisy Le Garçon"]`
`Cheng`,`true`,`true`,,,,`https://i.scdn.co/image/ab67616d0000b27328000769972690fae58df7d9`,,`spt_0MNKLsBMKa5KGShgrWgE3B`,`["Cheng"]`
`JAPANDEE x THEREON REMIX`,`true`,`true`,,,,`https://i.scdn.co/image/ab67616d0000b2732cc47b7bb7abd702b410fdbe`,,`spt_5Mx1vpBlEJ2Hlx0VLECas5`,`["JAPANDEE x THEREON REMIX"]`
`Linh Đan`,`true`,`true`,,,,`https://i.scdn.co/image/ab67616d0000b273a8c4bd09346e65dbe442b8f3`,,`spt_00o0yAQPBJTR7h14OCu71J`,`["Linh Đan"]`
`Quách Tuấn Du`,`true`,`true`,,,,`https://i.scdn.co/image/ab67616d0000b2736db237c767b03c4da953bb1d`,,`spt_1mZMrngksK45xA6GYOpxPt`,`["Quách Tuấn Du"]`
`Calum Scott`,`true`,`true`,,,,`https://i.scdn.co/image/ab6761610000e5ebfd28880f1b1fa8f93d05eb76`,,`spt_6ydoSd3N2mwgwBHtF6K7eX`,`["Calum Scott"]`
`Mee`,`true`,`true`,,,,`https://i.scdn.co/image/ab6761610000e5eb66cc547e87e27cb963402bdf`,,`spt_44e5DjsGg7w4uRT8g9Ib8W`,`["Mee"]`
`An Coong`,`true`,`true`,,,,`https://i.scdn.co/image/ab67616d0000b273bb9527c1b12d606df71b4aa5`,,`spt_215RNJqxT5Pp6zFgKGidlS`,`["An Coong"]`
`HIEUTHUHAI`,`true`,`true`,,,,`https://i.scdn.co/image/ab67616d0000b2730ed35eba2ca3a7f55ccd4635`,,`spt_0TbTGWUkruaGzrNeK3j33T`,`["HIEUTHUHAI"]`
`Elbi`,`true`,`true`,,,,`https://i.scdn.co/image/ab67616d0000b27388ef8bd1bb51388c7aedac78`,,`spt_5LuRJiwzCjNZivyrI0A4Bm`,`["Elbi"]`
`Nhóm Múa ABC`,`true`,`true`,,,,,,`spt_3WoakT9EiP6kzl6iRME35S`,`["Nhóm Múa ABC"]`
`BLOO`,`true`,`true`,,,,`https://i.scdn.co/image/ab6761610000e5ebbb9805c85f10044799657afb`,,`spt_3ghCvruix2FYZ81DHRlOt1`,`["BLOO"]`
`CeCe Trương`,`true`,`true`,,,,`https://i.scdn.co/image/ab6761610000e5eb8c82b051e4fc62b69df7245f`,,`spt_0We6FybaRNC3InZwnhiH2J`,`["CeCe Trương"]`
`ZINO`,`true`,`true`,,,,`https://i.scdn.co/image/ab6761610000e5eb13a0bffb51800bb32bb3732a`,,`spt_4wW4Ha2GRRdJQBmmWsEXGp`,`["ZINO"]`
`Sơn Ngọc Minh`,`true`,`true`,,,,,,`spt_4ZKWcXmxjz15nuOUajqtZW`,`["Sơn Ngọc Minh"]`
`Diệu Nhi`,`true`,`true`,,,,,,`spt_2mpSmbp35mvG7ig3cg1jEj`,`["Diệu Nhi"]`
`HiếuK`,`true`,`true`,,,,`https://i.scdn.co/image/ab6761610000e5ebaeb04c10b9df180c5710f5d3`,,`spt_1Wbl66TTQmUmcNJhtcZkmT`,`["HiếuK"]`
`Dương Triệu Vũ`,`true`,`true`,,,,`https://i.scdn.co/image/ab67616d0000b27352df58413d3cb4b871c468c1`,,`spt_7eNVs44Liz46dWLt9LAONW`,`["Dương Triệu Vũ"]`
`Thanh Thảo`,`true`,`true`,,,,`https://i.scdn.co/image/ab67616d0000b273f168e91ab6956d37132fe5ea`,,`spt_6YdeJQN8W4lJO8afHzUhFq`,`["Thanh Thảo"]`
`Khánh Tiên`,`true`,`true`,,,,,,`spt_5L1ZPhj07XFzh2SPkAukTS`,`["Khánh Tiên"]`
`Bạch Công Khanh`,`true`,`true`,,,,`https://i.scdn.co/image/ab67616d0000b2731fdeba7f403bddbca6fd7f5c`,,`spt_5MUzZQhhn23Uk9qtEs6wtY`,`["Bạch Công Khanh"]`
`Huynh Phan Trong Quynh`,`true`,`true`,,,,`https://i.scdn.co/image/ab67616d0000b27375e25c2bde2347d82fe3971f`,,`spt_4CqNhpneipMYOiPwmeFJo9`,`["Huynh Phan Trong Quynh"]`
`Miko Lan Trinh`,`true`,`true`,,,,`https://i.scdn.co/image/ab67616d0000b273ea20fccbc3a8a3b5c9e1f929`,,`spt_5ADHeQio4nFRvgCKbVli4m`,`["Miko Lan Trinh"]`
`Tú Vi`,`true`,`true`,,,,,,`spt_4jjlkymytJsQNy5tAXUPeq`,`["Tú Vi"]`
`Lê Phương`,`true`,`true`,,,,`https://i.scdn.co/image/ab67616d0000b273b908ceedba5fd2b288e44684`,,`spt_5DARnqhQMJndOyqhglwxku`,`["Lê Phương"]`
`AYOR`,`true`,`true`,,,,,,`spt_1ZWFLrA0Sw5Lx8h5AEN8kn`,`["AYOR"]`
`Dương Khắc Linh`,`true`,`true`,,,,,,`spt_4Osr39zUJoOIa8Cl87Eo85`,`["Dương Khắc Linh"]`
`Đỗ Hiếu`,`true`,`true`,,,,,,`spt_2fg3gCi9mv6JQi0SoVm0mE`,`["Đỗ Hiếu"]`
`ERIK`,`true`,`true`,,,,`https://i.scdn.co/image/ab6761610000e5eb9ddbfe0bb09bf464b8f04093`,,`spt_2PkSHEopOB4qUF3gQqcJvQ`,`["ERIK"]`
`Đỗ Hiếu`,`true`,`true`,,,,`https://i.scdn.co/image/ab67616d0000b273f3f7477ee5455d546c860e45`,,`spt_0iiKTHOQ52q6AE8KaglyyV`,`["Đỗ Hiếu"]`
`Hải Nam`,`true`,`true`,,,,`https://i.scdn.co/image/ab67616d0000b2738410d7779578270c57cc257b`,,`spt_1heTgCxvRC1wZB70JIYWZc`,`["Hải Nam"]`
`X2X`,`true`,`true`,,,,`https://i.scdn.co/image/ab67616d0000b273401526a3a7bbc0271e292262`,,`spt_1d4YJtFsbGtOL4b06ylPom`,`["X2X"]`
`Trịnh Thiên Ân`,`true`,`true`,,,,`https://i.scdn.co/image/ab67616d0000b2731268ee0505ceb9e5a9a25461`,,`spt_5rJiKU2JTbmvfQPxNPpfKm`,`["Trịnh Thiên Ân"]`
`NB3 Hoài Bảo`,`true`,`true`,,,,`https://i.scdn.co/image/ab6761610000e5eb69f717cc9a4ae9f5e16d6453`,,`spt_5QbDgpkghCaWjJywjbJnoG`,`["NB3 Hoài Bảo"]`
`Hoàng Ly`,`true`,`true`,,,,`https://i.scdn.co/image/ab67616d0000b273f699dc24bc3c54c9b790987f`,,`spt_4Z5mgWJV3MH6y04MDp7jHi`,`["Hoàng Ly"]`
`Khiem`,`true`,`true`,,,,`https://i.scdn.co/image/ab6761610000e5eb42b121ad10c837b6606f61a2`,,`spt_2xyEAgqFAAy5yqRZ7mHd9c`,`["Khiem"]`
`KPROX`,`true`,`true`,,,,`https://i.scdn.co/image/ab67616d0000b273380bf5f2d66cbd687ac34683`,,`spt_5Ibao3h2sT1IPQojjaXkL7`,`["KPROX"]`
`Trịnh Thiên Ân`,`true`,`true`,,,,`https://i.scdn.co/image/ab6761610000e5ebd79f18daf484f923610cf7e6`,,`spt_5xSirEZQd3RWgMgUvVJ1GJ`,`["Trịnh Thiên Ân"]`
`LilGee Phạm`,`true`,`true`,,,,`https://i.scdn.co/image/ab67616d0000b273847ed52310220bc3a0ded788`,,`spt_0Q6P8dNoDT5Laxl7XFUStQ`,`["LilGee Phạm"]`
`Thanh Thanh`,`true`,`true`,,,,`https://i.scdn.co/image/ab67616d0000b2739e3da79d7d21965155be2432`,,`spt_1pDQoa5dLQoHOtIwckbKLT`,`["Thanh Thanh"]`
`Bon`,`true`,`true`,,,,`https://i.scdn.co/image/ab67616d0000b273756399b1b40c1ef4e0dc9c06`,,`spt_3l0ICzv4v8DpBYkDTBqRju`,`["Bon"]`
`GiGi Hương Giang`,`true`,`true`,,,,`https://i.scdn.co/image/ab6761610000e5ebe1b32723f4fd5094df4e15af`,,`spt_2NYFphd3cUQ5pLEVLaBP9L`,`["GiGi Hương Giang"]`
`Mai Chí Công`,`true`,`true`,,,,`https://i.scdn.co/image/ab67616d0000b273f41bcd8448aac537b203b806`,,`spt_665uw8o91XjaurF6NmWWNF`,`["Mai Chí Công"]`
`Catchellers`,`true`,`true`,,,,`https://i.scdn.co/image/ab6761610000e5eb8b640e30c7362a5510b5221e`,,`spt_1K3Oc9Q3wYgZANTcpsRq3C`,`["Catchellers"]`
`Soulient`,`true`,`true`,,,,`https://i.scdn.co/image/ab6761610000e5eb82d340c87936668ac5c77b5a`,,`spt_18qwiOIbQ6YIMrsdPm06x6`,`["Soulient"]`
`MYLINA`,`true`,`true`,,,,`https://i.scdn.co/image/ab6761610000e5eb53bc1ab74e4a1036f1c1ebec`,,`spt_4yx3BsXxY9l6BRyStNIB8y`,`["MYLINA"]`
`Griffter`,`true`,`true`,,,,`https://i.scdn.co/image/ab6761610000e5ebe90ef707d3cc406351aa1386`,,`spt_0uVfzgIDJ37xTuIHH0vvUc`,`["Griffter"]`
`Longg`,`true`,`true`,,,,`https://i.scdn.co/image/ab6761610000e5eb9aaa9a3852a59bfbabea4783`,,`spt_25PilakcHJVYBi2onpxxtI`,`["Longg"]`
`Redshine`,`true`,`true`,,,,`https://i.scdn.co/image/ab67616d0000b273f977658a9080afe16a657c11`,,`spt_6V2hxt1eky76f5uVIdGjVF`,`["Redshine"]`
`The Fillin`,`true`,`true`,,,,`https://i.scdn.co/image/ab6761610000e5ebceadbfcdb1cd3d9dfdf382f2`,,`spt_5W890TKSqnIFLIULvfkAzW`,`["The Fillin"]`
`Minchu`,`true`,`true`,,,,`https://i.scdn.co/image/ab6761610000e5eb66e4484f5a42226fdf9b6b76`,,`spt_5BvG46pJjsubbOQpc83sUi`,`["Minchu"]`
`Seth`,`true`,`true`,,,,`https://i.scdn.co/image/ab6761610000e5eb7b122096b7e1affa5974ce10`,,`spt_1bFOMacB1TfMrwNfkxEa8B`,`["Seth"]`
`Guang`,`true`,`true`,,,,`https://i.scdn.co/image/ab67616d0000b2733cdb688d266516e2f58ff786`,,`spt_6zgEpUvcUQ0FGahIxzrAnD`,`["Guang"]`
`Seth`,`true`,`true`,,,,`https://i.scdn.co/image/ab67616d0000b27395f15b929a3e3759151515df`,,`spt_2Qrz1ZQQ3Voksv9lScnhLL`,`["Seth"]`
`TRANG`,`true`,`true`,,,,`https://i.scdn.co/image/ab67616d0000b273049bdab5b62460232efffd65`,,`spt_57zyotGp9Q7qVosbS9vaaj`,`["TRANG"]`
`Boyzed`,`true`,`true`,,,,`https://i.scdn.co/image/ab6761610000e5eb4f1fc9ffce13125878a2d2d0`,,`spt_1JPTuJJ7KzpwcDCOWkEjUb`,`["Boyzed"]`
`Nguyễn Ngọc Thiện`,`true`,`true`,,,,,,`spt_2UXjaqigmFLHZOSiS8IeJZ`,`["Nguyễn Ngọc Thiện"]`
`HUUBUI`,`true`,`true`,,,,`https://i.scdn.co/image/ab67616d0000b27350ee9ff9f041efdde4352cbd`,,`spt_1VA4Q9uW2yxcWzV9dx5D2o`,`["HUUBUI"]`
`Trang X.O.X.O`,`true`,`true`,,,,`https://i.scdn.co/image/ab67616d0000b2739f8d051984bfb1fd913fa940`,,`spt_5yfcSjcbHnBdaqX8N0eZaI`,`["Trang X.O.X.O"]`
`Đào Duy Quý`,`true`,`true`,,,,`https://i.scdn.co/image/ab6761610000e5eb309e3e115363c1849a2f159a`,,`spt_66tegNzEwfuKGJHCmk5hvi`,`["Đào Duy Quý"]`
`Dani D`,`true`,`true`,,,,`https://i.scdn.co/image/ab6761610000e5ebbe86c12b70a4ea07f8ca39b0`,,`spt_0I6jb4RjMkF84T2e5VsjlG`,`["Dani D"]`
`Nhựt Trường`,`true`,`true`,,,,`https://i.scdn.co/image/ab67616d0000b273a84b4e86779878460e212d8d`,,`spt_1hmAASPr3Njk1PEWCYTVdF`,`["Nhựt Trường"]`
`DAT NHO`,`true`,`true`,,,,`https://i.scdn.co/image/ab67616d0000b273c712da413fe18009687858cd`,,`spt_34QkonkkNmKhxqnboq7Kpy`,`["DAT NHO"]`
`Sharkoboi`,`true`,`true`,,,,`https://i.scdn.co/image/ab6761610000e5eb6ec7ca15c125f8e60aef551f`,,`spt_2sX7iPHpjou7AoFWtHS6NF`,`["Sharkoboi"]`
`UKI UYEN`,`true`,`true`,,,,`https://i.scdn.co/image/ab6761610000e5eb4fd27d5675a73401cd5ef813`,,`spt_428TaIAAzUY4mE9CrlXTZf`,`["UKI UYEN"]`
`Vân Anh`,`true`,`true`,,,,,,`spt_2hbJQXdVILPK1MZyrUClTQ`,`["Vân Anh"]`
`QUANVROX`,`true`,`true`,,,,`https://i.scdn.co/image/ab67616d0000b27367523d3a8ea2028e7cd79fac`,,`spt_1SL8pfUdbEy4QXbKLtG7r6`,`["QUANVROX"]`
`TÔ CHÂU`,`true`,`true`,,,,`https://i.scdn.co/image/ab67616d0000b273544fb81edbb67e1bb73804ac`,,`spt_2iqytF7z5MsFbtQNQYiR36`,`["TÔ CHÂU"]`
`DUZME`,`true`,`true`,,,,`https://i.scdn.co/image/ab67616d0000b273ad54c16bbb46934aeb511bfd`,,`spt_6CbTVMQgASAB7k9EGVTqGc`,`["DUZME"]`
`Seachains`,`true`,`true`,,,,`https://i.scdn.co/image/ab67616d0000b273ca88d5626ee4c2c418c6dded`,,`spt_2bmoUoVC5TwIkZvYOLlQOY`,`["Seachains"]`
`M NAIVE`,`true`,`true`,,,,`https://i.scdn.co/image/ab6761610000e5eb4ef79ececf2bb81b0885f985`,,`spt_2wqbmDDGHOrzvdOxAPe4JS`,`["M NAIVE"]`
`Ca Ca`,`true`,`true`,,,,`https://i.scdn.co/image/ab6761610000e5eb37ec52af6f683f9079a49dda`,,`spt_1b5vsEIamSveO3xe3oEMsT`,`["Ca Ca"]`
`Super C`,`true`,`true`,,,,,,`spt_6zGQCbPO6SbL5dj3shTmIn`,`["Super C"]`
`Ân Nhi`,`true`,`true`,,,,`https://i.scdn.co/image/ab6761610000e5eb505a4f3c32cdd6e497434548`,,`spt_7zwJ09FAPbh7EJYvwEAqDD`,`["Ân Nhi"]`
`RADØUX`,`true`,`true`,,,,`https://i.scdn.co/image/ab6761610000e5eb8e09dd3a299b800af895f4c1`,,`spt_54JWhgVVKgLgOUgA0XUqFP`,`["RADØUX"]`
`Tavux`,`true`,`true`,,,,`https://i.scdn.co/image/ab6761610000e5eb03a8315d5e956915886728ca`,,`spt_1zGsKVCZOCeXQFsZ5cLtXW`,`["Tavux"]`
`Floyd Thursby`,`true`,`true`,,,,`https://i.scdn.co/image/ab6761610000e5eb3a488dcbb2d35476b86a7e77`,,`spt_5UugZIlIId9u3LjMsTxVgY`,`["Floyd Thursby"]`
`Trang Pháp`,`true`,`true`,,,,`https://i.scdn.co/image/ab67616d0000b2730ecd0fe98459fc8c49d37e17`,,`spt_3Ovt66opVihLuIvPhlceI6`,`["Trang Pháp"]`
`jambo naphula`,`true`,`true`,,,,`https://i.scdn.co/image/ab6761610000e5ebb303cdfcccc4b85e681ec348`,,`spt_4r3DLm3aWnahDXReb3bKoy`,`["jambo naphula"]`
`Andrés Bauru`,`true`,`true`,,,,,,`spt_6oYqgzeXbafLfx9G6aIwmL`,`["Andrés Bauru"]`
`Rou C`,`true`,`true`,,,,`https://i.scdn.co/image/ab6761610000e5ebc8f2caa38df9d090dd932d66`,,`spt_2QDk2sxK8xHgNIIXNLgNZ9`,`["Rou C"]`
`Barbora Xu`,`true`,`true`,,,,`https://i.scdn.co/image/ab6761610000e5eb593bb25f8cb3b6a6b61965bb`,,`spt_2GKK9tOmJ5WLDoqEFLJwAN`,`["Barbora Xu"]`
`M-Josh`,`true`,`true`,,,,`https://i.scdn.co/image/ab6761610000e5eb083be18576fd91469edd999e`,,`spt_6RjvSTOTaGFBVlx628L9zH`,`["M-Josh"]`
`Kaumaakonga`,`true`,`true`,,,,`https://i.scdn.co/image/ab67616d0000b273a7e6d1de9fa315ce137b5859`,,`spt_0aQ0tJ64G7Tkw0euADmvTd`,`["Kaumaakonga"]`
`Omarhaba`,`true`,`true`,,,,`https://i.scdn.co/image/ab6761610000e5ebbc63f02f1d2865b6196601ee`,,`spt_3gSPQUVGGRhPZymPXbkv1X`,`["Omarhaba"]`
`Josh Frigo`,`true`,`true`,,,,`https://i.scdn.co/image/ab67616d0000b2730ce88fa1fc65b5d09e34c694`,,`spt_5cDC9RPkVDYXxaqspLKD4o`,`["Josh Frigo"]`
`MYRNE`,`true`,`true`,,,,`https://i.scdn.co/image/ab6761610000e5eb0eb92b8fb5abdd6e4f892335`,,`spt_41DKMtAnhVo7aDeluAHDJg`,`["MYRNE"]`
`39 Kingdom`,`true`,`true`,,,,`https://i.scdn.co/image/ab6761610000e5ebc5e9d61b7c3796b90553630e`,,`spt_2JnQtHnHjylFjCDkYAiH1E`,`["39 Kingdom"]`
`Hua Kim Tuyen`,`true`,`true`,,,,`https://i.scdn.co/image/ab67616d0000b2736d06c6de8cd18ce01a1518e2`,,`spt_4lNJNhPM4t6ooBPFhY60na`,`["Hua Kim Tuyen"]`
`Dư Quốc Vương`,`true`,`true`,,,,`https://i.scdn.co/image/ab67616d0000b2730895f4fa78c8f4bb63c70f97`,,`spt_2htUdNlTldjxPTYCEncGag`,`["Dư Quốc Vương"]`
`Super V`,`true`,`true`,,,,`https://i.scdn.co/image/ab67616d0000b27365a60eee4ad139f8d06db402`,,`spt_21zs8x82cDKnAUJGLlzsNR`,`["Super V"]`
`Super V`,`true`,`true`,,,,`https://i.scdn.co/image/ab67616d0000b273e905ad9dcdd1cc0c17cbd84b`,,`spt_774VXLapYCGOWHzOe25HI6`,`["Super V"]`
`Super V`,`true`,`true`,,,,`https://i.scdn.co/image/ab67616d0000b27304f3c0b59d9d5383f8efc5d9`,,`spt_67wm8minZOb7h8FYshjSPZ`,`["Super V"]`
`Kado`,`true`,`true`,,,,`https://i.scdn.co/image/ab67616d0000b2737b809181917760013946cf09`,,`spt_3Xtl5ftaWq7Bkvy8Ds0oUC`,`["Kado"]`
`San E`,`true`,`true`,,,,`https://i.scdn.co/image/ab6761610000e5ebc334f8486d1a946cbc39d049`,,`spt_61MMiylth1injW39oZBuYB`,`["San E"]`
`Young Ju`,`true`,`true`,,,,`https://i.scdn.co/image/ab6761610000e5eb52f7f2fc98f015423450bcaa`,,`spt_7sQXvtKYBH0aZtRt7YaDvl`,`["Young Ju"]`
`F.HERO`,`true`,`true`,,,,`https://i.scdn.co/image/ab6761610000e5eb915094320cce9702a96a8265`,,`spt_2MnMuRYL9qsGvWPsZGeDGQ`,`["F.HERO"]`
`Bille`,`true`,`true`,,,,`https://i.scdn.co/image/ab6761610000e5eb9ee6d7662cff63b717239305`,,`spt_25u3YQz0KKzPyLVqGfAWOj`,`["Bille"]`
`Luny Vũ Duy Anh`,`true`,`true`,,,,`https://i.scdn.co/image/ab6761610000e5eb6642d55cdfe78e5b9be88481`,,`spt_48jb2emYU9rezLH92AcjU5`,`["Luny Vũ Duy Anh"]`
`LUNY`,`true`,`true`,,,,`https://i.scdn.co/image/ab6761610000e5eb592ec3adffb9458f1dbc455a`,,`spt_7oqfBry2GPU5vnXNH2f5Sd`,`["LUNY"]`
`DJ AM`,`true`,`true`,,,,`https://i.scdn.co/image/ab67616d0000b273fdab649b3092ed8441399863`,,`spt_4goFX2ekWKVec9Uvube9Lm`,`["DJ AM"]`
`Nukta`,`true`,`true`,,,,`https://i.scdn.co/image/ab67616d0000b27304ea9e07f131e72afba2cb7a`,,`spt_4XFYdG6SeTV4xsU50CGTSo`,`["Nukta"]`
`RPT Groovie`,`true`,`true`,,,,,,`spt_6Ad6O0EmgHoTbu6fd69z50`,`["RPT Groovie"]`
`BACH\YYY`,`true`,`true`,,,,`https://i.scdn.co/image/ab67616d0000b2733210ddff3e581b6397cb38c1`,,`spt_3DgPNRznLSmEC0xN6Fmzul`,`["BACH\\YYY"]`
`RPT JasonDilla`,`true`,`true`,,,,`https://i.scdn.co/image/ab6761610000e5ebf4a4f3c1c9dbeb98338e2a50`,,`spt_2UHHfc0InrWSmUkiuss6f4`,`["RPT JasonDilla"]`
`RPT LAKE`,`true`,`true`,,,,`https://i.scdn.co/image/ab67616d0000b273a7561abfd082adf69033bf50`,,`spt_1v5kr0aM1qKIAFGciqpZZd`,`["RPT LAKE"]`
`RPT Duke`,`true`,`true`,,,,,,`spt_70ul4x62GYiCglAJJltlnZ`,`["RPT Duke"]`
`RPT TC`,`true`,`true`,,,,`https://i.scdn.co/image/ab6761610000e5eb3346c809f6b429a67789ce01`,,`spt_620SGhgUsNYFnVULyiGCeL`,`["RPT TC"]`
`Phongkhin`,`true`,`true`,,,,`https://i.scdn.co/image/ab6761610000e5eb26bbce7c0ffbfef3175a509a`,,`spt_7qHgn5ADOzPBlcWcXfM6iA`,`["Phongkhin"]`
`Spidey`,`true`,`true`,,,,`https://i.scdn.co/image/ab67616d0000b273ae14a98545c1c7108c72471d`,,`spt_0S4uPQBjBt0eZAb0xPV3jG`,`["Spidey"]`
`RPT L.A.K.E`,`true`,`true`,,,,,,`spt_3SEqbL21KaNt7tUwkPFNTZ`,`["RPT L.A.K.E"]`
`RPT T.C`,`true`,`true`,,,,,,`spt_3LUIPUB3bWg5WA4lccTiJN`,`["RPT T.C"]`
`derkalavier`,`true`,`true`,,,,`https://i.scdn.co/image/ab6761610000e5eb81c6a781d80a0363e12efb2b`,,`spt_2V8VCp2YgOJ497uFcqftaL`,`["derkalavier"]`
`RPT Duke`,`true`,`true`,,,,`https://i.scdn.co/image/ab67616d0000b27341cf47b7277e773533dcc616`,,`spt_5GNC7Nx6coYxmZivhWEJtm`,`["RPT Duke"]`
`RZ Mas`,`true`,`true`,,,,`https://i.scdn.co/image/ab67616d0000b273f5d4de4411811b9fd0631cb2`,,`spt_63fRtpDvXw9m8pWZfdBGlA`,`["RZ Mas"]`
`Spidey boy`,`true`,`true`,,,,,,`spt_5jI2yJz1xQ7WwWNTjs5vUF`,`["Spidey boy"]`
`RAF`,`true`,`true`,,,,,,`spt_3cD8MR5NpcjtL0DZMEV7Rs`,`["RAF"]`
`RefundBand`,`true`,`true`,,,,`https://i.scdn.co/image/ab67616d0000b273705c579db3f2ae4209912741`,,`spt_4n5ffhJQnreA8J21hPoHfX`,`["RefundBand"]`
`Giang`,`true`,`true`,,,,`https://i.scdn.co/image/ab67616d0000b273fb747e2414192180cf16a840`,,`spt_1p78jLOtNAcDYznNDVOmqf`,`["Giang"]`
`Rastz`,`true`,`true`,,,,`https://i.scdn.co/image/ab67616d0000b2738c17262be90f2cd50e13ff48`,,`spt_1ZzPug9XYmrUFbP406pJqW`,`["Rastz"]`
`KrisD`,`true`,`true`,,,,,,`spt_4KyQmGZTxVedP9ONAcGY3P`,`["KrisD"]`
`M.Hanh`,`true`,`true`,,,,`https://i.scdn.co/image/ab6761610000e5ebaa6354035a75063a31b94ca5`,,`spt_21if3t2qWHeSBbd9JqBppF`,`["M.Hanh"]`
`DCOD`,`true`,`true`,,,,`https://i.scdn.co/image/ab67616d0000b27358e7ac0ed56c001b10abd08a`,,`spt_1lpVvscZxrQt8OjPrzil54`,`["DCOD"]`
`K.O`,`true`,`true`,,,,,,`spt_5uVC27xAoIWi1NC4cxzyL1`,`["K.O"]`
`Mvdbeez`,`true`,`true`,,,,`https://i.scdn.co/image/ab67616d0000b273defcdb28af7c1fa4f84511b1`,,`spt_1rZZIatljdZOEiRVSYFYcw`,`["Mvdbeez"]`
`SEB`,`true`,`true`,,,,,,`spt_3opYz5yZ3jPriUxiIrAkJM`,`["SEB"]`
`Dope B`,`true`,`true`,,,,`https://i.scdn.co/image/ab67616d0000b273e4076584cfcdba0459b8b779`,,`spt_5oVvY9krnewsGSZavtQJEN`,`["Dope B"]`
`GPG msmy`,`true`,`true`,,,,`https://i.scdn.co/image/ab6761610000e5ebce2d51e5d5bfbeeb08eb7ac7`,,`spt_1BYxA12Ptu7vku1GY4bniO`,`["GPG msmy"]`
`Headie`,`true`,`true`,,,,,,`spt_0bDeUu8Nv7yYYsoN4urpAS`,`["Headie"]`
`NowB`,`true`,`true`,,,,`https://i.scdn.co/image/ab67616d0000b273d3cb581c410455d57463b389`,,`spt_3IM5XlUeNUajNZw7n2mIUM`,`["NowB"]`
`Smokele`,`true`,`true`,,,,`https://i.scdn.co/image/ab6761610000e5eb70a90a3db3e6b69a0a1b05fe`,,`spt_3TSeZzdLZf6eyYZx23KFC8`,`["Smokele"]`
`TYO Ly `,`true`,`true`,,,,`https://i.scdn.co/image/ab6761610000e5eb35bf6fa6b7cab44ed2609e34`,,`spt_3AnK8Vk9ShlL5osVmpAKKx`,`["TYO Ly "]`
`Mai Ngô`,`true`,`true`,,,,`https://i.scdn.co/image/ab6761610000e5ebeb8a9b3a5ad4e0edcb053770`,,`spt_3XIEdFeFLXEt0dovJX3uYu`,`["Mai Ngô"]`
`Ziog`,`true`,`true`,,,,`https://i.scdn.co/image/ab67616d0000b273a37dcc740c0652633801de11`,,`spt_3Rqx67HmJchSXxMQ67LBmX`,`["Ziog"]`
`PTA`,`true`,`true`,,,,`https://i.scdn.co/image/ab6761610000e5eb5c88dbf33fb96393e38cfc5b`,,`spt_7eCxRKceFnwIJjAOw6gQNP`,`["PTA"]`
`Alex Lam`,`true`,`true`,,,,`https://i.scdn.co/image/ab6761610000e5eb8cd66ff613b7f9daf0521c69`,,`spt_2J4G7Undz4fJJiQhBV6TZ0`,`["Alex Lam"]`
`Young Tulo`,`true`,`true`,,,,`https://i.scdn.co/image/ab67616d0000b273749491daca66bdf10dcd58f7`,,`spt_6PJjcfIGXdqNhjXpCKTEFr`,`["Young Tulo"]`
`Ben`,`true`,`true`,,,,,,`spt_4klOuQ4vznIAqtuMe8cYqv`,`["Ben"]`
`ResQ`,`true`,`true`,,,,`https://i.scdn.co/image/ab6761610000e5eb5513726f34c8021f7a6267f2`,,`spt_72hqDK6esubZU4rnlW0HyQ`,`["ResQ"]`
`Derek`,`true`,`true`,,,,`https://i.scdn.co/image/ab67616d0000b2733ceb1794a448204da487bfee`,,`spt_2dZQSOzMHeXsYV71wCnxvN`,`["Derek"]`
`Louis Valentine`,`true`,`true`,,,,`https://i.scdn.co/image/ab67616d0000b2733ceb1794a448204da487bfee`,,`spt_5Gw6JQ0EjggLMRadck1Yg1`,`["Louis Valentine"]`
`SEIRAN`,`true`,`true`,,,,`https://i.scdn.co/image/ab6761610000e5ebcda4822b01146f758ad463b8`,,`spt_1gP9JtpFP7r2oOiL6scIL6`,`["SEIRAN"]`
`Windrunner`,`true`,`true`,,,,`https://i.scdn.co/image/ab6761610000e5ebbae23c4f3f22a4f0524cc723`,,`spt_7GqHmgqt4wkWHZr8fcc9P7`,`["Windrunner"]`
`SFINX`,`true`,`true`,,,,`https://i.scdn.co/image/ab6761610000e5ebd514578dd71d634e69c6901b`,,`spt_4FsI6tQLAQqw5cZEa2xLlS`,`["SFINX"]`
`TSL`,`true`,`true`,,,,`https://i.scdn.co/image/ab6761610000e5eb4f8cae44572a1de6d6fa2eab`,,`spt_3rU7fyuGPizGdpioF5FSzC`,`["TSL"]`
`Teddie J`,`true`,`true`,,,,`https://i.scdn.co/image/ab6761610000e5eb590460a58b353042ea4fd14b`,,`spt_5L6kiKUKCDWxCg3gOKDEMk`,`["Teddie J"]`
`Sphinix`,`true`,`true`,,,,`https://i.scdn.co/image/ab6761610000e5eb09736490942092e7a27c3eb0`,,`spt_2Hewe4x4rU01Hvd4EH7DV7`,`["Sphinix"]`
`Cường Lê`,`true`,`true`,,,,`https://i.scdn.co/image/ab6761610000e5eb823165113d2e6c476af390da`,,`spt_12SNGuDUzVlvCNRyUyCNcr`,`["Cường Lê"]`
`Quân Trọc`,`true`,`true`,,,,,,`spt_3NyTUbnjJp3kom8NRsVjCx`,`["Quân Trọc"]`
`POLY`,`true`,`true`,,,,`https://i.scdn.co/image/ab6761610000e5eb366d741b2aff37bd142575cf`,,`spt_4kdGPBOTkGZIR1w6zoSTE7`,`["POLY"]`
`Kean`,`true`,`true`,,,,`https://i.scdn.co/image/ab6761610000e5eb03cc82c7e9682f2122ad3205`,,`spt_2BFV20BAhrBwA3oEHyNv5P`,`["Kean"]`
`Hoāng`,`true`,`true`,,,,`https://i.scdn.co/image/ab6761610000e5ebc34ca23ac93c9022e229ae30`,,`spt_49xfNJ1T52Uv87QiVhRbTf`,`["Hoāng"]`
`D CROWN`,`true`,`true`,,,,`https://i.scdn.co/image/ab6761610000e5eb7c099dcfb026baeee24f6948`,,`spt_1MFskXJIdZaWnRjnamRRyP`,`["D CROWN"]`
`CangCang`,`true`,`true`,,,,`https://i.scdn.co/image/ab6761610000e5eb6e1ee61448432d6044080ffc`,,`spt_0XnvuKk4tgAlEjjPV833eK`,`["CangCang"]`
`Taikeith`,`true`,`true`,,,,`https://i.scdn.co/image/ab67616d0000b2739bfb82df847993c11458fb78`,,`spt_6oKcjjdZyw5MWchQaO9Lpk`,`["Taikeith"]`
`LIL G`,`true`,`true`,,,,`https://i.scdn.co/image/ab67616d0000b27376345ccf8808a5a113aad6f1`,,`spt_5Jk7SzMPndOgU1jfKzF25S`,`["LIL G"]`
`TUYEN VO`,`true`,`true`,,,,`https://i.scdn.co/image/ab67616d0000b273880f28dffff7a7314c7c54e2`,,`spt_0HhRjPFqN1sqrUpJA7NuDe`,`["TUYEN VO"]`
`da/md`,`true`,`true`,,,,`https://i.scdn.co/image/ab6761610000e5eb702c04496ca710190ea75ebe`,,`spt_3rfioXxHtUmA66MpuKdozJ`,`["da/md"]`
`Zuy`,`true`,`true`,,,,`https://i.scdn.co/image/ab67616d0000b2738bb109da1774b8883b56220f`,,`spt_5yOpyy8jX6SR06H80Esect`,`["Zuy"]`
`OCEAN MOB`,`true`,`true`,,,,`https://i.scdn.co/image/ab67616d0000b273f1ae86fd9df5ba180014ee14`,,`spt_4WkqpZbj5KZukRCmntVmGB`,`["OCEAN MOB"]`
`TDO Kwan`,`true`,`true`,,,,`https://i.scdn.co/image/ab6761610000e5eb52fa51060e65476a6c7fe04d`,,`spt_1TXjcDbR8xtShzu08N5j0x`,`["TDO Kwan"]`
`Hoàng Anh`,`true`,`true`,,,,`https://i.scdn.co/image/ab67616d0000b273dc28a69892894f52f3946399`,,`spt_3AjL4nsDbeiFNgfgj90Tle`,`["Hoàng Anh"]`
`6a6y 9ang`,`true`,`true`,,,,`https://i.scdn.co/image/ab67616d0000b2735aa117ea973a934ecfc647bd`,,`spt_5Rj141BxpaI8NOmnMJJGX4`,`["6a6y 9ang"]`
`EMD`,`true`,`true`,,,,`https://i.scdn.co/image/ab67616d0000b27376b932909b881d08f8181082`,,`spt_5L3fnSnrN5bMtEXNLlH0bK`,`["EMD"]`
`Tùng Chùa`,`true`,`true`,,,,`https://i.scdn.co/image/ab67616d0000b273dfd6c2e2798844217c937525`,,`spt_6a9RTecWCuJlLXekSsa6k4`,`["Tùng Chùa"]`
`Pineradise`,`true`,`true`,,,,`https://i.scdn.co/image/ab6761610000e5eb6f8ec1932c175eebdcd188cd`,,`spt_6HvmfMAIgsbkg9u9KE3Zut`,`["Pineradise"]`
`Vsplifff`,`true`,`true`,,,,`https://i.scdn.co/image/ab6761610000e5eb0b971d3fd9b3e6ecac9f570d`,,`spt_0VoZgCD5fTS8JDmMPu0bX3`,`["Vsplifff"]`
`nick schmidt`,`true`,`true`,,,,`https://i.scdn.co/image/ab6761610000e5eb3dbb1b5d8d0d085363bd19f7`,,`spt_4qgKf6usFvRsJ30b6Yn9yQ`,`["nick schmidt"]`
`mikemadeahitter`,`true`,`true`,,,,,,`spt_7J7VqtmjMpNZ5vnysni8BJ`,`["mikemadeahitter"]`
`kingfisher beats`,`true`,`true`,,,,`https://i.scdn.co/image/ab67616d0000b2735d9ecde1c4659e6c181af8e0`,,`spt_7x7hFS0zyUPSOaBrZLjEpo`,`["kingfisher beats"]`
`RPT Spidey`,`true`,`true`,,,,`https://i.scdn.co/image/ab6761610000e5eb031c6a194f50aaf5ab623e19`,,`spt_3unhO6qR1h6msBm7QSUdPF`,`["RPT Spidey"]`
`VCC Left Hand`,`true`,`true`,,,,`https://i.scdn.co/image/ab6761610000e5eba0dedbfe6a84c0bb4011fcfd`,,`spt_3QjJx8Yp2mXYoHtiPI7VMI`,`["VCC Left Hand"]`
`Dustin Ngo`,`true`,`true`,,,,`https://i.scdn.co/image/ab67616d0000b273eeccb929a382c40b0de3df3c`,,`spt_1PSa44bzsJanLkDCAxAcF0`,`["Dustin Ngo"]`
`420ent.`,`true`,`true`,,,,`https://i.scdn.co/image/ab6761610000e5eba5de051cc2d4edec39bf78be`,,`spt_7tIjD3DYtNNOFOojrDtkyN`,`["420ent."]`
`Central Pham`,`true`,`true`,,,,`https://i.scdn.co/image/ab6761610000e5eb9f84f942c1f4ac31fdb61244`,,`spt_3QutprWTEoDgDZ3tRHUpem`,`["Central Pham"]`
`PT3`,`true`,`true`,,,,`https://i.scdn.co/image/ab6761610000e5eb4b19de0e6ceb4199dd34368b`,,`spt_1mlZRnekQgYGn3nyIgAsze`,`["PT3"]`
`0DOT1`,`true`,`true`,,,,,,`spt_5yDmXc2KEYRT02gWUahRq3`,`["0DOT1"]`
`Lil Waterboi`,`true`,`true`,,,,`https://i.scdn.co/image/ab6761610000e5eb11e5fd6cbcf57d1871b9bd8c`,,`spt_4vA47myQ7vr80FkXS7JbkM`,`["Lil Waterboi"]`
`LOPE PHAM`,`true`,`true`,,,,`https://i.scdn.co/image/ab6761610000e5eb5c14fd547b3bcdde11c67172`,,`spt_3n56g8JEOhO9CwLHpfWgie`,`["LOPE PHAM"]`
`Thành Draw`,`true`,`true`,,,,`https://i.scdn.co/image/ab67616d0000b2733f7babd00b320102e0fa3cce`,,`spt_4KVv7ziCrtWWB6K0RPr2XD`,`["Thành Draw"]`
`Yang`,`true`,`true`,,,,`https://i.scdn.co/image/ab6761610000e5eb4538b7c9bf10592f8642d138`,,`spt_43Ad3dTpldRebckqmvQuLj`,`["Yang"]`
`Young God`,`true`,`true`,,,,`https://i.scdn.co/image/ab6761610000e5ebaf9acc91adef854e46192ff8`,,`spt_2LzrYwvzlgk9lKYTp965UH`,`["Young God"]`
`Tony D.`,`true`,`true`,,,,`https://i.scdn.co/image/ab6761610000e5ebb5db6caf4dfe86e09d3ad930`,,`spt_0XqppHVqDhLwMDOUmE4rRK`,`["Tony D."]`
`Tez`,`true`,`true`,,,,,,`spt_0ZszZdCUFQDAc3PYTZy8kx`,`["Tez"]`
`AK49`,`true`,`true`,,,,`https://i.scdn.co/image/ab6761610000e5eb898ebd04de88db44d36cb79d`,,`spt_0PsYNWoA9eUOHO4VUOSp8F`,`["AK49"]`
`Dj`,`true`,`true`,,,,,,`spt_1BQ5i0rmznmCrvzCyt2Tjs`,`["Dj"]`
`Lý Bực`,`true`,`true`,,,,`https://i.scdn.co/image/ab6761610000e5ebdbccde400280c8ad13463fd3`,,`spt_1pqC3oSnMeSmehSgahdji5`,`["Lý Bực"]`
`Gottz`,`true`,`true`,,,,`https://i.scdn.co/image/ab6761610000e5eb4dc9cfbd1723d8266896092c`,,`spt_4Rd7uX3gR54NvnI8Xmkes4`,`["Gottz"]`
`IRONBOY`,`true`,`true`,,,,`https://i.scdn.co/image/ab6761610000e5eb61a0d519db97deac681703a3`,,`spt_7GLqyoZnu5jGVWvGBulrne`,`["IRONBOY"]`
`bachyyy`,`true`,`true`,,,,`https://i.scdn.co/image/ab6761610000e5eb1642e77a3425a3d245dd6cda`,,`spt_3M4rqUwMnKJPEum7eKfFDv`,`["bachyyy"]`
`Dian`,`true`,`true`,,,,`https://i.scdn.co/image/ab6761610000e5eb068def8ede406516e9d68810`,,`spt_0H4hqqkEeOgjsMwq3ftu9K`,`["Dian"]`
`TDO Kwan`,`true`,`true`,,,,`https://i.scdn.co/image/ab67616d0000b273721504d86fec2ab89e4d73ca`,,`spt_0mWnhd5nC0RaUHlThhWAc9`,`["TDO Kwan"]`
`2Pillz`,`true`,`true`,,,,`https://i.scdn.co/image/ab6761610000e5eb176eed05406986258dc61b53`,,`spt_1VdPXTk7MBqZ3sm57D1b1A`,`["2Pillz"]`
`TOSKA`,`true`,`true`,,,,`https://i.scdn.co/image/ab6761610000e5eb560d575a010f30a0fb6cdbf0`,,`spt_2uQ3zoA4u2BS7nNb5gk4dg`,`["TOSKA"]`
`Nan`,`true`,`true`,,,,`https://i.scdn.co/image/ab67616d0000b273ac4d0cb0e2e12e01ff99c0b5`,,`spt_7En42X344gOAzzCR3j7P10`,`["Nan"]`
`TSL`,`true`,`true`,,,,,,`spt_5MXRKd64wxxYbHobuRLGU4`,`["TSL"]`
`Lostowl`,`true`,`true`,,,,,,`spt_5muj02I2iA9Kub8KsAjl1f`,`["Lostowl"]`
`Raf`,`true`,`true`,,,,`https://i.scdn.co/image/ab6761610000e5eb265afc11b2df81dcc734dd58`,,`spt_3rlKqNmhaP9UiC0wFQyFS3`,`["Raf"]`
`T.B.O`,`true`,`true`,,,,`https://i.scdn.co/image/ab6761610000e5eb12f655e311401ad88a43cede`,,`spt_32q7MYTLMnN9QE3Fhdlr8L`,`["T.B.O"]`
`Lập Nguyên`,`true`,`true`,,,,`https://i.scdn.co/image/ab6761610000e5eb82d22d9bcb6625affbd4b1ac`,,`spt_3ymuVFLSS5P2PCK5aOmhEB`,`["Lập Nguyên"]`
`FOXX`,`true`,`true`,,,,`https://i.scdn.co/image/ab6761610000e5eb1c2ba01adf0aa7ce0c3f2475`,,`spt_6ecuNwMWimrlbxzz8ZhXnv`,`["FOXX"]`
`SIDIE`,`true`,`true`,,,,`https://i.scdn.co/image/ab6761610000e5eb9069002f44be7f3da20c7490`,,`spt_3itsqDa8618eZNksUEQTDL`,`["SIDIE"]`
`hoangnhi.`,`true`,`true`,,,,,,`spt_3ifgWyqD4pqGWaOKBXwPqA`,`["hoangnhi."]`
`Rein`,`true`,`true`,,,,,,`spt_4BhqWauJSzNu8xEqNsa6Bx`,`["Rein"]`
`Tiểu Sơn`,`true`,`true`,,,,`https://i.scdn.co/image/ab6761610000e5eb583f70dbe57fa6e6ee2fecc1`,,`spt_6WhZ9F4Zx45ATLyeKpQ5sT`,`["Tiểu Sơn"]`
`Hustlang Heily`,`true`,`true`,,,,`https://i.scdn.co/image/ab6761610000e5eb8e1c562d24fc53b9c7e96371`,,`spt_0ABztwl5ApqMZOllFyaCmP`,`["Hustlang Heily"]`
`YBF LUCI`,`true`,`true`,,,,`https://i.scdn.co/image/ab6761610000e5eb19158ad2861ee6578d393d8f`,,`spt_7ARoCnjLwvO9WuDz69mFJn`,`["YBF LUCI"]`
`Quanium`,`true`,`true`,,,,`https://i.scdn.co/image/ab6761610000e5ebcfd9adf80ea8aa97665d80d8`,,`spt_30GvsO5AiuFZfCuGslptRp`,`["Quanium"]`
`Duy Tuan`,`true`,`true`,,,,`https://i.scdn.co/image/ab6761610000e5eb413293f143d118e0b59ead7d`,,`spt_58nQJQXZXQ33zwoovyHDVR`,`["Duy Tuan"]`
`ICONIC.`,`true`,`true`,,,,`https://i.scdn.co/image/ab6761610000e5eb86f0318978f50a813bfbb3cd`,,`spt_4i9bCah2ghJwrKi41lF66u`,`["ICONIC."]`
`Tân Thiếu Gia`,`true`,`true`,,,,`https://i.scdn.co/image/ab6761610000e5eb035a03ba2a4ad6899751ee61`,,`spt_2irDUiOWb5Ofa0uLw49UcY`,`["Tân Thiếu Gia"]`
`DJ BASSIK`,`true`,`true`,,,,`https://i.scdn.co/image/ab6761610000e5eb2ea3bfa93584176bd578d54e`,,`spt_041F0CtxkysXSyvIxTCP6z`,`["DJ BASSIK"]`
`Dec.ao`,`true`,`true`,,,,,,`spt_6351fMmCZjr3InDXTUKxzF`,`["Dec.ao"]`
`SIXTYUPTOWN`,`true`,`true`,,,,`https://i.scdn.co/image/ab6761610000e5ebe60b66c5870ad2ac46ab2797`,,`spt_6uAa2LaYiWLsy8FlwtKvay`,`["SIXTYUPTOWN"]`
`coco sonic`,`true`,`true`,,,,`https://i.scdn.co/image/ab67616d0000b27385d6a1f0168839bab5b4a998`,,`spt_5q6ZqjA0UhQdqKJ3c1VFGw`,`["coco sonic"]`
`DATWEE`,`true`,`true`,,,,`https://i.scdn.co/image/ab6761610000e5eb3569efa7125ab5482ee2b53a`,,`spt_2EoBAFpN3PNWiBktMgEMY9`,`["DATWEE"]`
`Feliks Alvin`,`true`,`true`,,,,`https://i.scdn.co/image/ab6761610000e5ebe8aef79edeb2f8bacd1cb141`,,`spt_5JZMuCGmrvheDprjeYYCmA`,`["Feliks Alvin"]`
`Amaj7ing`,`true`,`true`,,,,,,`spt_0EoNkPc4d7LroQD611pi7X`,`["Amaj7ing"]`
`Henry Maze`,`true`,`true`,,,,`https://i.scdn.co/image/ab6761610000e5eb9a7d991ea845fa1039ae9c94`,,`spt_4eRLyC1PfRSajvKRwyVGRT`,`["Henry Maze"]`
`Shurkn Pap`,`true`,`true`,,,,`https://i.scdn.co/image/ab6761610000e5eb69c467085ad12306eeecf13b`,,`spt_1LFHjuuofxqkQL8vrJtpFB`,`["Shurkn Pap"]`
`Phan Ann`,`true`,`true`,,,,`https://i.scdn.co/image/ab6761610000e5eb35ac2a44d685638eb4f54445`,,`spt_6PYvE0Z3AWRSXTCLU1bNQA`,`["Phan Ann"]`
`BP Bounce`,`true`,`true`,,,,`https://i.scdn.co/image/ab67616d0000b27350c0807c7e631b882c75f313`,,`spt_1P2aQqtDVPtTkwz5qepxUN`,`["BP Bounce"]`
`Đặng Nguyễn Uyển My`,`true`,`true`,,,,,,`spt_3O1m1J3fscgqZILd4FC7Kx`,`["Đặng Nguyễn Uyển My"]`
`Lil Tian`,`true`,`true`,,,,`https://i.scdn.co/image/ab6761610000e5eb8f69bdca8364d12586175979`,,`spt_5PycWaugD9Q5dyWytEihtR`,`["Lil Tian"]`
`SimonC`,`true`,`true`,,,,`https://i.scdn.co/image/ab6761610000e5eb2f8dac15dc29ff7a73bc8084`,,`spt_6zOVCw3nQ3Yjs6uzNVF2OQ`,`["SimonC"]`
`Fous`,`true`,`true`,,,,`https://i.scdn.co/image/ab6761610000e5eb79ab927fde0324b6fbf360f1`,,`spt_2l6JnuA4jf2M5OTxmrEdAH`,`["Fous"]`
`VeeA`,`true`,`true`,,,,`https://i.scdn.co/image/ab67616d0000b27378335a07a8d09e0f62e442c2`,,`spt_4mp47XhYXyDVKu1azkrSCJ`,`["VeeA"]`
`Doãn Hiếu`,`true`,`true`,,,,`https://i.scdn.co/image/ab6761610000e5eb6786e4352ffa18af83c5619f`,,`spt_52UlQPpkuAzH3BTfRDevYc`,`["Doãn Hiếu"]`
`Toxic Dope`,`true`,`true`,,,,`https://i.scdn.co/image/ab67616d0000b2731814e6795bb8427fe2a5779b`,,`spt_0X9ppz0tn5cKp8YkR9TsyX`,`["Toxic Dope"]`
`TMG`,`true`,`true`,,,,`https://i.scdn.co/image/ab6761610000e5eb0797ffbdeaff704dce32e832`,,`spt_5PYvtPwFrXEpyW9FtFyiI5`,`["TMG"]`
`Trungg I.U`,`true`,`true`,,,,`https://i.scdn.co/image/ab6761610000e5eba8f037222c5e9456234c1d6c`,,`spt_6Ue0BbbTOdBjcO4QZB5sio`,`["Trungg I.U"]`
`Diệu Kiên`,`true`,`true`,,,,`https://i.scdn.co/image/ab67616d0000b273f248c18650e47c57bd66a14b`,,`spt_3q7Fuv1HpyqegV9YpMXCp7`,`["Diệu Kiên"]`
`Yuni Boo`,`true`,`true`,,,,`https://i.scdn.co/image/ab67616d0000b273024ab15e824ffe77bf20783d`,,`spt_3yRfmWJuBCv2wEvxWKF1jh`,`["Yuni Boo"]`
`Sin.T`,`true`,`true`,,,,`https://i.scdn.co/image/ab67616d0000b273b3c7a15daa23e8734d4f9c7c`,,`spt_6lXKiixMciDIkztIwD0ryV`,`["Sin.T"]`
`Chees`,`true`,`true`,,,,`https://i.scdn.co/image/ab67616d0000b2738e143bb511cdb5646bd69a17`,,`spt_1HCtRzjBZwU2Q9yDNOrLxE`,`["Chees"]`
`Thiên Thanh Azura`,`true`,`true`,,,,`https://i.scdn.co/image/ab6761610000e5eba6c5e695594ae3380db48bb0`,,`spt_5JdusihgVMCGKFSzNMMgvT`,`["Thiên Thanh Azura"]`
`SkyC`,`true`,`true`,,,,`https://i.scdn.co/image/ab6761610000e5ebab76556c4a65714d337b416c`,,`spt_4zrqORHnHSXdCMmdWy3nrD`,`["SkyC"]`
`Huỳnh Khang`,`true`,`true`,,,,`https://i.scdn.co/image/ab67616d0000b2732a7b600cfc142170d9a28c5f`,,`spt_6cuE1i8ZzELr3kcx4UzA8P`,`["Huỳnh Khang"]`
`Nguyễn Duy Khoa`,`true`,`true`,,,,,,`spt_0RXOeOsPbS3IAvxkJSjygi`,`["Nguyễn Duy Khoa"]`
`Nguyễn Trọng Hiếu`,`true`,`true`,,,,`https://i.scdn.co/image/ab67616d0000b2739e2011bb7da7b6ccebdd02ef`,,`spt_3G2aheHi9DiLQHwHNMsb6A`,`["Nguyễn Trọng Hiếu"]`
`D:Ream`,`true`,`true`,,,,`https://i.scdn.co/image/ab6761610000e5eb79a601d78ca7838d1e34c67e`,,`spt_2dCQKsTjB762AhtIACbAQA`,`["D:Ream"]`
`Lữ Ái Vy`,`true`,`true`,,,,,,`spt_1VfovodwcxvgsmhTUzL24w`,`["Lữ Ái Vy"]`
`@Ca`,`true`,`true`,,,,`https://i.scdn.co/image/ab67616d0000b273a40e5af36a4dd59c8485e6b5`,,`spt_5uW0Bw4xBjXo8DPOGP9uAA`,`["@Ca"]`
`Nemo`,`true`,`true`,,,,`https://i.scdn.co/image/ab6761610000e5ebd4de69b2fa80d6b5c827ac5c`,,`spt_7mt2qihQ9TRdkBuwmtkM8A`,`["Nemo"]`
`Sofia`,`true`,`true`,,,,`https://i.scdn.co/image/ab67616d0000b27347e732d27c5e53c6abdedc6d`,,`spt_6dJL0TrUmFYqc36IhCzqf6`,`["Sofia"]`
`Võ Đăng Khoa`,`true`,`true`,,,,`https://i.scdn.co/image/ab67616d0000b2731892fd94e84479351ba082e3`,,`spt_76P0jRc5mpUFfsbdZxr7Fl`,`["Võ Đăng Khoa"]`
`Phát La`,`true`,`true`,,,,`https://i.scdn.co/image/ab67616d0000b2732b5ed652d161e81896f394fa`,,`spt_4lzmMbZeOg7JUqDVzxExGQ`,`["Phát La"]`
`Võ Tấn Phát`,`true`,`true`,,,,`https://i.scdn.co/image/ab67616d0000b2732b5ed652d161e81896f394fa`,,`spt_7z0uau64WJjeojRkioURYI`,`["Võ Tấn Phát"]`
`Lâm Vỹ Dạ`,`true`,`true`,,,,`https://i.scdn.co/image/ab67616d0000b273dfa2fc5572706eec2e3c1801`,,`spt_7lxlFPJh81wytNNasz8Es7`,`["Lâm Vỹ Dạ"]`
`Puka`,`true`,`true`,,,,`https://i.scdn.co/image/ab67616d0000b273141d28111ffd1100e98d5d1e`,,`spt_0DYWdyGWhcbaTUKGilvSsi`,`["Puka"]`
`Anh Bin`,`true`,`true`,,,,`https://i.scdn.co/image/ab67616d0000b2735d4a6db93481b6341073c19e`,,`spt_4VqGn3eiZouK3tDTqlwiPy`,`["Anh Bin"]`
`Lê Dương Bảo Lâm`,`true`,`true`,,,,`https://i.scdn.co/image/ab6761610000e5eb7215e7f14c9d4606ddf347d1`,,`spt_2oo72Sn2VuNwGer7pELmwg`,`["Lê Dương Bảo Lâm"]`
`Quỳnh Hoa`,`true`,`true`,,,,`https://i.scdn.co/image/ab67616d0000b2737ac01df8d015117ef236515e`,,`spt_6mWPsnFHNkYdvd3a2chdBA`,`["Quỳnh Hoa"]`
`Lê Minh`,`true`,`true`,,,,`https://i.scdn.co/image/ab67616d0000b27329f0600cf7ccdf339b501c20`,,`spt_107cDZYfs9Iug7xSrfYIOZ`,`["Lê Minh"]`
`Quốc Đại`,`true`,`true`,,,,,,`spt_43OeBLwNJv4cFUccgGI3ei`,`["Quốc Đại"]`
`Lu An`,`true`,`true`,,,,`https://i.scdn.co/image/ab67616d0000b2734def797737e8f9172920bdcc`,,`spt_4oPYAO2lX6TMkzzyZJfYaW`,`["Lu An"]`
`Vicky Nhung`,`true`,`true`,,,,`https://i.scdn.co/image/ab6761610000e5eb77a4c3a455e5a8283e579cbc`,,`spt_0OECMkZp1koXqQLQrMizHb`,`["Vicky Nhung"]`
`Marcson Nguyễn`,`true`,`true`,,,,`https://i.scdn.co/image/ab67616d0000b27383c0ac737d8ba9edb8dd6f46`,,`spt_0hRXnISTPbp94tlYvlc0qb`,`["Marcson Nguyễn"]`
`Trọng Nhân`,`true`,`true`,,,,`https://i.scdn.co/image/ab6761610000e5ebe2ef0d2007836699d9a818bc`,,`spt_2LKy0mBBn42tKqNTLzBxcc`,`["Trọng Nhân"]`
`Fanny`,`true`,`true`,,,,`https://i.scdn.co/image/ab67616d0000b273062ff1119350dd8ec1b1ca45`,,`spt_7lE2b959sJbHq2SrFyZuRT`,`["Fanny"]`
`Long. C`,`true`,`true`,,,,,,`spt_5BOGfcE8fVQCbyh7D6xa30`,`["Long. C"]`
`ZIN`,`true`,`true`,,,,`https://i.scdn.co/image/ab6761610000e5ebf3b760835f7a9d047e0f4c86`,,`spt_11RzDwvCXeqGVtx7vjoWDm`,`["ZIN"]`
`Jenna Anh Phương`,`true`,`true`,,,,`https://i.scdn.co/image/ab67616d0000b273d12b99370a57059d2ae27843`,,`spt_3v5u4f2mY6loVaWbY5iG07`,`["Jenna Anh Phương"]`
`Annie`,`true`,`true`,,,,`https://i.scdn.co/image/ab6761610000e5ebd99ff4d156712dec696a6053`,,`spt_5n6soHMPeSbjaXoZbGV75f`,`["Annie"]`
`Sơn Soho`,`true`,`true`,,,,`https://i.scdn.co/image/ab67616d0000b27387d3c8b52a19a37ebd34b4ce`,,`spt_4eveyVuyqN7hjBcVzDVae0`,`["Sơn Soho"]`
`Yến Khoa`,`true`,`true`,,,,`https://i.scdn.co/image/ab67616d0000b273985238524aed0046096cc031`,,`spt_2Z6LMnrR2IFfPvOpce4lUl`,`["Yến Khoa"]`
`Đức Trần`,`true`,`true`,,,,`https://i.scdn.co/image/ab67616d0000b273470ef3b67f7eda22a11a6191`,,`spt_6Y8URB8PCcS4uzSu7wf2Dh`,`["Đức Trần"]`
`Anh Đào`,`true`,`true`,,,,`https://i.scdn.co/image/ab67616d0000b2734497fa2918fb13d17ddeb0b9`,,`spt_2P7px1fcWjUMmSVhuyM08p`,`["Anh Đào"]`
`Huy Vạc`,`true`,`true`,,,,`https://i.scdn.co/image/ab67616d0000b273b8133f06eab3327d4508fa74`,,`spt_0b68vXEHFuQP71O9FOESra`,`["Huy Vạc"]`
`PiaLinh`,`true`,`true`,,,,`https://i.scdn.co/image/ab67616d0000b273e1440b7a6a77e75192bf7f51`,,`spt_5Xn0cJrrcslCWCzPXNTy54`,`["PiaLinh"]`
`RZ Mas`,`true`,`true`,,,,`https://i.scdn.co/image/ab6761610000e5eb71a10602ad46565890e2a2be`,,`spt_39UJlviUwzZGZrA8DiQy31`,`["RZ Mas"]`
`Wind.P`,`true`,`true`,,,,`https://i.scdn.co/image/ab67616d0000b2736978a09b6e49fedfa8d6432d`,,`spt_2jYpvQezm2EtSlHxmxENDD`,`["Wind.P"]`
`ShenlongZ`,`true`,`true`,,,,`https://i.scdn.co/image/ab67616d0000b273749100e06aa9a5c3de4683ef`,,`spt_2W2R7ECObRqmV9BqrpVXpJ`,`["ShenlongZ"]`
`August. Đỗ Hải Đăng`,`true`,`true`,,,,`https://i.scdn.co/image/ab67616d0000b2731a094cdd73d563d09628f755`,,`spt_7aW6VfkG1vbKutI032iuHD`,`["August. Đỗ Hải Đăng"]`
`MEGAZETZ`,`true`,`true`,,,,`https://i.scdn.co/image/ab6761610000e5eb76d3bb26763b08c28ec6fdc0`,,`spt_6LILNyIuxnQmeo1i2iW2Rt`,`["MEGAZETZ"]`
`Độ Mixi`,`true`,`true`,,,,`https://i.scdn.co/image/ab67616d0000b273935ff8d87d960714f853f548`,,`spt_0TZKKZG6WHl2aVFPDtND82`,`["Độ Mixi"]`
`New Media`,`true`,`true`,,,,`https://i.scdn.co/image/ab67616d0000b273ba04a283feafea0dc06b2683`,,`spt_5cKzrehxjeMzh9aahJ8oyj`,`["New Media"]`
`Tài Nguyễn`,`true`,`true`,,,,`https://i.scdn.co/image/ab67616d0000b273325efd3c98edf746debb1437`,,`spt_3R5iIZeR8d5Gb2DTHkClHD`,`["Tài Nguyễn"]`
`Min.T`,`true`,`true`,,,,,,`spt_6tHz6R7nSt7QDkTBAXgXai`,`["Min.T"]`
`Xôn Nguyễn`,`true`,`true`,,,,`https://i.scdn.co/image/ab6761610000e5ebb607c78c3d51018ae3d37e7d`,,`spt_2KhDttLplSvTjfipdzvOu3`,`["Xôn Nguyễn"]`
`JokeS Bii`,`true`,`true`,,,,`https://i.scdn.co/image/ab6761610000e5eb337130e5b07aa11c089b9b6b`,,`spt_1FTyDLNQFIES677l00FdzD`,`["JokeS Bii"]`
`Sinike`,`true`,`true`,,,,`https://i.scdn.co/image/ab67616d0000b27309ff62c734c0f0e3b3e2fa24`,,`spt_3mAay4lwZOLZMoTEYHcPCY`,`["Sinike"]`
`Thiên Khôi`,`true`,`true`,,,,`https://i.scdn.co/image/ab6761610000e5eb0550eaf6a0d69065d0cfe359`,,`spt_3Jv5XSM6ZVKyMIot25uKnO`,`["Thiên Khôi"]`
`Phạm Anh Duy`,`true`,`true`,,,,`https://i.scdn.co/image/ab6761610000e5ebf42b71bdb43ecf1c9e2223d5`,,`spt_5HnaYivMXMHeOKCvyPGUkk`,`["Phạm Anh Duy"]`
`DJ Gin`,`true`,`true`,,,,,,`spt_48cSdrb7zIppBA4UKNd54e`,`["DJ Gin"]`
`PARK JUNG MIN`,`true`,`true`,,,,`https://i.scdn.co/image/ab67616d0000b27383f222e745d86bf64b3ae92a`,,`spt_0KXhqAyu4VVMYvs36x2KgD`,`["PARK JUNG MIN"]`
`Tuấn Trần`,`true`,`true`,,,,`https://i.scdn.co/image/ab6761610000e5eb0255ec20e1cce329c0c7ddc6`,,`spt_5WFgcEPlWopWbfewkeacIy`,`["Tuấn Trần"]`
`Rudya`,`true`,`true`,,,,,,`spt_2gkeGPh72SLYETvRx2Dd8I`,`["Rudya"]`
`Huỳnh Ân`,`true`,`true`,,,,,,`spt_4dZQpXDNcx9nF36ZMGTJAS`,`["Huỳnh Ân"]`
`Quế Vân`,`true`,`true`,,,,,,`spt_0pfnBEcdBdIrE3b2FBKgip`,`["Quế Vân"]`
`Lê Trung Cương`,`true`,`true`,,,,,,`spt_5lwLNjV7YvnOH5xx44hKSv`,`["Lê Trung Cương"]`
`Trương Nam Thành`,`true`,`true`,,,,,,`spt_5MqTIbVQx25803sJ5cMeZ2`,`["Trương Nam Thành"]`
`Nam Hee`,`true`,`true`,,,,,,`spt_0mzTZsBANSFFxtAZithAyj`,`["Nam Hee"]`
`Fame Chí Thành`,`true`,`true`,,,,`https://i.scdn.co/image/ab67616d0000b273dc3fc3f962f6f24dada817e0`,,`spt_3tQ42HZvvW2ovdYyD3Mbjb`,`["Fame Chí Thành"]`
`Do Phu Qui`,`true`,`true`,,,,`https://i.scdn.co/image/ab67616d0000b2732b625a6689b838f9cbdc0069`,,`spt_1bkEtYsRYvm3mKCzL2X21A`,`["Do Phu Qui"]`
`Quý Bình`,`true`,`true`,,,,,,`spt_7gWd1jfTsBM8jZ8LTguUAp`,`["Quý Bình"]`
`Phương Hồng Thủy`,`true`,`true`,,,,`https://i.scdn.co/image/ab67616d0000b2735ec97d5c3fd66597fbfbe650`,,`spt_0ODSKkE7xW7lUXwU4m1ojy`,`["Phương Hồng Thủy"]`
`Phượng Loan`,`true`,`true`,,,,,,`spt_1VM8kVwxv4P5M1mpL38otS`,`["Phượng Loan"]`
`Dai Nghia`,`true`,`true`,,,,,,`spt_2mliB2ZDeMq7dMoxLS04YW`,`["Dai Nghia"]`
`Khánh Ngọc`,`true`,`true`,,,,`https://i.scdn.co/image/ab67616d0000b2739113a6732ae1fa4e6697ed84`,,`spt_51JbNPIS9UmDvj6sTZD2Jt`,`["Khánh Ngọc"]`
`Văn Anh`,`true`,`true`,,,,,,`spt_1t2b79aghfdw0dVkXFvsv0`,`["Văn Anh"]`
`Hồ Vĩnh Khoa`,`true`,`true`,,,,`https://i.scdn.co/image/ab67616d0000b2730e535a8fe3651ad906be4f42`,,`spt_7mKD0NMI25gUcefuBhKL3D`,`["Hồ Vĩnh Khoa"]`
`Kim Xuân`,`true`,`true`,,,,`https://i.scdn.co/image/ab67616d0000b273fc0f8deed75b9d9c5d37498c`,,`spt_3qCA1FNmzmVAtBUsK4J76G`,`["Kim Xuân"]`
`Thanh Hằng`,`true`,`true`,,,,`https://i.scdn.co/image/ab67616d0000b2735870dfe351bbb23eb8765521`,,`spt_3RHorLvSVM4Sox4OqKyDvR`,`["Thanh Hằng"]`
`Que Tran`,`true`,`true`,,,,`https://i.scdn.co/image/ab67616d0000b2736c5b588e6118536021082208`,,`spt_2xF6iP0pcbsh0AK5CnIEKI`,`["Que Tran"]`
`Tú Sương`,`true`,`true`,,,,,,`spt_4giVorRtMJmlnqfe1hOTFX`,`["Tú Sương"]`
`Cao Công Nghĩa`,`true`,`true`,,,,`https://i.scdn.co/image/ab6761610000e5eba62f04c6f8f73f0c85351468`,,`spt_0TxRnKU6ZW5db3XmWtrd2h`,`["Cao Công Nghĩa"]`
`Lâm Ngọc Hoa`,`true`,`true`,,,,`https://i.scdn.co/image/ab67616d0000b2730542df684c4049d574dfacda`,,`spt_23Ud2DeKi4BMaWwzfv0phI`,`["Lâm Ngọc Hoa"]`
`Nam Em`,`true`,`true`,,,,`https://i.scdn.co/image/ab6761610000e5eb8a4c6c39c5a4ae49958d3582`,,`spt_7BbU2YunG15r8JwLTgnNyk`,`["Nam Em"]`
`Mây Trắng`,`true`,`true`,,,,`https://i.scdn.co/image/ab6761610000e5ebaaca17a404999f85c9f4c595`,,`spt_4F1FCglJnRnrggZjJDTWpG`,`["Mây Trắng"]`
`Trang Hàn`,`true`,`true`,,,,`https://i.scdn.co/image/ab6761610000e5eb3a95c0482c61c1f0fe565fa7`,,`spt_2gugq8LTugkTfMNQKiO7sK`,`["Trang Hàn"]`
`Jin Ju`,`true`,`true`,,,,`https://i.scdn.co/image/ab6761610000e5eb659b2a56b3fa5cf0d8394f34`,,`spt_5EZYHlogo0AymBkrVkDwPb`,`["Jin Ju"]`
`Raiito`,`true`,`true`,,,,,,`spt_4DHZNwrzyF6wQMeq6FNmOn`,`["Raiito"]`
`Nh009`,`true`,`true`,,,,`https://i.scdn.co/image/ab6761610000e5eb6e53f127704ffd14ae3d934c`,,`spt_1wo4jJA6nXqn4BKUu583GY`,`["Nh009"]`
`Mareas`,`true`,`true`,,,,`https://i.scdn.co/image/ab6761610000e5ebb968c2be751a36051ac956b4`,,`spt_6G9AJZFPNxhwOiT8kmm9z5`,`["Mareas"]`
`Seyah`,`true`,`true`,,,,`https://i.scdn.co/image/ab67616d0000b2735e4e4181a76a993b0cf2813c`,,`spt_5aBas1BGDXZA7rS9POG2yn`,`["Seyah"]`
`Porpura`,`true`,`true`,,,,`https://i.scdn.co/image/ab6761610000e5ebc3d90ea53fbb15cbe5e153bf`,,`spt_4LJRWWobzwSTzhcDJb5SuZ`,`["Porpura"]`
`Beysachi`,`true`,`true`,,,,`https://i.scdn.co/image/ab6761610000e5eb5f66c2a9e403f765cf858208`,,`spt_1WyWwUH5XpoVUE1JFiTDqy`,`["Beysachi"]`
`OkCivic`,`true`,`true`,,,,,,`spt_3MGxb94fQHxHimuFYDuOC7`,`["OkCivic"]`
`Thu Thuy`,`true`,`true`,,,,,,`spt_6Rlm10SeqP9CX1SG0yWIF0`,`["Thu Thuy"]`
`Tiazo`,`true`,`true`,,,,`https://i.scdn.co/image/ab6761610000e5eb9b3afd884cd40a5473861170`,,`spt_01ZwkWyksWSluuNUWERXkf`,`["Tiazo"]`
`JG NINE`,`true`,`true`,,,,`https://i.scdn.co/image/ab6761610000e5eb8049c685cc685a46e3bcaecb`,,`spt_5YZNm5eH82OC1hxVVRXdTY`,`["JG NINE"]`
`Justin TechN9`,`true`,`true`,,,,,,`spt_7Hoh8WWnUnjvVDTHnTxxrK`,`["Justin TechN9"]`
`Demoralizations`,`true`,`true`,,,,`https://i.scdn.co/image/ab6761610000e5eb0488afed0614a99ca8a3e66b`,,`spt_6ACKNLrLj3DA0Y7LVv9Dte`,`["Demoralizations"]`
`Keito`,`true`,`true`,,,,`https://i.scdn.co/image/ab67616d0000b2730c6a9d462b63c8a5e97f52aa`,,`spt_4L1yGWQiY1hPIOR8JBIC1E`,`["Keito"]`
`Luigi`,`true`,`true`,,,,`https://i.scdn.co/image/ab67616d0000b273812886a06f969c76d727d207`,,`spt_4ZMYgLyXO8OJnoPw3Ya9NT`,`["Luigi"]`
`Wicked Drugz`,`true`,`true`,,,,`https://i.scdn.co/image/ab67616d0000b273140536f915b1947c4b916dfc`,,`spt_6rj7FtIneFO9a9Q7cx0NyQ`,`["Wicked Drugz"]`
`Ânknown`,`true`,`true`,,,,`https://i.scdn.co/image/ab6761610000e5ebdeb6a8ae49d6a7ce1b017917`,,`spt_4qG6V2lQFsqDEUlbVMtnU2`,`["Ânknown"]`
`Chang`,`true`,`true`,,,,`https://i.scdn.co/image/ab67616d0000b2731ca250fb04923622d9e740b2`,,`spt_1MgmDumw8B5VwEAEOpOBHV`,`["Chang"]`
`Sơn Bùi`,`true`,`true`,,,,`https://i.scdn.co/image/ab67616d0000b273b8cf830bed9b285eaa812399`,,`spt_33i4hWx8QxFkmePBMLn2gj`,`["Sơn Bùi"]`
`Mon`,`true`,`true`,,,,`https://i.scdn.co/image/ab67616d0000b273a1269c78925d944be673553d`,,`spt_0R5IFOFpvdv5hVvMQtQrUd`,`["Mon"]`
`Xén`,`true`,`true`,,,,`https://i.scdn.co/image/ab67616d0000b273421fdb04b01a628086bf396b`,,`spt_5f5mnUP7deZqaUsVzRnebQ`,`["Xén"]`
`Orinn slowed`,`true`,`true`,,,,`https://i.scdn.co/image/ab67616d0000b27357fc955934089cb2ec9d8b98`,,`spt_0ZOpK9yFL9RTZ0o0Gzxn1K`,`["Orinn slowed"]`
`GreenD`,`true`,`true`,,,,`https://i.scdn.co/image/ab6761610000e5eb46402bcca1a5f05bb0ec8a60`,,`spt_2mYrvZz0fllkkUnZishGE4`,`["GreenD"]`
`Niết`,`true`,`true`,,,,`https://i.scdn.co/image/ab67616d0000b273260b0623cddcc0b8c9eddb10`,,`spt_2cqMh2eut0Et5qCiGgRxTu`,`["Niết"]`
`KIMLONG`,`true`,`true`,,,,`https://i.scdn.co/image/ab6761610000e5eb6206f41c6c009fd8c341dee7`,,`spt_26GpU9jkhwkZCyWBw6Prbf`,`["KIMLONG"]`
`Sz`,`true`,`true`,,,,`https://i.scdn.co/image/ab67616d0000b27317d30783c7fa8baecf8096d1`,,`spt_6sLyjLHoclS6nQAsPpPOT4`,`["Sz"]`
`Híu`,`true`,`true`,,,,`https://i.scdn.co/image/ab6761610000e5eb51cb07f3bfe6e46f971fe150`,,`spt_2J5B9kGwZXEaP7Ys4ai9Qz`,`["Híu"]`
`Bâu`,`true`,`true`,,,,`https://i.scdn.co/image/ab6761610000e5eb506f44e979f7f6ec9c386265`,,`spt_2KBCzFu6IEUuCiBpblpRRF`,`["Bâu"]`
`CrazyFrogs`,`true`,`true`,,,,`https://i.scdn.co/image/ab67616d0000b273df778021446c09c31cd60295`,,`spt_1CbfG2QxPU2r7wODxVwUTB`,`["CrazyFrogs"]`
`Lenatic Bubble Gum Hipsters`,`true`,`true`,,,,`https://i.scdn.co/image/ab67616d0000b2733e84772c693ac0a7efb03143`,,`spt_5JTsTaVWr1u2TxPAvWwvNI`,`["Lenatic Bubble Gum Hipsters"]`
`Laye`,`true`,`true`,,,,`https://i.scdn.co/image/ab6761610000e5eb8ab5c77a52d319a2118c24da`,,`spt_07LWLCMrOvbuOIEUh0UgHB`,`["Laye"]`
`HKT`,`true`,`true`,,,,,,`spt_1lwLM2Sw39X5BILAcV7hLD`,`["HKT"]`
`CHANEE`,`true`,`true`,,,,`https://i.scdn.co/image/ab67616d0000b27353ed0b716fac380665fd0077`,,`spt_7JYvtUIBcGDPeh79HNDaf3`,`["CHANEE"]`
`REX`,`true`,`true`,,,,`https://i.scdn.co/image/ab6761610000e5eb83ed375e39569a3ac4ae5914`,,`spt_2cVTYSIzatkm0RXjOGsHb4`,`["REX"]`
`NAMVEE`,`true`,`true`,,,,`https://i.scdn.co/image/ab6761610000e5eb05bd09e5e7d334cef30db826`,,`spt_0Xdh4oLzLFDUuUwhuRmv6g`,`["NAMVEE"]`
`Woozy Nguyen`,`true`,`true`,,,,,,`spt_7unQ3rX1xJpV7Mkx4mWgwu`,`["Woozy Nguyen"]`
`Nguyen T.P`,`true`,`true`,,,,,,`spt_1Sk9CMXUJnhwFeN6GbNhin`,`["Nguyen T.P"]`
`MCK`,`true`,`true`,,,,`https://i.scdn.co/image/ab6761610000e5eb15d0e0dac5d81201c80f60b8`,,`spt_1vw1X3CxTYNnfOkXPzKper`,`["MCK"]`
`Darrys.`,`true`,`true`,,,,`https://i.scdn.co/image/ab67616d0000b2731f52bf5bdc18ca3b54ab36f4`,,`spt_0PLjYUtzYs6Oq0OJy9NvHb`,`["Darrys."]`
`HuyTran`,`true`,`true`,,,,`https://i.scdn.co/image/ab67616d0000b2732763a25faa329b5db1f3077c`,,`spt_67SfZJn4duJVXeVyjhOQni`,`["HuyTran"]`
`Jin`,`true`,`true`,,,,`https://i.scdn.co/image/ab67616d0000b273d52eff90ca46592929880b6b`,,`spt_6mAJHjKZ6t7M8OHd6Xjxxu`,`["Jin"]`
`SS`,`true`,`true`,,,,`https://i.scdn.co/image/ab67616d0000b273333538bf43f71ab1b4dbf333`,,`spt_1EeuP9myLfTX5rdEksLcdf`,`["SS"]`
`Út Nhị`,`true`,`true`,,,,`https://i.scdn.co/image/ab67616d0000b2733a7718da1ff5791e462cbc7b`,,`spt_70ZsLuQhgF13lNkNz9DTfb`,`["Út Nhị"]`
`Quiez Remix`,`true`,`true`,,,,`https://i.scdn.co/image/ab67616d0000b2734ecb734d4ca3ae45dc41d493`,,`spt_5IgKAZCcaPI7LA84EETKpc`,`["Quiez Remix"]`
`Kaisoul`,`true`,`true`,,,,`https://i.scdn.co/image/ab6761610000e5eb3e181d7790b953aa0781b008`,,`spt_1RymY6y1vsyqVIVqBu03ul`,`["Kaisoul"]`
`Qinn Media`,`true`,`true`,,,,`https://i.scdn.co/image/ab67616d0000b2732775b4a61aeab4f61e0cc00c`,,`spt_24MfNlk8lf7eyrnpeJIjkd`,`["Qinn Media"]`
`Nguyet Ha`,`true`,`true`,,,,,,`spt_7sv8Fi3XBdkDimkJZUHWdq`,`["Nguyet Ha"]`
`bạn khoa`,`true`,`true`,,,,`https://i.scdn.co/image/ab6761610000e5eb35a47fa9d367e674d592e388`,,`spt_1ZA7ZwfsbYctdPB5P4us6l`,`["bạn khoa"]`
`Erin`,`true`,`true`,,,,`https://i.scdn.co/image/ab67616d0000b2738a9ff21901ccccdefc2eb7e6`,,`spt_2KFqKJvmyR5FRdW2Ww8YeY`,`["Erin"]`
`Phan Yến Nhi`,`true`,`true`,,,,`https://i.scdn.co/image/ab67616d0000b2731fe22b2d21699008b739ac74`,,`spt_4GFQ39C6ZEaqEsyGJggcVW`,`["Phan Yến Nhi"]`
`Hiền Mai`,`true`,`true`,,,,`https://i.scdn.co/image/ab6761610000e5ebffc8b0a6c41f659ca104e124`,,`spt_3lzgi4Wa9CvyHxoITRn6Yd`,`["Hiền Mai"]`
`Công Hòa`,`true`,`true`,,,,`https://i.scdn.co/image/ab67616d0000b273d41a0aec984ea0a51cc28edc`,,`spt_7IQsp77d5hd1aQfCV43fZ3`,`["Công Hòa"]`
`Pilgrim Raid`,`true`,`true`,,,,`https://i.scdn.co/image/ab6761610000e5eb6623df12a76fca238ab926f8`,,`spt_0QuJhiWxuWNWNjIMTjqQ5u`,`["Pilgrim Raid"]`
`Jet Studio`,`true`,`true`,,,,`https://i.scdn.co/image/ab67616d0000b2731c8001b33e10a2ddf4288e26`,,`spt_26YdXVU3yzVa37xsHtqunz`,`["Jet Studio"]`
`Thiên Long`,`true`,`true`,,,,,,`spt_4KTvrAdfvFsfWbigqPWdpO`,`["Thiên Long"]`
`Thúy Huyền`,`true`,`true`,,,,`https://i.scdn.co/image/ab67616d0000b273ac24093a6bfa6aefbf129276`,,`spt_1xCBaLtOV6TzaL41Yi2F8J`,`["Thúy Huyền"]`
`Trường Sang`,`true`,`true`,,,,`https://i.scdn.co/image/ab67616d0000b27372b43e90f0cf64bc79750fc1`,,`spt_2qFrKigOiUCpTON9euJEI9`,`["Trường Sang"]`
`Thúy Hằng`,`true`,`true`,,,,`https://i.scdn.co/image/ab67616d0000b273ece2c581730101fb3da7f964`,,`spt_77wD1C0j2j85Uk9g0cbDxy`,`["Thúy Hằng"]`
`Mai Phương`,`true`,`true`,,,,`https://i.scdn.co/image/ab67616d0000b2733e39b3b586ee593db65e9ec6`,,`spt_4pOaZhCS1Tths2aa7IUhWX`,`["Mai Phương"]`
`Cẩm Loan`,`true`,`true`,,,,`https://i.scdn.co/image/ab67616d0000b273c0f00e40df0388fcf0b1eddd`,,`spt_2ZMkMWHIjdNMSmiJFtFnD0`,`["Cẩm Loan"]`
`Nam Thanh Phong`,`true`,`true`,,,,`https://i.scdn.co/image/ab67616d0000b273f3be6467ea8565e8b3bedcd1`,,`spt_16JJNn8ODdHjJuJQv4NXsu`,`["Nam Thanh Phong"]`
`Kha Thi`,`true`,`true`,,,,`https://i.scdn.co/image/ab67616d0000b2734abe303a757752d9fa705ec6`,,`spt_2i9y3AK7ZdnEB7QxAdsHbK`,`["Kha Thi"]`
`Lâm Quang Long`,`true`,`true`,,,,`https://i.scdn.co/image/ab67616d0000b273fb8d95dfccd18ea68999dd42`,,`spt_75xtCpAWK6TEutnoOL3iRJ`,`["Lâm Quang Long"]`
`Cẩm Thơ`,`true`,`true`,,,,,,`spt_326UyPdHgDxi5Ln5NGM1ay`,`["Cẩm Thơ"]`
`Yan Nguyễn`,`true`,`true`,,,,`https://i.scdn.co/image/ab67616d0000b273a80f26d8c59cc8989654ae28`,,`spt_0N56OxlU2TQHaXBVDZwtpq`,`["Yan Nguyễn"]`
`Ngọc Liên`,`true`,`true`,,,,`https://i.scdn.co/image/ab67616d0000b2731dd7d4bb6528f2c1e35e7a87`,,`spt_6xaXA45aKi0Up6xbS8pfqO`,`["Ngọc Liên"]`
`Cẩm Loan`,`true`,`true`,,,,`https://i.scdn.co/image/ab67616d0000b2736a5a0a811f6381ded713abc9`,,`spt_6fT6oM871bQyfYM2X6lKln`,`["Cẩm Loan"]`
`Châu Việt Cường`,`true`,`true`,,,,`https://i.scdn.co/image/ab67616d0000b2738b42e3dee7cdddeeb390514f`,,`spt_3cucwxTT1NwoKo7zaQGma7`,`["Châu Việt Cường"]`
`Ken IQ`,`true`,`true`,,,,,,`spt_1y0x2xWlUsxgryMw276JpT`,`["Ken IQ"]`
`Kim Jun See`,`true`,`true`,,,,`https://i.scdn.co/image/ab67616d0000b273c9b93e3981fa44293f4174ce`,,`spt_12qlnwAKMmaMNf5eRtpuvA`,`["Kim Jun See"]`
`Vu Tram Anh`,`true`,`true`,,,,`https://i.scdn.co/image/ab67616d0000b27353afb08dcea9370ac99fb0b0`,,`spt_77BjJandg7XdJrXNfHDNcb`,`["Vu Tram Anh"]`
`TeeD`,`true`,`true`,,,,`https://i.scdn.co/image/ab67616d0000b27323a396b92c8ce3277dc2f8a8`,,`spt_2ORvTAWWRhnJKkLBXAxvaa`,`["TeeD"]`
`Đông Thiên Đức`,`true`,`true`,,,,`https://i.scdn.co/image/ab67616d0000b273dce88212ea9d045b864fead2`,,`spt_5y8BH7CZdbyqobybqSv0II`,`["Đông Thiên Đức"]`
`Jolly Nguyễn`,`true`,`true`,,,,,,`spt_4jmA0lVlBG8X2LQv06VQFM`,`["Jolly Nguyễn"]`
`Hoa Hậu Ngọc Diệp`,`true`,`true`,,,,,,`spt_7qF4bL91Q3uiAQUuHfChbt`,`["Hoa Hậu Ngọc Diệp"]`
`B Concept`,`true`,`true`,,,,`https://i.scdn.co/image/ab67616d0000b27378e792220fe99e413f31b227`,,`spt_7GANNf8fb51l0d7th8ltFE`,`["B Concept"]`
`Yan Nguyễn`,`true`,`true`,,,,`https://i.scdn.co/image/ab67616d0000b27318eb906be86c23de2b3409dc`,,`spt_1xfmPLQJuQ5xyjXhmLWntH`,`["Yan Nguyễn"]`
`Dj Thái Anthony`,`true`,`true`,,,,`https://i.scdn.co/image/ab67616d0000b27364ec21db1015de98577e9350`,,`spt_1pF3gpelPi9zkjKxHstxwZ`,`["Dj Thái Anthony"]`
`VUX`,`true`,`true`,,,,`https://i.scdn.co/image/ab6761610000e5eb52d392370fd033132ccd0fc9`,,`spt_24M9YPdLMM5MY3MH6qkCCs`,`["VUX"]`
`Nhat Nguyet`,`true`,`true`,,,,`https://i.scdn.co/image/ab67616d0000b273bf64e3ac7e32bbc142486f3b`,,`spt_3Hmq20y76ZEznwKkH2Senk`,`["Nhat Nguyet"]`
`DJ Turbo`,`true`,`true`,,,,,,`spt_3921nfWWAXeZAyIUMt0reK`,`["DJ Turbo"]`
`DJ Phơ Nguyễn`,`true`,`true`,,,,`https://i.scdn.co/image/ab6761610000e5eb7b4adbd753346a51d4274880`,,`spt_7eitiJHLk5CY4k96tr3QJh`,`["DJ Phơ Nguyễn"]`
`DJ Wang Trần`,`true`,`true`,,,,,,`spt_3iFJq1dGxmWcVmK2Tubsri`,`["DJ Wang Trần"]`
`DJ Khang Chivas`,`true`,`true`,,,,,,`spt_76DLCMEROSe18KNZ4VS348`,`["DJ Khang Chivas"]`
`Ti.k4`,`true`,`true`,,,,`https://i.scdn.co/image/ab67616d0000b273d88aaebfdd7ae224ada6a766`,,`spt_1c0GyWdB4VC2tEMPAkY83Q`,`["Ti.k4"]`
`Thereon`,`true`,`true`,,,,`https://i.scdn.co/image/ab67616d0000b2733cfcbe3e272dfaad9d1ebb34`,,`spt_5yp9ESuUDJHoPJlvO0inNt`,`["Thereon"]`
`HuyD`,`true`,`true`,,,,`https://i.scdn.co/image/ab67616d0000b273abe5b72d8fe19dc90e9affa2`,,`spt_5ORzXtzb17Fr674XgInKs7`,`["HuyD"]`
`Xuân Hạ`,`true`,`true`,,,,`https://i.scdn.co/image/ab67616d0000b273842b566d34d885947e278348`,,`spt_4vefVCFUPX6zJbGohSKSpv`,`["Xuân Hạ"]`
`Bi`,`true`,`true`,,,,,,`spt_5PChYLpR0GOTDUSQuEYfuU`,`["Bi"]`
`Dương Ngọc Thái`,`true`,`true`,,,,`https://i.scdn.co/image/ab67616d0000b273ed611365fcd098a4250694b0`,,`spt_50srtWWaVOkSkr6oSpk4eb`,`["Dương Ngọc Thái"]`
`Hoang Nhat Thien`,`true`,`true`,,,,,,`spt_1ouaKmBPKIiDleji007UL9`,`["Hoang Nhat Thien"]`
`Trinh Tuan Vy`,`true`,`true`,,,,`https://i.scdn.co/image/ab67616d0000b27388d75978fe2b9cff2a65af65`,,`spt_4gY0N8xQ8VpQ1BBzUYHYmZ`,`["Trinh Tuan Vy"]`
`Nhieu Nghe Sy`,`true`,`true`,,,,`https://i.scdn.co/image/ab67616d0000b273f20e28fade5230ee9b0f3407`,,`spt_58DpMRYzUdQ9zixRdnJJcr`,`["Nhieu Nghe Sy"]`
`Ty Phong`,`true`,`true`,,,,`https://i.scdn.co/image/ab67616d0000b2731955a7b34f583cdb15d3b117`,,`spt_008F0sc7eQmevCphib1znV`,`["Ty Phong"]`
`Trịnh Gia Khánh`,`true`,`true`,,,,,,`spt_5y6gwY612tqMp5ByQENP0b`,`["Trịnh Gia Khánh"]`
`DK Lâm`,`true`,`true`,,,,`https://i.scdn.co/image/ab67616d0000b27330132517149505b7195051ce`,,`spt_3GetOx6IdJcUdZbCyqeLLD`,`["DK Lâm"]`
`Phạm Thanh Thảo`,`true`,`true`,,,,`https://i.scdn.co/image/ab67616d0000b2738d07bfa0cbbaa33b248cece6`,,`spt_7mFTSQWi3aGeyTBvUnCHM6`,`["Phạm Thanh Thảo"]`
`Khưu Huy Vũ`,`true`,`true`,,,,`https://i.scdn.co/image/ab6761610000e5eb64b21ac555d2386297dcb948`,,`spt_4TIkbzRb0DgLNgvYFndhyP`,`["Khưu Huy Vũ"]`
`Thu Hằng Bolero`,`true`,`true`,,,,,,`spt_6f7pRwKLs9ykq4T51rc2s1`,`["Thu Hằng Bolero"]`
`Lưu Ánh Loan`,`true`,`true`,,,,`https://i.scdn.co/image/ab67616d0000b2738bb41c8fcfd26b45bd704d01`,,`spt_4doYTYrpvNr6P7JjgTqN0V`,`["Lưu Ánh Loan"]`
`Bảo Nhi`,`true`,`true`,,,,`https://i.scdn.co/image/ab67616d0000b273491a737644f519419ad0d7a0`,,`spt_1PnMDUGgOz93gTlCHgyf4g`,`["Bảo Nhi"]`
`Gemini Band`,`true`,`true`,,,,`https://i.scdn.co/image/ab67616d0000b273faf368b3c2a926aabc5e6ea7`,,`spt_4NpXi8lmSBbxmVPlb3R2Hr`,`["Gemini Band"]`
`Phát Tô`,`true`,`true`,,,,,,`spt_2QJ6dhJ27mgi7xzmqKfjfU`,`["Phát Tô"]`
`Chu Nam`,`true`,`true`,,,,`https://i.scdn.co/image/ab67616d0000b27321920c1ceaef3ceea0650beb`,,`spt_0J9BZHnGjdgd0myyYO9xRl`,`["Chu Nam"]`
`Lâm Ngọc Hoa`,`true`,`true`,,,,`https://i.scdn.co/image/ab67616d0000b27348c2db47badf6e4d23bd4939`,,`spt_4QaV6F7uk7IbtKWLG3KXhl`,`["Lâm Ngọc Hoa"]`
`Phương Nhạc`,`true`,`true`,,,,`https://i.scdn.co/image/ab67616d0000b273d1c7e04e8024670146ac14d4`,,`spt_5fxqtDxiyDEKgOqZnEBRyZ`,`["Phương Nhạc"]`
`Đinh Thu Phương`,`true`,`true`,,,,`https://i.scdn.co/image/ab67616d0000b273c2794d31c16aa3d09832bebc`,,`spt_124My4uQGCV2ua3irSuq5g`,`["Đinh Thu Phương"]`
`Sơn ca`,`true`,`true`,,,,`https://i.scdn.co/image/ab67616d0000b273ddc9ca2581070e6ccbe3c06d`,,`spt_3fq8xTZW8v4JniGWe4r02V`,`["Sơn ca"]`
`HKT M`,`true`,`true`,,,,,,`spt_4Vn8HbxtlmluShzzCiDycc`,`["HKT M"]`
`Kosdra Lb`,`true`,`true`,,,,`https://i.scdn.co/image/ab6761610000e5ebde00608505e074f9f84d63a0`,,`spt_65eah6rxdVh4FJkGbi8Wu3`,`["Kosdra Lb"]`
`XVMounty`,`true`,`true`,,,,`https://i.scdn.co/image/ab67616d0000b273c77069ba2ff045bea0c637b6`,,`spt_1C8sutmJZlPpkOYWYioP8m`,`["XVMounty"]`
`Khanh Vu`,`true`,`true`,,,,`https://i.scdn.co/image/ab6761610000e5eb4dc3c1a0db4a876e393d234f`,,`spt_2HzO9fAZ96pidw3LRTkxx9`,`["Khanh Vu"]`
`Trung Duong`,`true`,`true`,,,,,,`spt_4sM5uTizo9GVkf9mYBabeR`,`["Trung Duong"]`
`Chan Hao`,`true`,`true`,,,,,,`spt_5G9t3JO9fH1dh7LBZWyDJV`,`["Chan Hao"]`
`Dong Thien Duc`,`true`,`true`,,,,`https://i.scdn.co/image/ab67616d0000b27399dd943fe00c04be58f5b8f5`,,`spt_5wikAz1DIGjFOIJKjyoXi7`,`["Dong Thien Duc"]`
`Billy Nhut Minh`,`true`,`true`,,,,`https://i.scdn.co/image/ab6761610000e5eba524db6cd7e3b9ea28e23771`,,`spt_4rjywFkvsPrINJssIWwNre`,`["Billy Nhut Minh"]`
`TMG`,`true`,`true`,,,,`https://i.scdn.co/image/ab6761610000e5eb0d48341c8b145857019226b7`,,`spt_08zEVXLDijMcOTM5yfkTrh`,`["TMG"]`
`Alou MB`,`true`,`true`,,,,,,`spt_3klUeKGx9M0X1ko8k2zBc8`,`["Alou MB"]`
`Livaii`,`true`,`true`,,,,,,`spt_0RAiAYZ21SX1C2XHLaQy4f`,`["Livaii"]`
`8 Hertz`,`true`,`true`,,,,`https://i.scdn.co/image/ab67616d0000b2735c8b03446ec9022c8e67d781`,,`spt_6ONaCTXPiu3UCbiSnzeOfZ`,`["8 Hertz"]`
`Schelmanoff`,`true`,`true`,,,,`https://i.scdn.co/image/ab6761610000e5eb22bcca3f341965f08ebae6f3`,,`spt_4memqxOHy1qhDfb9ZFHLDO`,`["Schelmanoff"]`
`Midnight`,`true`,`true`,,,,`https://i.scdn.co/image/ab67616d0000b273bdd78c83be361e9cece43e6c`,,`spt_0JJyVtO6p4X9hvUjtufGF1`,`["Midnight"]`
`Milosh Xp`,`true`,`true`,,,,`https://i.scdn.co/image/ab67616d0000b27394eed0203b7bf5cdc7fab1e9`,,`spt_4VMkFUolX9z8cuCeFcttcT`,`["Milosh Xp"]`
`Ferdas Digital`,`true`,`true`,,,,`https://i.scdn.co/image/ab67616d0000b2731f29750d052e13b8e98b91d4`,,`spt_4Hz3SvtSC4kPjCUwty0r38`,`["Ferdas Digital"]`
`Dj Grajdanin`,`true`,`true`,,,,`https://i.scdn.co/image/ab67616d0000b27344e033522ea52cde40ccffaa`,,`spt_5HeKs5lce31iL5IIf3Eo1H`,`["Dj Grajdanin"]`
`Alex Mash`,`true`,`true`,,,,`https://i.scdn.co/image/ab67616d0000b273dabc242af2f4f750388424f2`,,`spt_7gLS2jcodHxI0BndABIRz0`,`["Alex Mash"]`
`To Be`,`true`,`true`,,,,,,`spt_7c4StBRpBRY5ETJTBAjvJ0`,`["To Be"]`
`Michael Clark`,`true`,`true`,,,,`https://i.scdn.co/image/ab67616d0000b2735e1b9be1c0eb8f9dbb4735b4`,,`spt_0ZhyHAyZUfFfIWXMfFbyVa`,`["Michael Clark"]`
`Shok Therapy`,`true`,`true`,,,,`https://i.scdn.co/image/ab67616d0000b27322e1ac79cd0a1adc1a45afdf`,,`spt_19ZfFr4SCQAQJsAE9qbOnb`,`["Shok Therapy"]`
`Roman Berezin`,`true`,`true`,,,,`https://i.scdn.co/image/ab67616d0000b273a41bb40c3a5ba2e4ed7d546a`,,`spt_11bUAzV7ij1UnzW9CvC7Gy`,`["Roman Berezin"]`
`Kanzman`,`true`,`true`,,,,`https://i.scdn.co/image/ab67616d0000b2739a05a38671a3ee9649fc2193`,,`spt_3QkisG0IBiRmnRxLM5Cvh5`,`["Kanzman"]`
`Yuriy Bondarchuk`,`true`,`true`,,,,`https://i.scdn.co/image/ab67616d0000b2733e9586db07884ab159ca1eb3`,,`spt_0WKHI9rty1fMQDnYFoXcQg`,`["Yuriy Bondarchuk"]`
`JayCamel`,`true`,`true`,,,,`https://i.scdn.co/image/ab6761610000e5eb190481f9826d9123912b14f4`,,`spt_5V4OARbSVJ2tWyReunaKy2`,`["JayCamel"]`
`Pavel Sheemano`,`true`,`true`,,,,`https://i.scdn.co/image/ab67616d0000b273baf024e5cbd8aae52cb09777`,,`spt_0bi45v2hOxlD1683YGgD8j`,`["Pavel Sheemano"]`
`Anton Virt`,`true`,`true`,,,,`https://i.scdn.co/image/ab67616d0000b273844b548b0ba65951e5d70989`,,`spt_2OdnLaprcYPLDNmijoVB1n`,`["Anton Virt"]`
`Fortune`,`true`,`true`,,,,`https://i.scdn.co/image/ab67616d0000b273cf5c4165030095535966751a`,,`spt_1yCZZdPePNemDyfQLFS5yH`,`["Fortune"]`
`Viktor Beltikov`,`true`,`true`,,,,`https://i.scdn.co/image/ab67616d0000b273cc67e2d0d8ee7b2e27d833e9`,,`spt_1jgbsRxl22UnsKc6hwIlJz`,`["Viktor Beltikov"]`
`Fleksi`,`true`,`true`,,,,`https://i.scdn.co/image/ab67616d0000b27319f0d0a5f46c432ec9b15653`,,`spt_0vylyiBloFZQBWqly9AguS`,`["Fleksi"]`
`Seventh Form`,`true`,`true`,,,,`https://i.scdn.co/image/ab67616d0000b273e2764ffc44b3646e97ef18f9`,,`spt_5CSS7e0SzLdXprSrjMwVaW`,`["Seventh Form"]`
`Ram Runner`,`true`,`true`,,,,`https://i.scdn.co/image/ab67616d0000b273bc36f6a9650f28709d0a598c`,,`spt_0OJM9GbiY2bd9p1tQLh2Fk`,`["Ram Runner"]`
`Nipe`,`true`,`true`,,,,`https://i.scdn.co/image/ab67616d0000b273a5fd0f621666bf9dd93e23fe`,,`spt_25NgY5HYKh9U2ifsDbVMCk`,`["Nipe"]`
`Tuấn Phạm`,`true`,`true`,,,,`https://i.scdn.co/image/ab6761610000e5eb6b7627d481d88d55591d4a74`,,`spt_3BwRvlcvsxIir8SoaTNH8q`,`["Tuấn Phạm"]`
`Lady Phương Thùy`,`true`,`true`,,,,`https://i.scdn.co/image/ab67616d0000b27339e1e2b81e0eddb92bf21a3b`,,`spt_2PFDPgsZV8UWwCcs9Z7Hxj`,`["Lady Phương Thùy"]`
`Cao Tùng Huy`,`true`,`true`,,,,,,`spt_1W9WKcWkLbaLDBYEmYzWrL`,`["Cao Tùng Huy"]`
`Gia Hy`,`true`,`true`,,,,`https://i.scdn.co/image/ab67616d0000b273e89679456fca6da19f0a453b`,,`spt_7oKU3Xabpdw7T1ptMlS1zN`,`["Gia Hy"]`
`Lý Hào Nam`,`true`,`true`,,,,`https://i.scdn.co/image/ab67616d0000b273659559cb40664bec7cdf3472`,,`spt_7acJlILzNJhqCCAR0Jyopa`,`["Lý Hào Nam"]`
`Sơn Ca`,`true`,`true`,,,,`https://i.scdn.co/image/ab67616d0000b273370b9361c3fb507bc076ff25`,,`spt_4GAXVGD4GV2fX8xVnSHgea`,`["Sơn Ca"]`
`Lâm Chấn Hải`,`true`,`true`,,,,`https://i.scdn.co/image/ab67616d0000b273720ac6714fb4b43e3b6e864f`,,`spt_760lZZ19wtEK54xCt2InaB`,`["Lâm Chấn Hải"]`
`Ân Khải Minh`,`true`,`true`,,,,`https://i.scdn.co/image/ab67616d0000b273f3322daa400bcd1364c0bd2b`,,`spt_3elx8tyYLDqOJXFxKX2zvk`,`["Ân Khải Minh"]`
`Aslan Duc`,`true`,`true`,,,,`https://i.scdn.co/image/ab67616d0000b27354ae0c556c8315de1fef7340`,,`spt_7ymc8G983cb1Hc4xA1PkEb`,`["Aslan Duc"]`
`Anh Quân Idol`,`true`,`true`,,,,`https://i.scdn.co/image/ab6761610000e5eb7baa96d11dc674173287f3e2`,,`spt_0jF7Zlz8P5p74zcH7YwcMU`,`["Anh Quân Idol"]`
`NQP`,`true`,`true`,,,,`https://i.scdn.co/image/ab67616d0000b27309d8aa80fefa15ddd6451a76`,,`spt_0ZaycHvJKSc6XetSWKcqT4`,`["NQP"]`
`Minh Vy`,`true`,`true`,,,,`https://i.scdn.co/image/ab67616d0000b273d310a9de8bc7c4668472375e`,,`spt_5JmrFbTcox9BILJmMEDFUX`,`["Minh Vy"]`
`Dan Thuy`,`true`,`true`,,,,,,`spt_36N0m0OOhk2hDGWcqzLSoY`,`["Dan Thuy"]`
`Chương Đan`,`true`,`true`,,,,`https://i.scdn.co/image/ab67616d0000b273988249d002a2545ad4d77bb4`,,`spt_2mTuo5PebGV9hoKI5PSnxK`,`["Chương Đan"]`
`KIO Band`,`true`,`true`,,,,`https://i.scdn.co/image/ab67616d0000b273988249d002a2545ad4d77bb4`,,`spt_72O9Q7L7Yn7auDQGhV21qE`,`["KIO Band"]`
`Mr M`,`true`,`true`,,,,`https://i.scdn.co/image/ab67616d0000b273b7b20a28fc6ba4e4d7ffc3fe`,,`spt_4KjooGANyUmF8PjLxCZvoO`,`["Mr M"]`
`ANDY`,`true`,`true`,,,,`https://i.scdn.co/image/ab67616d0000b27365322025fcf1b2725b2cf7d0`,,`spt_5DmHUpq4sQTgzCR8czrmUf`,`["ANDY"]`
`Châu Khải Phongg ft Vương Bảo Nam`,`true`,`true`,,,,,,`spt_0jd3PyaUt40pxoVxYzhdsW`,`["Châu Khải Phongg ft Vương Bảo Nam"]`
`Vương Bảo Nam`,`true`,`true`,,,,`https://i.scdn.co/image/ab67616d0000b2737f379ee0487aeae610220201`,,`spt_0d2NaS7QWbLQZfmwRwwIwI`,`["Vương Bảo Nam"]`
`Nguyên Khôi`,`true`,`true`,,,,`https://i.scdn.co/image/ab67616d0000b273a55102abbf551302f5ed7d8d`,,`spt_2eZQrtOSuRxSB4mQP5WUM3`,`["Nguyên Khôi"]`
`Ngân Ngân`,`true`,`true`,,,,`https://i.scdn.co/image/ab67616d0000b27305124cad10d725e22cefde24`,,`spt_2izEAv3IwzOiqLlPT0OZeF`,`["Ngân Ngân"]`
`Bee Diijam`,`true`,`true`,,,,`https://i.scdn.co/image/ab67616d0000b273dbab4ca13823841988796e85`,,`spt_4gk7vC5qYGkBMF1dNWti3h`,`["Bee Diijam"]`
`Hoàng Khải Diijam`,`true`,`true`,,,,`https://i.scdn.co/image/ab67616d0000b273e7ed65f0755e4eb4ff4c6033`,,`spt_5UNvnj5o2bagPr81RsK55B`,`["Hoàng Khải Diijam"]`
`Future Diijam`,`true`,`true`,,,,`https://i.scdn.co/image/ab67616d0000b273c8504f8225db5c56e3da2f53`,,`spt_69yrd6fGpEKZtaCqkojr4Z`,`["Future Diijam"]`
`Anh Thi`,`true`,`true`,,,,`https://i.scdn.co/image/ab67616d0000b2733bb27de3c363296dade0904a`,,`spt_6Gn3fI9xLzFs2Bn2xhbRNy`,`["Anh Thi"]`
`The Masked Singer`,`true`,`true`,,,,`https://i.scdn.co/image/ab6761610000e5eb7438c02cbeee407d99b4db43`,,`spt_1dwfi5uS5pfQMhAic73Q7L`,`["The Masked Singer"]`
`Tê Giác Ngộ Nghĩnh`,`true`,`true`,,,,`https://i.scdn.co/image/ab67616d0000b2731b1b7fa8bcbc93bb22578a23`,,`spt_26b05GdGMubV82s5kSrhn0`,`["Tê Giác Ngộ Nghĩnh"]`
`Kiwi Ngo Mai Trang`,`true`,`true`,,,,`https://i.scdn.co/image/ab67616d0000b273e60207d161cbf4f47962796a`,,`spt_6gD9ykvF8IWPWLVZm5EwGS`,`["Kiwi Ngo Mai Trang"]`
`Cao Phuong Thuy`,`true`,`true`,,,,,,`spt_0KdDmbxo20VKVh6ArAvWu7`,`["Cao Phuong Thuy"]`
`Quach An An`,`true`,`true`,,,,`https://i.scdn.co/image/ab67616d0000b27369f2d7098c6c888696ab3951`,,`spt_3VsRjqLdC1heOJv4olGVE4`,`["Quach An An"]`
`Nguyễn Hồng Nhung`,`true`,`true`,,,,`https://i.scdn.co/image/ab67616d0000b2738483041af206c08c4e85daf2`,,`spt_6E2yG0gZpABtPZcZwqHkgq`,`["Nguyễn Hồng Nhung"]`
`Đức Thịnh`,`true`,`true`,,,,`https://i.scdn.co/image/ab67616d0000b273842227ad67ffc9b2bc6aed68`,,`spt_0nx9rzdH1er7m8SqCTFdnc`,`["Đức Thịnh"]`
`Thu Dung`,`true`,`true`,,,,,,`spt_4Z10E5kwAAr252eVjUkcjF`,`["Thu Dung"]`
`Hoai Linh`,`true`,`true`,,,,,,`spt_4QUbwuGTN96mI19Veq50aB`,`["Hoai Linh"]`
`DJ Nemo`,`true`,`true`,,,,`https://i.scdn.co/image/ab67616d0000b273b3655d51448721965f9ca854`,,`spt_53MjtuAA3crJcrxl65Kai8`,`["DJ Nemo"]`
`DJ Hiếu Phan`,`true`,`true`,,,,`https://i.scdn.co/image/ab67616d0000b2739ae6c3f09fcd7d2a11370301`,,`spt_7xbAqcIrmn1x4SxNJUszP1`,`["DJ Hiếu Phan"]`
`DJ Teejay`,`true`,`true`,,,,`https://i.scdn.co/image/ab6761610000e5eb09ef200c7257a03f365b7c45`,,`spt_32JOZMkMH6P2Ptn5Tn5Q4h`,`["DJ Teejay"]`
`Giang Ngoc`,`true`,`true`,,,,,,`spt_0WnZC3mGQXXxoUDqe82hw4`,`["Giang Ngoc"]`
`Khang Le`,`true`,`true`,,,,`https://i.scdn.co/image/ab67616d0000b27330bd78dca8c2a134d58b9a70`,,`spt_3tME7AlFfQ7uoRqh7x0quU`,`["Khang Le"]`
`Cao Sỹ Hùng`,`true`,`true`,,,,`https://i.scdn.co/image/ab67616d0000b273d43d3ad7d0edd434d2dc71c7`,,`spt_4VHo5HFuV9QOiktZ6hNwFQ`,`["Cao Sỹ Hùng"]`
`Kim Tieu Long`,`true`,`true`,,,,`https://i.scdn.co/image/ab67616d0000b2736dd93fc86baca17e3998ffbf`,,`spt_4zhWjVGbGvHsjuqGBE0Acd`,`["Kim Tieu Long"]`
`Lưu Chí Vỹ`,`true`,`true`,,,,`https://i.scdn.co/image/ab67616d0000b27349be4aa660e2cbb92965cab6`,,`spt_4Cshc48qUDcOC3r5D9n16f`,`["Lưu Chí Vỹ"]`
`Chuyện Tình Saka`,`true`,`true`,,,,,,`spt_2PTv1J2aKsrbWgn25dpmMW`,`["Chuyện Tình Saka"]`
`Hung Thanh`,`true`,`true`,,,,`https://i.scdn.co/image/ab67616d0000b2730c8dac616815adb70e8e7a1d`,,`spt_1BxDzP2ugDFi6YIpNFEqMQ`,`["Hung Thanh"]`
`DJ Khang`,`true`,`true`,,,,,,`spt_2HbYa6Ko0OYAuGYQ389JWc`,`["DJ Khang"]`
`Thăng Bình`,`true`,`true`,,,,,,`spt_5YAOMtGjM0qPdi4DaPr4Mo`,`["Thăng Bình"]`
`Dj Nany`,`true`,`true`,,,,`https://i.scdn.co/image/ab67616d0000b273b5ec756a7e0f28315c36f70f`,,`spt_2h3ARWhxFafYNrIZI5Rf7W`,`["Dj Nany"]`
`Dj Daniel Mastro`,`true`,`true`,,,,,,`spt_54fqa4HcvJ0wpXnuZaRoPt`,`["Dj Daniel Mastro"]`
`Dj Minh Toàn`,`true`,`true`,,,,,,`spt_0CKxZcuZSwGPReRQ8PlaAT`,`["Dj Minh Toàn"]`
`Nhiều ca sỹ`,`true`,`true`,,,,`https://i.scdn.co/image/ab67616d0000b273f8298506801d5f773d977df7`,,`spt_6bmzPvAQlS6XT4qpev4dBS`,`["Nhiều ca sỹ"]`
`Quách Thành Danh`,`true`,`true`,,,,`https://i.scdn.co/image/ab67616d0000b273542939dcf0caf1c6fab8b3eb`,,`spt_21PjoYbQZ8sOoCkt7EMYbN`,`["Quách Thành Danh"]`
`Dương Hồng Loan`,`true`,`true`,,,,`https://i.scdn.co/image/ab67616d0000b2735f6159d0b4174bd52c2a4cbe`,,`spt_0HCHCbu99MF7kfRudGZceI`,`["Dương Hồng Loan"]`
`Lưu Ngọc Hà`,`true`,`true`,,,,,,`spt_4k5f2nVLoxuLsutTE0x3ad`,`["Lưu Ngọc Hà"]`
`Vi Nhạn Ngọc`,`true`,`true`,,,,,,`spt_1hdCPcImjPPPeKffgvm1Od`,`["Vi Nhạn Ngọc"]`
`Kaze`,`true`,`true`,,,,`https://i.scdn.co/image/ab67616d0000b2738c9fb3beec1994b9cfa3ff4a`,,`spt_29HAiuUHRA9SaGXMA2M0tw`,`["Kaze"]`
`Vy Thúy Vân`,`true`,`true`,,,,`https://i.scdn.co/image/ab67616d0000b2735438824f64eaa14e5c7b9e69`,,`spt_77R0rftLzloqxG6FX7fr5i`,`["Vy Thúy Vân"]`
`Cao My Kim`,`true`,`true`,,,,,,`spt_794CWK8Wmv2KCqNiO8HDgo`,`["Cao My Kim"]`
`Minh Hang`,`true`,`true`,,,,`https://i.scdn.co/image/ab6761610000e5eb79870ce63a4f1ba0a995d39d`,,`spt_0K7K6pYpNBSlzeDx9vPVMB`,`["Minh Hang"]`
`Châu Ngọc Linh`,`true`,`true`,,,,`https://i.scdn.co/image/ab67616d0000b2734f55c0a57e8bfd27d52a7cdc`,,`spt_6nFC7HWZf41xoVsHUp1pVX`,`["Châu Ngọc Linh"]`
`Tim`,`true`,`true`,,,,`https://i.scdn.co/image/ab67616d0000b27326f47d7f8c2f18e587c74a89`,,`spt_6HK9w5KPZBLf2zeJEW9WNs`,`["Tim"]`
`Luu Ngoc Ha`,`true`,`true`,,,,,,`spt_7D7SSHrpoVGIfVLhC7s8HW`,`["Luu Ngoc Ha"]`
`Quang Hieu`,`true`,`true`,,,,`https://i.scdn.co/image/ab67616d0000b2733b510f12609953349072aeca`,,`spt_6isfVCqsgZkD599i7RNX1h`,`["Quang Hieu"]`
`An Khai Minh`,`true`,`true`,,,,,,`spt_0sKikNxnf13MjUzthwwFJN`,`["An Khai Minh"]`
`Lam Cuong`,`true`,`true`,,,,,,`spt_5WgxUxXnZgik88AR3QXnlE`,`["Lam Cuong"]`
`Son Ca`,`true`,`true`,,,,`https://i.scdn.co/image/ab67616d0000b2731bf89f233e62e8abc123c05e`,,`spt_3V1ZkAN6V4AW0uygJjze7L`,`["Son Ca"]`
`DJ Trương Fly`,`true`,`true`,,,,,,`spt_0FWBmWOlr5b98pIStEaHWR`,`["DJ Trương Fly"]`
`Nam Con`,`true`,`true`,,,,`https://i.scdn.co/image/ab6761610000e5ebd75e1dc459ca439294f7bc5c`,,`spt_3h8Yh3GUF3Slpm7tb1Euk6`,`["Nam Con"]`
`KeeBin`,`true`,`true`,,,,`https://i.scdn.co/image/ab67616d0000b27386b702ec817ce2dc5c08df8a`,,`spt_4U7jzUdBUTYTQXkXi2JmOJ`,`["KeeBin"]`
`Dương Hoàng Vũ`,`true`,`true`,,,,`https://i.scdn.co/image/ab67616d0000b2737f6f66fd405d11c69509ce65`,,`spt_63Ch2BNz0AvIcAObvAoWhk`,`["Dương Hoàng Vũ"]`
`Nhật Tinh Anh`,`true`,`true`,,,,`https://i.scdn.co/image/ab67616d0000b2733e493a9690048446919add34`,,`spt_0rYZrxskLa6Oac5l8Z3qP1`,`["Nhật Tinh Anh"]`
`Tin Tin`,`true`,`true`,,,,,,`spt_34FZG77QTpbtHyUO8T9BeL`,`["Tin Tin"]`
`Nguyễn Bảo Nam`,`true`,`true`,,,,`https://i.scdn.co/image/ab67616d0000b27307bcd6ecfb4e00567a423cc7`,,`spt_4Ysym9QfVg4S1OvkOuQ51Y`,`["Nguyễn Bảo Nam"]`
`Dương Bửu Trung`,`true`,`true`,,,,`https://i.scdn.co/image/ab67616d0000b273afefcf51b0545f2a5490b2ca`,,`spt_79OXsqyO0oJnw1GPocEHvy`,`["Dương Bửu Trung"]`
`Nghi Văn`,`true`,`true`,,,,`https://i.scdn.co/image/ab67616d0000b273109284a88d536d8b101b5915`,,`spt_09d9dJasHC4cvq4GH6CRng`,`["Nghi Văn"]`
`Tô Tài Năng`,`true`,`true`,,,,`https://i.scdn.co/image/ab67616d0000b2730a2b8e49a4eb3a02d9d3746c`,,`spt_78V8ayqVfPqQ0WqaJQo1LX`,`["Tô Tài Năng"]`
`Vân Quang Long`,`true`,`true`,,,,`https://i.scdn.co/image/ab67616d0000b2739a9194950046b05fd2d5d255`,,`spt_0jFz5Fa0pFuiTZsvJXBMVI`,`["Vân Quang Long"]`
`Đại Nghĩa`,`true`,`true`,,,,`https://i.scdn.co/image/ab67616d0000b27399c072dd94dbd27c56aebb8f`,,`spt_4CtcO7TpNVvW7p1A7HJf8d`,`["Đại Nghĩa"]`
`Ngọc Sơn`,`true`,`true`,,,,`https://i.scdn.co/image/ab67616d0000b273ea0536c26141cf587081f4d0`,,`spt_4HmgBcUQQrxZ9UgzoBW7RJ`,`["Ngọc Sơn"]`
`Tam Ca 3A`,`true`,`true`,,,,`https://i.scdn.co/image/ab67616d0000b2733a1a60ffe5bf56978e9fcf3d`,,`spt_1cGjREITZbw0tV4zKjs2W7`,`["Tam Ca 3A"]`
`Nhóm Honey`,`true`,`true`,,,,,,`spt_39kt24nnm6imI3HcsDF76P`,`["Nhóm Honey"]`
`Hà Mi`,`true`,`true`,,,,`https://i.scdn.co/image/ab67616d0000b273b01f55c8115ed00df644c4cd`,,`spt_4oImejKWEM8vHV8FZg8Ssh`,`["Hà Mi"]`
`Lena`,`true`,`true`,,,,,,`spt_0IroG7VZH879hwkITvNGYm`,`["Lena"]`
`Bích Thảo`,`true`,`true`,,,,`https://i.scdn.co/image/ab67616d0000b27331e2c80b8e1cd9c10c89331c`,,`spt_57yXpnbQzcKBM9M12DdE2p`,`["Bích Thảo"]`
`Mạc Văn Khoa`,`true`,`true`,,,,,,`spt_0Jf0WcT1jjanN3VxkqVjMF`,`["Mạc Văn Khoa"]`
`Trương Ngọc Ánh`,`true`,`true`,,,,`https://i.scdn.co/image/ab67616d0000b273966a98e47df1693344899852`,,`spt_2c0lSQCJjxzVdWK9d2EB59`,`["Trương Ngọc Ánh"]`
`Giáng Ngọc`,`true`,`true`,,,,`https://i.scdn.co/image/ab67616d0000b273f79c280ea36920cfe604b824`,,`spt_2rIrPHBCdNVXjD1wZZYnC4`,`["Giáng Ngọc"]`
`Helen Trần`,`true`,`true`,,,,`https://i.scdn.co/image/ab67616d0000b273e91875c016780954f73bbe3c`,,`spt_4T5PsjSrods2R87nDAiuND`,`["Helen Trần"]`
`Thúy Khanh`,`true`,`true`,,,,,,`spt_5puKKtZ8tVBlL2xPOXsn16`,`["Thúy Khanh"]`
`Gogo Dance`,`true`,`true`,,,,,,`spt_2bV654QKrLFVpDjGgsjzXT`,`["Gogo Dance"]`
`Tân Zui`,`true`,`true`,,,,,,`spt_3CdBXaB19QSGxmqTbFuTft`,`["Tân Zui"]`
`Long Hải`,`true`,`true`,,,,`https://i.scdn.co/image/ab6761610000e5eb2ffded1ab32c929ef348a888`,,`spt_4OBQImC7fVexYittJ70aJQ`,`["Long Hải"]`
`Kim Thoa`,`true`,`true`,,,,,,`spt_4dRsuKFFFkBQbsZxXW6x0v`,`["Kim Thoa"]`
`Quan Vịnh Hà`,`true`,`true`,,,,,,`spt_0DHS8lmd9lhJ7GUq4AkPkZ`,`["Quan Vịnh Hà"]`
`Tuyết Vân Hà`,`true`,`true`,,,,`https://i.scdn.co/image/ab67616d0000b2736b18133303056b672e2f3c62`,,`spt_1QiaMmg0riQqnrN37dLWSm`,`["Tuyết Vân Hà"]`
`Diệp Hoài Ngọc`,`true`,`true`,,,,`https://i.scdn.co/image/ab67616d0000b273173f273398a68128b25d5bc3`,,`spt_5hgRKy04ib8UZnO807OkKY`,`["Diệp Hoài Ngọc"]`
`Tịnh Hải`,`true`,`true`,,,,,,`spt_0MWW7aFdEZZWCR0hy8RpUo`,`["Tịnh Hải"]`
`TTV`,`true`,`true`,,,,`https://i.scdn.co/image/ab67616d0000b273f9341000c8c9e81d2ec8f8cb`,,`spt_7o2zc16GSLPIzAOnGKrahT`,`["TTV"]`
`Helen Tran`,`true`,`true`,,,,`https://i.scdn.co/image/ab67616d0000b27363b64c861c6cb48527922cc9`,,`spt_5PUKFohh3g0ysTGHrywcQB`,`["Helen Tran"]`
`DJ Version`,`true`,`true`,,,,,,`spt_7sKF8Piounj5zrXM6VXT0N`,`["DJ Version"]`
`Helen`,`true`,`true`,,,,,,`spt_69FTFetPTzzpFKdulKXZRc`,`["Helen"]`
`Tuyết Loan`,`true`,`true`,,,,`https://i.scdn.co/image/ab67616d0000b273495077d57cd4deffd1f483f8`,,`spt_54Cv3R5zQCFpxKAsXqy88d`,`["Tuyết Loan"]`
`Tùng Sax`,`true`,`true`,,,,`https://i.scdn.co/image/ab67616d0000b2739b03a05743e3e4bfd5903f5d`,,`spt_5OXWM8d9qH5IQspyEJ35at`,`["Tùng Sax"]`
`Sỹ Tuệ`,`true`,`true`,,,,`https://i.scdn.co/image/ab6761610000e5eb57286144701ec43413682d09`,,`spt_3ZhtDtZd7N4B3NlCPUQVpR`,`["Sỹ Tuệ"]`
`Okio`,`true`,`true`,,,,,,`spt_1XsGRUr7LLUoRF9DPXifob`,`["Okio"]`
`Trần Tâm`,`true`,`true`,,,,`https://i.scdn.co/image/ab67616d0000b273cbf08e2362527ff8dc22b413`,,`spt_427gPvM25cU3pNWWKg72Nk`,`["Trần Tâm"]`
`Ngô Thanh Vân`,`true`,`true`,,,,`https://i.scdn.co/image/ab67616d0000b2730993185e9f8ecd2c951d7160`,,`spt_12zOrF01Ltp4Qh1aoPamos`,`["Ngô Thanh Vân"]`
`Ngo Thanh Van`,`true`,`true`,,,,,,`spt_4jEYEdPHhifwXyieNY7Tg2`,`["Ngo Thanh Van"]`
`Viet Thanh`,`true`,`true`,,,,`https://i.scdn.co/image/ab67616d0000b273f3852bdb43ef2559623cd3d8`,,`spt_6h04t1IWVHg96w6ZCVV1SW`,`["Viet Thanh"]`
`Bé Bảo An`,`true`,`true`,,,,`https://i.scdn.co/image/ab67616d0000b2739dd6876131ed89a6503e6dac`,,`spt_04NHbQtdYzN8z55gBFld6a`,`["Bé Bảo An"]`
`Kan Hee`,`true`,`true`,,,,,,`spt_0airV7PqKxNJi1h0AMWEJj`,`["Kan Hee"]`
`Nabila fixy`,`true`,`true`,,,,`https://i.scdn.co/image/ab6761610000e5ebe73d49cbc80bc2060ef77714`,,`spt_2KN5yjtgWrwUNAzHCxdZbe`,`["Nabila fixy"]`
`Anh Bang`,`true`,`true`,,,,`https://i.scdn.co/image/ab67616d0000b273fa9144f81a21ee83b5d186e9`,,`spt_5dk1ufuPMsjnVYPOpPpJKT`,`["Anh Bang"]`
`Phung Thanh`,`true`,`true`,,,,,,`spt_6mvWg4ENLxLCv03zB2kMLh`,`["Phung Thanh"]`
`Tú Quyên`,`true`,`true`,,,,`https://i.scdn.co/image/ab67616d0000b273cc600c40e06e9d6761c48dd3`,,`spt_2gScaMRuLR5xEN8x3h0Pq3`,`["Tú Quyên"]`
`Phương Thùy`,`true`,`true`,,,,`https://i.scdn.co/image/ab67616d0000b273937934aed0d2e3ecdb882649`,,`spt_4apZlWGGA1dF1xiOGCbFKJ`,`["Phương Thùy"]`
`SOBE`,`true`,`true`,,,,`https://i.scdn.co/image/ab6761610000e5ebe1ce646e517ce6969fa3f3a0`,,`spt_5T4IWkR0vFyMKGJQaZGHnI`,`["SOBE"]`
`Đoàn Minh Vũ`,`true`,`true`,,,,`https://i.scdn.co/image/ab67616d0000b27370d212de8eedfc054e1ad05b`,,`spt_77VlWOeQSeqUgCWIWpVci2`,`["Đoàn Minh Vũ"]`
`2B`,`true`,`true`,,,,`https://i.scdn.co/image/ab67616d0000b2730c63287e761582b171153d20`,,`spt_7B6CZC5KPxMr6raCoSjoqv`,`["2B"]`
`Vuong Khang`,`true`,`true`,,,,,,`spt_1B3SNDqx1ZRtfMFtQtokLk`,`["Vuong Khang"]`
`Thoại Mỹ`,`true`,`true`,,,,`https://i.scdn.co/image/ab67616d0000b2739085e378112d306ae8bc544c`,,`spt_6aZes7BZyrf2ncwAmdqm7N`,`["Thoại Mỹ"]`
`Reker`,`true`,`true`,,,,,,`spt_0JPGcbX7ptn0eyH7hEzvvO`,`["Reker"]`
`Trần Ngọc Khanh`,`true`,`true`,,,,,,`spt_0vCqhbhWtTrXfMvASGjYg8`,`["Trần Ngọc Khanh"]`
`Mai Fin`,`true`,`true`,,,,`https://i.scdn.co/image/ab6761610000e5eb4971bdac973262a70c463f7f`,,`spt_2bzIk7Mmd9iYM1MzJbDqUm`,`["Mai Fin"]`
`Diễm Hương`,`true`,`true`,,,,`https://i.scdn.co/image/ab67616d0000b2738975465641fb3f73ce6f1af9`,,`spt_77FBz1iopK9LlJg6kQMu7j`,`["Diễm Hương"]`
`Ngọc Diễm`,`true`,`true`,,,,,,`spt_5tolsRKR3lGeNE6yz7UsPE`,`["Ngọc Diễm"]`
`Phượng Mai`,`true`,`true`,,,,`https://i.scdn.co/image/ab67616d0000b27317e38b8539a445d621424deb`,,`spt_2Jt8gyQdLTNWbGXBQCeFNX`,`["Phượng Mai"]`
`Baggio`,`true`,`true`,,,,`https://i.scdn.co/image/ab67616d0000b27314053b8bf49852b434620d6b`,,`spt_3RrXTa9sG9HGDDTeabLbvz`,`["Baggio"]`
`Harry Lu`,`true`,`true`,,,,,,`spt_1fKrwk42FDXCxtVngPT7N1`,`["Harry Lu"]`
`Diễm My 9x`,`true`,`true`,,,,,,`spt_40DEJHpx3ETNjIJUcHywhP`,`["Diễm My 9x"]`
`Vyoanh`,`true`,`true`,,,,,,`spt_1lx3rfIbVwYEfaDX7mWnol`,`["Vyoanh"]`
`Thành & phố buồn`,`true`,`true`,,,,,,`spt_0sS5442wYntS0FqlgWdctw`,`["Thành & phố buồn"]`
`Dương Đình Trí Thanh`,`true`,`true`,,,,,,`spt_0QIOdp2fXGsfg8FaKEcdY2`,`["Dương Đình Trí Thanh"]`
`Như Quỳnh`,`true`,`true`,,,,`https://i.scdn.co/image/ab6761610000e5eb0fe6f7cf33f1547f41b61874`,,`spt_5TIZ9p5TSviYl96ladXXFw`,`["Như Quỳnh"]`
`Ngân Khánh`,`true`,`true`,,,,`https://i.scdn.co/image/ab67616d0000b273bc8c006871dbc14c1ba64054`,,`spt_6Q9fqOgwhFNVMHOwcfQl22`,`["Ngân Khánh"]`
`Nhóm Hài Minh Béo`,`true`,`true`,,,,,,`spt_1NqNlk7fNR8ZwsvQtXY9MA`,`["Nhóm Hài Minh Béo"]`
`Vương Khan`,`true`,`true`,,,,,,`spt_3czQSs40LTfs3nVf0ftc4S`,`["Vương Khan"]`
`Hoàng Thiên Long`,`true`,`true`,,,,`https://i.scdn.co/image/ab67616d0000b273d449466caca02a040aa2aa64`,,`spt_6a8RvCTWIFE4xORjvdWbFF`,`["Hoàng Thiên Long"]`
`Larria`,`true`,`true`,,,,,,`spt_21ew62sNAbFDTkxuragJit`,`["Larria"]`
`Thảo My`,`true`,`true`,,,,`https://i.scdn.co/image/ab67616d0000b273ecf247d7a7068d58cca86b11`,,`spt_122CA4hgSMghYEkxrVOVA5`,`["Thảo My"]`
`Hoàng Mai`,`true`,`true`,,,,`https://i.scdn.co/image/ab6761610000e5eb14cb1386d20d501e65de6362`,,`spt_42NyKc5Q2Qhcod9HLa880T`,`["Hoàng Mai"]`
`Nguyễn Công Thành`,`true`,`true`,,,,`https://i.scdn.co/image/ab6761610000e5eb9dffff4c1d0784fd0b9d3deb`,,`spt_21umvXCTdzhGdbEiBb6Kpa`,`["Nguyễn Công Thành"]`
`Quốc Cường`,`true`,`true`,,,,`https://i.scdn.co/image/ab67616d0000b273164efb4a0988a73b9528e20b`,,`spt_56nVNxJ6BdzIXIldYSb36P`,`["Quốc Cường"]`
`Khanh Dũng`,`true`,`true`,,,,,,`spt_2PjkpFlaEkdGadbIhBzWAl`,`["Khanh Dũng"]`
`Hà Hải`,`true`,`true`,,,,,,`spt_67KnESfwuSpHsKmmL5RKzn`,`["Hà Hải"]`
`Nguyễn Đức Toàn`,`true`,`true`,,,,,,`spt_7p7VSp1birbAw4eAXVD3r2`,`["Nguyễn Đức Toàn"]`
`Phùng Sửu`,`true`,`true`,,,,,,`spt_4TtrZEzGR9sQGIU5FT1WiC`,`["Phùng Sửu"]`
`Trần Ngọc`,`true`,`true`,,,,,,`spt_08adsyoQkwImyHArHOnq6S`,`["Trần Ngọc"]`
`Minh Trang`,`true`,`true`,,,,`https://i.scdn.co/image/ab67616d0000b273429d0802cdf135ec9cd48e02`,,`spt_6WasoKpQ0fKRA4cTF8qj4n`,`["Minh Trang"]`
`Mộng Lân`,`true`,`true`,,,,,,`spt_1vOvkWdNgikxeDe9fmFRpe`,`["Mộng Lân"]`
`Hoàng Lan`,`true`,`true`,,,,`https://i.scdn.co/image/ab67616d0000b27309ff62c734c0f0e3b3e2fa24`,,`spt_2vYLMMFLgntYHCxmLtPzHl`,`["Hoàng Lan"]`
`Viết Chung`,`true`,`true`,,,,,,`spt_64a7Mq7lPJnm6fGfxnUwgK`,`["Viết Chung"]`
`ALE LEAL`,`true`,`true`,,,,`https://i.scdn.co/image/ab6761610000e5eb0292691d4b4174fc0298b4c5`,,`spt_4dwaX3XNuFnX59DiPJTahS`,`["ALE LEAL"]`
`Algoritmos MX`,`true`,`true`,,,,`https://i.scdn.co/image/ab6761610000e5ebe73aa6597220c67039247c04`,,`spt_75mm8Nn9D5UTEf0O9gwlqe`,`["Algoritmos MX"]`
`Young Draco`,`true`,`true`,,,,`https://i.scdn.co/image/ab6761610000e5eb1954b39642ad15f627413ede`,,`spt_601J3nke3wUjbOx0hWY9uA`,`["Young Draco"]`
`Duy Mạnh`,`true`,`true`,,,,`https://i.scdn.co/image/ab6761610000e5eb10ff43edf564cdee82eabb80`,,`spt_0MDeZ8vIkpFX3QkvY0el6B`,`["Duy Mạnh"]`
`nae & de'lay`,`true`,`true`,,,,`https://i.scdn.co/image/ab6761610000e5eb298bd8c02b8eb5dc850d21fa`,,`spt_1bweJ8ReP08akfsoW8jiP9`,`["nae & de'lay"]`
`BEGINS`,`true`,`true`,,,,`https://i.scdn.co/image/ab67616d0000b2735660e4506573aec3bf2db878`,,`spt_3s4naWJMdSQmVTgb0ejRfH`,`["BEGINS"]`
`KADO.`,`true`,`true`,,,,`https://i.scdn.co/image/ab6761610000e5ebc09a620e770644524eb1fed7`,,`spt_3yJJKoIlf2LfUPdyv2YzQa`,`["KADO."]`
`Chí Tâm`,`true`,`true`,,,,`https://i.scdn.co/image/ab67616d0000b273d01bbddb50553661413a1790`,,`spt_57o88gYRJnvgsHOOCgdqVH`,`["Chí Tâm"]`
`Hoang Rapper`,`true`,`true`,,,,`https://i.scdn.co/image/ab6761610000e5ebcdebcd11f112453032ea90ac`,,`spt_3jbVXHysvUUEctMAS47Q1R`,`["Hoang Rapper"]`
`Che Dinh Cuong`,`true`,`true`,,,,,,`spt_07BK7hszkkqVVKXbshZ3hN`,`["Che Dinh Cuong"]`
`Duong Hieu Nghia`,`true`,`true`,,,,`https://i.scdn.co/image/ab67616d0000b27378e4ba32031de7b852803a6d`,,`spt_3OM7sn17iZNXvGPtvybzYk`,`["Duong Hieu Nghia"]`
`Bao Linh`,`true`,`true`,,,,,,`spt_1reutWqQkEcEyeibUx840B`,`["Bao Linh"]`
`Duy Anh`,`true`,`true`,,,,,,`spt_4BuzrduZh48JlU65nuTNAl`,`["Duy Anh"]`
`Mr Bo`,`true`,`true`,,,,`https://i.scdn.co/image/ab67616d0000b2734c515b635ba1dddca90ec337`,,`spt_2qjh5AAG8pmPIEpmOaqU03`,`["Mr Bo"]`
`LASONAS TEAM REMIX`,`true`,`true`,,,,`https://i.scdn.co/image/ab67616d0000b27324bf3aadabdf9895e7a81f13`,,`spt_2eGEuzAO3vHMeLjgD1qXl3`,`["LASONAS TEAM REMIX"]`
`PI 9`,`true`,`true`,,,,`https://i.scdn.co/image/ab67616d0000b27335069078919edd82d947520b`,,`spt_45Ztp3oVHu7XtVedCNfMqc`,`["PI 9"]`
`2PM REMIX`,`true`,`true`,,,,`https://i.scdn.co/image/ab67616d0000b27335069078919edd82d947520b`,,`spt_6aqxNA8T8lGGSK7tSYxa5v`,`["2PM REMIX"]`
`Hiron`,`true`,`true`,,,,`https://i.scdn.co/image/ab67616d0000b273351b259103c844b398ec4125`,,`spt_2GvszuSedCjvetkVNkv2Og`,`["Hiron"]`
`Cừu Bông`,`true`,`true`,,,,`https://i.scdn.co/image/ab67616d0000b273112a61d7e6fcffc52ed05d7d`,,`spt_7Bs3lV6vY7QYI6Ed0RkSWs`,`["Cừu Bông"]`
`Exclusive Music`,`true`,`true`,,,,`https://i.scdn.co/image/ab6761610000e5eb379d8af97335673fadb4a7e3`,,`spt_5AVxfSsSDm8zKAvxRvadEQ`,`["Exclusive Music"]`
`Lê Chí Trung`,`true`,`true`,,,,`https://i.scdn.co/image/ab67616d0000b273f9341000c8c9e81d2ec8f8cb`,,`spt_4AlGM5tqrgv15j74Ww6Gqo`,`["Lê Chí Trung"]`
`Jombie`,`true`,`true`,,,,`https://i.scdn.co/image/ab6761610000e5ebed92e182acb6fd69d6e8447b`,,`spt_4P5sYDkznyMel8jtD0CgE4`,`["Jombie"]`
`YuniBoo`,`true`,`true`,,,,`https://i.scdn.co/image/ab67616d0000b2737a71a253cf4f5ff3081ef806`,,`spt_40fkZvp3I797kwOQKYgva0`,`["YuniBoo"]`
`MOI DJ`,`true`,`true`,,,,`https://i.scdn.co/image/ab67616d0000b273427de1ea5d1a7b71e11d7408`,,`spt_2QC5I24bUgDYGTlEXxFa9c`,`["MOI DJ"]`
`Cau Lac Bo Xa Hoi Thang Long`,`true`,`true`,,,,,,`spt_1HzRXJ9x7hEcrHLlxKP1BU`,`["Cau Lac Bo Xa Hoi Thang Long"]`
`Abyxx`,`true`,`true`,,,,`https://i.scdn.co/image/ab6761610000e5ebe5aeaf1af5ed5ee558176252`,,`spt_2RD35qqVWr8hDzm7OreWGB`,`["Abyxx"]`
`BỤNG MỠ`,`true`,`true`,,,,`https://i.scdn.co/image/ab6761610000e5eb7b02742f051952d84e9905a5`,,`spt_5i6UeU7TcmXFqpMaQxWbwE`,`["BỤNG MỠ"]`
`Thoai 004`,`true`,`true`,,,,,,`spt_0ZfrFFXkUg7oh049bdxZWD`,`["Thoai 004"]`
`DJ Mr. Feel`,`true`,`true`,,,,`https://i.scdn.co/image/ab67616d0000b2739000ba579457403a47c5ae7e`,,`spt_0pAMYkwJt5QiVVeHt0sIfL`,`["DJ Mr. Feel"]`
`Song Luân`,`true`,`true`,,,,`https://i.scdn.co/image/ab6761610000e5ebf20cc7a3b3c4eefc8eeb0582`,,`spt_0iqum9KAHh3LkgDhuqvTxM`,`["Song Luân"]`
`Tiểu Phượng Hoàng`,`true`,`true`,,,,,,`spt_0WThzz2osVMhMZtRlhJPzs`,`["Tiểu Phượng Hoàng"]`
`O Súng`,`true`,`true`,,,,,,`spt_4jNUfUFYLzq9AFpUG1plVg`,`["O Súng"]`
`Nàng Mây`,`true`,`true`,,,,,,`spt_2WhAtkUPLNh1vVBIGxsCVQ`,`["Nàng Mây"]`
`Oanh Tiny`,`true`,`true`,,,,`https://i.scdn.co/image/ab67616d0000b273702af532fc2631a0769441bc`,,`spt_0lFnyXUzOMJlUD2w6dsx7W`,`["Oanh Tiny"]`
`Đức Mạnh`,`true`,`true`,,,,`https://i.scdn.co/image/ab67616d0000b2731f8570f9f969616860be49ff`,,`spt_2Qn6ndlvEGBuW9C1UtktU4`,`["Đức Mạnh"]`
`Nhóm Sao Đêm`,`true`,`true`,,,,,,`spt_1hQNy5FmsTVMybJtPn2SNG`,`["Nhóm Sao Đêm"]`
`Mai Hậu`,`true`,`true`,,,,`https://i.scdn.co/image/ab67616d0000b2730b9574ed510b133e5d27df91`,,`spt_3FuwUaU2AmXahUuzcMgj9F`,`["Mai Hậu"]`
`Karaoke`,`true`,`true`,,,,`https://i.scdn.co/image/ab67616d0000b2739f2d7bfeeb143700adead2c0`,,`spt_0gpgFyhWaEIDxmQrPcRKMn`,`["Karaoke"]`
`Nhã Ca`,`true`,`true`,,,,`https://i.scdn.co/image/ab67616d0000b273a652fdd61142d45635c6ce25`,,`spt_1o07OHhTKZjpy6j0FbaCJU`,`["Nhã Ca"]`
`Vân Khánh`,`true`,`true`,,,,`https://i.scdn.co/image/ab67616d0000b27357d26ca32d32adfe76c4aba8`,,`spt_4mKrXOdIv4GATuKaCHspqz`,`["Vân Khánh"]`
`Pháo`,`true`,`true`,,,,,,`spt_3iE93PfiVEWK7WPeDk3wrs`,`["Pháo"]`
`Hoàng Thanh`,`true`,`true`,,,,`https://i.scdn.co/image/ab67616d0000b273a8b8170f97ac7145efadf8ee`,,`spt_3U2DzXeVWYtL5yjBOG6lmD`,`["Hoàng Thanh"]`
`Vũ Hà`,`true`,`true`,,,,`https://i.scdn.co/image/ab67616d0000b2730be3130f10e7610f5adf8f3d`,,`spt_074yy9lsM2jPxT89oh1fV2`,`["Vũ Hà"]`
`Gii`,`true`,`true`,,,,`https://i.scdn.co/image/ab6761610000e5eb19d7eae4a03ae3b36015df2b`,,`spt_4aGoaiBaKQP2n867EWgZNE`,`["Gii"]`
`Trio 666`,`true`,`true`,,,,`https://i.scdn.co/image/ab67616d0000b2738a4977990af05d7ee6c8f961`,,`spt_6WFdyyDfSv6BEXYRnb0VfX`,`["Trio 666"]`
`Tấn Trung`,`true`,`true`,,,,,,`spt_4E6yeOEvPLm5nl8gIieNm0`,`["Tấn Trung"]`
`MAC Junior`,`true`,`true`,,,,,,`spt_23iLsjXPhAm7A3WQpoqz9m`,`["MAC Junior"]`
`Đoàn Phi`,`true`,`true`,,,,`https://i.scdn.co/image/ab67616d0000b273efa7668c80af3fe474863ee2`,,`spt_1O3YoVoBTdoAmyvmnBn6OJ`,`["Đoàn Phi"]`
`Nhóm Mặt Trời Đêm`,`true`,`true`,,,,,,`spt_3akSgJpwBvfo94v2CkXP6H`,`["Nhóm Mặt Trời Đêm"]`
`Tốp nam nữ`,`true`,`true`,,,,,,`spt_4sETTV6jd3AnLGXM2HMeEd`,`["Tốp nam nữ"]`
`Hoàng Vinh`,`true`,`true`,,,,,,`spt_5Opyk83pGmuJl0O8vwdWI1`,`["Hoàng Vinh"]`
`Thu Giang`,`true`,`true`,,,,`https://i.scdn.co/image/ab67616d0000b2739a5358263abc7f2b9ee6a010`,,`spt_6cvRbbfhc0TfDhFfKX6GzQ`,`["Thu Giang"]`
`Minh Xù`,`true`,`true`,,,,`https://i.scdn.co/image/ab67616d0000b273189e3ca1a5df3ec7eefd9952`,,`spt_1UnRHwCGiQBIT3fQOI2MhB`,`["Minh Xù"]`
`PD7`,`true`,`true`,,,,`https://i.scdn.co/image/ab67616d0000b273822584e11d1c0545eae044ee`,,`spt_2GC6A45XYl2mvEPjTfFkYy`,`["PD7"]`
`Tuấn Dũng`,`true`,`true`,,,,`https://i.scdn.co/image/ab67616d0000b2733d7d705d4c91776e9d29d578`,,`spt_5J4gaIqQp0Y0CE8RqSVzDg`,`["Tuấn Dũng"]`
`Tonny Việt`,`true`,`true`,,,,`https://i.scdn.co/image/ab67616d0000b2733cc5548494bd0a32ba50023c`,,`spt_3k618mQqtmBlhmkHoW1SwN`,`["Tonny Việt"]`
`Hiron Remix`,`true`,`true`,,,,`https://i.scdn.co/image/ab67616d0000b2733cc5548494bd0a32ba50023c`,,`spt_2oqSCjisVUnyaSM6u0xoRk`,`["Hiron Remix"]`
`Lê Thanh Tâm`,`true`,`true`,,,,`https://i.scdn.co/image/ab67616d0000b273faa214370b8c8a4f7f8f2ec7`,,`spt_1CAcftmPlgW4kRxAUSUXpf`,`["Lê Thanh Tâm"]`
`Gold Mk`,`true`,`true`,,,,`https://i.scdn.co/image/ab67616d0000b2732fdec8228b7b9ae88e1d0529`,,`spt_2IW2xSk70wC39VTymlEULu`,`["Gold Mk"]`
`Bach Cong Khanh`,`true`,`true`,,,,`https://i.scdn.co/image/ab6761610000e5eb39952b6c643997db517052e9`,,`spt_6YcWGOsleUSDSY8CQu6gPf`,`["Bach Cong Khanh"]`
`Chí Tài`,`true`,`true`,,,,`https://i.scdn.co/image/ab67616d0000b2735340d2514f605b224c3bad81`,,`spt_6MjCZdKM6o5zsxkYAY0ymQ`,`["Chí Tài"]`
`Domi`,`true`,`true`,,,,`https://i.scdn.co/image/ab6761610000e5eb58a059996a27e3ea7a59bfcd`,,`spt_3ilRrV8bsWwSgbwApmbtnk`,`["Domi"]`
`Delena`,`true`,`true`,,,,`https://i.scdn.co/image/ab67616d0000b273a410779c964967d1021d7348`,,`spt_1vRoSEAC8qXdZbGhDZUrAe`,`["Delena"]`
`Mạnh Đình`,`true`,`true`,,,,`https://i.scdn.co/image/ab67616d0000b273ff16a31c603d3046da1cf4ce`,,`spt_3EwJyciUZbuZc8gZTKKdAM`,`["Mạnh Đình"]`
`Châu Tuấn`,`true`,`true`,,,,`https://i.scdn.co/image/ab67616d0000b2735af3bb9926fed59327878171`,,`spt_3ftv4oLtMTuHWRhFVDDg2T`,`["Châu Tuấn"]`
`Y Phụng`,`true`,`true`,,,,`https://i.scdn.co/image/ab67616d0000b2735cfcc7a39542297cd5247c67`,,`spt_3YTxbRy3EFa9Oahcd5BQnl`,`["Y Phụng"]`
`Phượng Vũ`,`true`,`true`,,,,,,`spt_4e6rPdiBlhxGeRV0IqfzlV`,`["Phượng Vũ"]`
`Chế Linh`,`true`,`true`,,,,`https://i.scdn.co/image/ab67616d0000b27317e38b8539a445d621424deb`,,`spt_1tTV7NZodR1nsNtMdAz5Qi`,`["Chế Linh"]`
`Lâm Nhật Tiến`,`true`,`true`,,,,`https://i.scdn.co/image/ab67616d0000b273de48cfd588ca786524bccf25`,,`spt_02rLqQfWp5cmZYBShP1Fu5`,`["Lâm Nhật Tiến"]`
`Lâm Thúy Vân`,`true`,`true`,,,,`https://i.scdn.co/image/ab67616d0000b2734f621b3803d4ea44a790d6e2`,,`spt_4VL1sTExExYI5pKxFhuxxD`,`["Lâm Thúy Vân"]`
`Ngọc Minh`,`true`,`true`,,,,`https://i.scdn.co/image/ab67616d0000b2734cdfd9adb67a73dd0a3952a9`,,`spt_1ntCsguH9wLbZZmYchWtls`,`["Ngọc Minh"]`
`Doanh Doanh`,`true`,`true`,,,,,,`spt_3Id39WQtKUBDXJwH242tgD`,`["Doanh Doanh"]`
`Thanh Lan`,`true`,`true`,,,,`https://i.scdn.co/image/ab67616d0000b2732e07db2bdddd1807f8f25aa6`,,`spt_6RYfTf1zDRu9rnOzo8QRJD`,`["Thanh Lan"]`
`Thanh Toàn`,`true`,`true`,,,,`https://i.scdn.co/image/ab67616d0000b2734e80a622856257885ab0ea24`,,`spt_2xXaWBmSoBWGebEL6cR3DR`,`["Thanh Toàn"]`
`Thanh Tuyền`,`true`,`true`,,,,`https://i.scdn.co/image/ab67616d0000b273625effc95c3ac8f5ab70e394`,,`spt_6nZLN4BFDgyIVX2xAUruED`,`["Thanh Tuyền"]`
`Philip Huy`,`true`,`true`,,,,`https://i.scdn.co/image/ab67616d0000b2736e2133d979a154a6b2edc74d`,,`spt_3YTT7P7kI5LqgX1EGjps1A`,`["Philip Huy"]`
`Ngọc Huyền`,`true`,`true`,,,,`https://i.scdn.co/image/ab67616d0000b273429f445e15a60e381b9bf120`,,`spt_7FFvhutDgvnJRBRSr8VEg9`,`["Ngọc Huyền"]`
`Nhật Trường`,`true`,`true`,,,,`https://i.scdn.co/image/ab67616d0000b27319bf0689ba99456c46a9b142`,,`spt_4jWP1rOO1J3sXq7dQAaEkA`,`["Nhật Trường"]`
`Phương Hồng Quế`,`true`,`true`,,,,`https://i.scdn.co/image/ab67616d0000b2735dd42033bcfa61ffa43e583d`,,`spt_2d1ZChw4TkNWrJx6iPleap`,`["Phương Hồng Quế"]`
`Mỹ Huyền`,`true`,`true`,,,,`https://i.scdn.co/image/ab67616d0000b2738443b4336ac527b20f03bb23`,,`spt_49XaufENFxa27swhjCgZdB`,`["Mỹ Huyền"]`
`ViAM`,`true`,`true`,,,,`https://i.scdn.co/image/ab6761610000e5ebf95a13cf08d408a6d664ccec`,,`spt_6uD33IUwz8hLdIjz6Afcrm`,`["ViAM"]`
`Sino`,`true`,`true`,,,,`https://i.scdn.co/image/ab6761610000e5ebbff351cbfc053f55df08b957`,,`spt_4GxnBu03QfkLI9By82WNmh`,`["Sino"]`
`Kai`,`true`,`true`,,,,`https://i.scdn.co/image/ab6761610000e5eb5894d3df1117972d488750f4`,,`spt_5ATpNDwaT4vPXxsRhJpCXg`,`["Kai"]`
`Flower Lofi`,`true`,`true`,,,,`https://i.scdn.co/image/ab67616d0000b27306f06eb26bb91eb25f66064a`,,`spt_5rTLWskJDEgjGjhPWmAOJH`,`["Flower Lofi"]`
`9C Media`,`true`,`true`,,,,`https://i.scdn.co/image/ab67616d0000b27394532daf935714bc462a648d`,,`spt_6PggCVp2ppTnYmsNRYPTN8`,`["9C Media"]`
`Bộ Y Tế`,`true`,`true`,,,,`https://i.scdn.co/image/ab67616d0000b273a7d8bca3e815cadaba0b6f3c`,,`spt_0kbkKZO9cAM1SfdKPA6xGY`,`["Bộ Y Tế"]`
`Kun`,`true`,`true`,,,,`https://i.scdn.co/image/ab67616d0000b273fc32e4c3263e5c717466ae41`,,`spt_0Wk1HnqgITK5L6UIR6h3pM`,`["Kun"]`
`APJ`,`true`,`true`,,,,`https://i.scdn.co/image/ab67616d0000b273e9a739101df2fc0b086a26da`,,`spt_2vxQEhXHnAl6c960nAHVfg`,`["APJ"]`
`Quang Đông`,`true`,`true`,,,,`https://i.scdn.co/image/ab67616d0000b273c6c24e73e3a39b44ac75a962`,,`spt_14UQ3bCr2KDVIyJrke6R0N`,`["Quang Đông"]`
`RYO`,`true`,`true`,,,,`https://i.scdn.co/image/ab6761610000e5ebdd80feffdf8c9d310ed915f4`,,`spt_4Dgyc5PJLTM2GyfZGT2uzF`,`["RYO"]`
`MaL.`,`true`,`true`,,,,,,`spt_6n0P5VPfsk3qLSVja7xzb5`,`["MaL."]`
`Vxllish`,`true`,`true`,,,,`https://i.scdn.co/image/ab6761610000e5ebe46756175b1c360ed1d51b19`,,`spt_27RxVUWFswWxJaZzF1R3CT`,`["Vxllish"]`
`Melomix`,`true`,`true`,,,,`https://i.scdn.co/image/ab6761610000e5eb9737b06dcafc31e3b89830ac`,,`spt_6rLm6yMYaTHSlixXSpuPfw`,`["Melomix"]`
`Doris`,`true`,`true`,,,,`https://i.scdn.co/image/ab67616d0000b273a4be6d2689e56a8018355fa1`,,`spt_28W0vYPpAcQZYabin3F8b6`,`["Doris"]`
`DJ Bin Keng`,`true`,`true`,,,,,,`spt_26PdWh8YP16dlErOySva8O`,`["DJ Bin Keng"]`
`GLG`,`true`,`true`,,,,`https://i.scdn.co/image/ab6761610000e5ebd31139fc3731bf8d0244ed4b`,,`spt_7F8g6Nq5Sba3r7XulPvSTT`,`["GLG"]`
`DBaola`,`true`,`true`,,,,`https://i.scdn.co/image/ab6761610000e5eb8c10586dd499122d52042cf6`,,`spt_3fcDOpMwq0Z4MBGiT3fgDY`,`["DBaola"]`
`Gaztik`,`true`,`true`,,,,`https://i.scdn.co/image/ab67616d0000b2738b7d15a0563cc7730380f85a`,,`spt_34S4ud3vYD4bgEJqNxsrwi`,`["Gaztik"]`
`Rem`,`true`,`true`,,,,`https://i.scdn.co/image/ab6761610000e5eb1a652625fba45f59430135b4`,,`spt_1njilcHXinpoFdb02K4sK2`,`["Rem"]`
`Đại Vệ`,`true`,`true`,,,,,,`spt_1q8G9B9TUQap7DhxUfVBbc`,`["Đại Vệ"]`
`hairan`,`true`,`true`,,,,`https://i.scdn.co/image/ab6761610000e5ebd4feac3b2b7132bcb00b3304`,,`spt_6iOdasMIIJ0UvuBvbXUDZN`,`["hairan"]`
`Rem`,`true`,`true`,,,,`https://i.scdn.co/image/ab67616d0000b2735110772766145f7fa418c04c`,,`spt_76AmGSsqkT9cTeS0X2K2Dw`,`["Rem"]`
`Ronniboi`,`true`,`true`,,,,`https://i.scdn.co/image/ab6761610000e5eb2fd2c62c7e72764900a41711`,,`spt_0kUlOT0HdcGiXFDQrL2DqA`,`["Ronniboi"]`
`Hallowed`,`true`,`true`,,,,,,`spt_3PSt4ewzpE8J4KUloJPH50`,`["Hallowed"]`
`Paranoid`,`true`,`true`,,,,`https://i.scdn.co/image/ab67616d0000b273f6f04f670563dd387858bba6`,,`spt_6atWOaESM9jS0dx4PjSvrv`,`["Paranoid"]`
`Bbynascar`,`true`,`true`,,,,`https://i.scdn.co/image/ab6761610000e5eb1122b29bb2997b3b6cd94c7d`,,`spt_70xqUA23Q0PdxUOMqUCkqR`,`["Bbynascar"]`
`Bueno`,`true`,`true`,,,,,,`spt_6DKUBH2oqne6sihCrNWKSu`,`["Bueno"]`
`Karrot`,`true`,`true`,,,,`https://i.scdn.co/image/ab6761610000e5eb31fa6e23cb21647fd866697c`,,`spt_0Ok2WXF4QmV02a0k6nijST`,`["Karrot"]`
`huma`,`true`,`true`,,,,`https://i.scdn.co/image/ab6761610000e5eb267107b96c7a7cf9f78c5c9a`,,`spt_27470L1RbYIDWuq9Wwj6fx`,`["huma"]`
`Mintcity`,`true`,`true`,,,,`https://i.scdn.co/image/ab6761610000e5ebd2452fbee49aa39cca58a1ae`,,`spt_6gvc2aTj03HbTFO8U7xfkq`,`["Mintcity"]`
`Blunt`,`true`,`true`,,,,`https://i.scdn.co/image/ab6761610000e5eb7bf6454952299139249ff4be`,,`spt_3wQDIUs8dMGv8fmHMpTLm7`,`["Blunt"]`
`EREN`,`true`,`true`,,,,`https://i.scdn.co/image/ab6761610000e5ebe206789c65679326a0262c23`,,`spt_1CmpPe389rlcewV0pAmxyq`,`["EREN"]`
`Niz`,`true`,`true`,,,,`https://i.scdn.co/image/ab6761610000e5eb03d315056df1cd9b66b9b4fe`,,`spt_5iLsTjgsYTcbjkRJXrNMeS`,`["Niz"]`
`Chlldish`,`true`,`true`,,,,`https://i.scdn.co/image/ab67616d0000b273dd7391f86e5160626ea21b1d`,,`spt_1aNUAPZDybKaYoNvuJns9E`,`["Chlldish"]`
`XOLITXO`,`true`,`true`,,,,`https://i.scdn.co/image/ab6761610000e5eb2e1c749e0709f8c9ab0f2503`,,`spt_0EEcEHFjh4q0m1Dif55qIB`,`["XOLITXO"]`
`Nam Ngo`,`true`,`true`,,,,,,`spt_5rEpvWrgw0tvax27frKVlH`,`["Nam Ngo"]`
`Selena Gomez`,`true`,`true`,,,,`https://i.scdn.co/image/ab6761610000e5eb0c8eb928813cd06614c0710d`,,`spt_0C8ZW7ezQVs4URX5aX7Kqx`,`["Selena Gomez"]`
`Justin Bieber`,`true`,`true`,,,,`https://i.scdn.co/image/ab6761610000e5eb8ae7f2aaa9817a704a87ea36`,,`spt_1uNFoZAHBGtllmzznpCI3s`,`["Justin Bieber"]`
`BEAM`,`true`,`true`,,,,`https://i.scdn.co/image/ab6761610000e5eb057a84dd63ea0cabb05ad4bd`,,`spt_46MWeeHNVMYRIIofQBEX98`,`["BEAM"]`
`Amber Mark`,`true`,`true`,,,,`https://i.scdn.co/image/ab6761610000e5ebab93bdf2e04986a1cdbbe016`,,`spt_0tbeZu9lv8YEKSQ9tZSslu`,`["Amber Mark"]`
`Muni Long`,`true`,`true`,,,,`https://i.scdn.co/image/ab6761610000e5ebcf6fe31cd504d31909f25c64`,,`spt_7tjVFCxJdwT4NdrTmjyjQ6`,`["Muni Long"]`
`Marian Hill`,`true`,`true`,,,,`https://i.scdn.co/image/ab6761610000e5eb65f01a288ca1ad0194c1e051`,,`spt_1xHQO9GJIW9OXHxGBISYc5`,`["Marian Hill"]`
`La Conca`,`true`,`true`,,,,,,`spt_5VkjCN6cAeFBoiJP81WW1S`,`["La Conca"]`
`Snoh Aalegra`,`true`,`true`,,,,`https://i.scdn.co/image/ab6761610000e5eb04ae2067ae0171af5cbf1cf1`,,`spt_1A9o3Ljt67pFZ89YtPPL5X`,`["Snoh Aalegra"]`
`Summer Walker`,`true`,`true`,,,,`https://i.scdn.co/image/ab6761610000e5ebfade412170364e8067c9df7a`,,`spt_57LYzLEk2LcFghVwuWbcuS`,`["Summer Walker"]`
`Ari Lennox`,`true`,`true`,,,,`https://i.scdn.co/image/ab6761610000e5eb84ff6c75281c6f2576afe034`,,`spt_1vaQ6v3pOFxAIrFoPrAcom`,`["Ari Lennox"]`
`Lil Mosey`,`true`,`true`,,,,`https://i.scdn.co/image/ab6761610000e5ebe1ca9dbff03bb74709e93247`,,`spt_5zctI4wO9XSKS8XwcnqEHk`,`["Lil Mosey"]`
`Tiwa Savage`,`true`,`true`,,,,`https://i.scdn.co/image/ab6761610000e5eba1249cdde9d1e7b53148fcde`,,`spt_1hNaHKp2Za5YdOAG0WnRbc`,`["Tiwa Savage"]`
`Brandy`,`true`,`true`,,,,`https://i.scdn.co/image/ab6761610000e5ebb39417aaafb9c373e78594ef`,,`spt_05oH07COxkXKIMt6mIPRee`,`["Brandy"]`
`JT`,`true`,`true`,,,,`https://i.scdn.co/image/ab6761610000e5eba2414a5d9d5b3256f9226942`,,`spt_39af15p0feaAOdL9DTRj3m`,`["JT"]`
`City Girls`,`true`,`true`,,,,`https://i.scdn.co/image/ab6761610000e5eb5d4891c63de9b0b74a4b7b9e`,,`spt_37hAfseJWi0G3Scife12Il`,`["City Girls"]`
`ELHAE`,`true`,`true`,,,,`https://i.scdn.co/image/ab6761610000e5ebe11a833d7922b3e4206a7505`,,`spt_6TrQLQR8tUluPbmdPy6jqY`,`["ELHAE"]`
`Masego`,`true`,`true`,,,,`https://i.scdn.co/image/ab6761610000e5eb161fef4ab6a8ff32c699d6fa`,,`spt_3ycxRkcZ67ALN3GQJ57Vig`,`["Masego"]`
`Jacquees`,`true`,`true`,,,,`https://i.scdn.co/image/ab6761610000e5eba7d5a211173d39face46b4bd`,,`spt_4tMm1dU6Gn04VAZ9ClHcIZ`,`["Jacquees"]`
`Queen Naija`,`true`,`true`,,,,`https://i.scdn.co/image/ab6761610000e5eb89ce5e0c3069b1fedd827098`,,`spt_3nViOFa3kZW8OMSNOzwr98`,`["Queen Naija"]`
`Emanuel`,`true`,`true`,,,,`https://i.scdn.co/image/ab6761610000e5eb1ed794a58d7c20759b87e5d7`,,`spt_4Dj6yFk1Y4v6J4jZyhtrZ7`,`["Emanuel"]`
`Heily`,`true`,`true`,,,,`https://i.scdn.co/image/ab6761610000e5eb2e055d507fea4e753112ee58`,,`spt_73JDHHjsNGy85o3EbEqOLk`,`["Heily"]`
`Junki Trần Hòa`,`true`,`true`,,,,`https://i.scdn.co/image/ab6761610000e5eb20d8400d7145738f9f18d36c`,,`spt_7Le6qDDSTkZuLEw6WcxnBi`,`["Junki Trần Hòa"]`
`Lemwai`,`true`,`true`,,,,`https://i.scdn.co/image/ab6761610000e5eb094942ea043696212126d335`,,`spt_0y9cBo8RGiFCt7aMqSLpI2`,`["Lemwai"]`
`6A6Y6ANG`,`true`,`true`,,,,`https://i.scdn.co/image/ab67616d0000b273acca494c4c7f46cb87356e0a`,,`spt_24224thEAbGNy4GCGUgebr`,`["6A6Y6ANG"]`
`Flo D`,`true`,`true`,,,,`https://i.scdn.co/image/ab6761610000e5ebc43411f88f4c61ef613d0c0f`,,`spt_25cLQ8alZJssXY06KE3SZP`,`["Flo D"]`
`Studio Số 6`,`true`,`true`,,,,`https://i.scdn.co/image/ab67616d0000b2736a9822bb78a1ae475b48893f`,,`spt_3N0ibYvqzBAQp9TnF2AfN4`,`["Studio Số 6"]`
`Cát Phượng`,`true`,`true`,,,,`https://i.scdn.co/image/ab67616d0000b273a1d7875fbe4f85b8091a0f59`,,`spt_4lFHbrI5sEHQ6LaQKzWaoL`,`["Cát Phượng"]`
`SGO48`,`true`,`true`,,,,`https://i.scdn.co/image/ab6761610000e5eb121b62c0b8649cbc7abfced6`,,`spt_0CJ1imGdnjnzGEq5GfHdlg`,`["SGO48"]`
`Thai Ngan`,`true`,`true`,,,,`https://i.scdn.co/image/ab67616d0000b273d0aa31c960e0b022cad04cf4`,,`spt_1zBbLdIQBttunz1xhR7c7s`,`["Thai Ngan"]`
`Yến Tattoo`,`true`,`true`,,,,`https://i.scdn.co/image/ab67616d0000b273f0e24a2e9416324026c08a6e`,,`spt_0xbZRsSFH4YjkrZsgzOAc5`,`["Yến Tattoo"]`
`Gin Tuấn Kiệt`,`true`,`true`,,,,`https://i.scdn.co/image/ab6761610000e5eb0e185c4d3947400b668a764c`,,`spt_5M5drdDVT5lgGWhUO9XsfW`,`["Gin Tuấn Kiệt"]`
`TUIME`,`true`,`true`,,,,,,`spt_6AZBQJgFxh6Ts2bs15SSZb`,`["TUIME"]`
`Lona`,`true`,`true`,,,,,,`spt_2PPBkgmTffXXoGw901VUDb`,`["Lona"]`
`Thiếu Niên Nhi Đồng`,`true`,`true`,,,,,,`spt_1k26nhjqcAL314tQ3SRK5w`,`["Thiếu Niên Nhi Đồng"]`
`Thiện Nhân`,`true`,`true`,,,,,,`spt_1Zom8UcGi77LYV8yft4Q4W`,`["Thiện Nhân"]`
`Lik pi`,`true`,`true`,,,,`https://i.scdn.co/image/ab67616d0000b273061bc27a0ddb24cc527a5990`,,`spt_2OM5yrTtymGARwa5rBsyjB`,`["Lik pi"]`
`Maxt Bao Nam`,`true`,`true`,,,,,,`spt_47ssJby3kyHLfdvfFtg5RX`,`["Maxt Bao Nam"]`
`Kindya`,`true`,`true`,,,,`https://i.scdn.co/image/ab67616d0000b27309f2234e1cca8bd4ccc9e0f8`,,`spt_1SPOBdh0mYAMHoxJvRHqPy`,`["Kindya"]`
`Kanliz`,`true`,`true`,,,,,,`spt_1ptLz3P0Vs3PYOfPDlJ5DW`,`["Kanliz"]`
`Kizzik`,`true`,`true`,,,,`https://i.scdn.co/image/ab67616d0000b273cd05f7f2b90ffaef17bc83a9`,,`spt_3GzYFS2yimEnL3IdigGEw6`,`["Kizzik"]`
`Dolly Gin`,`true`,`true`,,,,,,`spt_6FpX7EXVKmq1AWFYWMF7bn`,`["Dolly Gin"]`
`Blackbi`,`true`,`true`,,,,,,`spt_1jtffCfbTbLlR2GiK4hKjp`,`["Blackbi"]`
`YunjBoo`,`true`,`true`,,,,`https://i.scdn.co/image/ab67616d0000b27369b7a54920d8e3898bce4537`,,`spt_4l6eDLHPAatJHgVa24Q3gl`,`["YunjBoo"]`
`TyTy Na`,`true`,`true`,,,,,,`spt_3ME98b6aD4Alsw0nCbgJaw`,`["TyTy Na"]`
`Quan Dao`,`true`,`true`,,,,,,`spt_0RpL2VYwuyeTcG9LcG9FIT`,`["Quan Dao"]`
`Nana Nguyen`,`true`,`true`,,,,,,`spt_23wjGbpSFWOJduG8cXXLpz`,`["Nana Nguyen"]`
`TraCy Thao My`,`true`,`true`,,,,,,`spt_7jrbin0OttS1vwNORzRz34`,`["TraCy Thao My"]`
`Wikpen`,`true`,`true`,,,,,,`spt_6hnzAXmYhfOWGC9QwRiaSU`,`["Wikpen"]`
`Silly SK`,`true`,`true`,,,,`https://i.scdn.co/image/ab67616d0000b273e0e678b2182a9e68ff390db2`,,`spt_3ggXS8LcOwLlWJMEXbduwc`,`["Silly SK"]`
`Zamy`,`true`,`true`,,,,`https://i.scdn.co/image/ab67616d0000b273a2cb6e1cc4ed7e583912ccaa`,,`spt_2STes9SES4EJPUgFLv5S3g`,`["Zamy"]`
`Sendoh`,`true`,`true`,,,,`https://i.scdn.co/image/ab67616d0000b2730cbfc18c8477878d49b76f20`,,`spt_5g5yAqfgcVa1MkoU3JeZbZ`,`["Sendoh"]`
`Deny`,`true`,`true`,,,,`https://i.scdn.co/image/ab67616d0000b27347ddd31cf005bfd4b5a7bd36`,,`spt_33b7l48wDELt1WwtHcoRse`,`["Deny"]`
`Ebisu`,`true`,`true`,,,,,,`spt_4AXVxmxKfqtW8xzJVcw68N`,`["Ebisu"]`
`Annielink`,`true`,`true`,,,,,,`spt_01OGxyc2zs51IP28USZXcm`,`["Annielink"]`
`Magazine`,`true`,`true`,,,,`https://i.scdn.co/image/7262525fb7e52d56cc736e121f735408f1aac507`,,`spt_4VuMnSnoTGrma3a79UhfMs`,`["Magazine"]`
`Mr Dum`,`true`,`true`,,,,`https://i.scdn.co/image/ab67616d0000b273e9cff6fdc8993b9d6f5a60b1`,,`spt_4jPu679JM1LDdEkM09xg5L`,`["Mr Dum"]`
`NgọtYunj Boo`,`true`,`true`,,,,,,`spt_6n4a4inEG74TM2yUT5xkEs`,`["NgọtYunj Boo"]`
`Ron`,`true`,`true`,,,,`https://i.scdn.co/image/ab6761610000e5ebe42c6d00403d8704b93064ad`,,`spt_3vuKNU7lgoecqjnArUKom6`,`["Ron"]`
`Portamento`,`true`,`true`,,,,`https://i.scdn.co/image/ab6761610000e5eb8c19e4235226db448f429e6c`,,`spt_4wmCq2by9rltRs72z5kJDr`,`["Portamento"]`
`Coldbeat`,`true`,`true`,,,,`https://i.scdn.co/image/ab6761610000e5eb5d5bed8a14727d37edc61ece`,,`spt_0USGzgheoYaljNF9brLLxZ`,`["Coldbeat"]`
`Amtee`,`true`,`true`,,,,`https://i.scdn.co/image/ab6761610000e5eb03e97c049b4dac1d48e20b26`,,`spt_1NRWp10vx6p2j92O8r68bG`,`["Amtee"]`
`Nathan Brumley`,`true`,`true`,,,,`https://i.scdn.co/image/ab6761610000e5eb6ddef4d158096d9f50cec3ae`,,`spt_0qczR3tMEP8VsRu9pCAWHP`,`["Nathan Brumley"]`
`Cá Chép`,`true`,`true`,,,,,,`spt_7bnLJNCeIGva4dSSHhixk2`,`["Cá Chép"]`
`Atrill`,`true`,`true`,,,,`https://i.scdn.co/image/ab6761610000e5eb513e72487553a689808f2b7c`,,`spt_4h6573cB9eJVrCWAuufWC5`,`["Atrill"]`
`Quan`,`true`,`true`,,,,,,`spt_4J4rDwRRhkKv4ZZNedIvQ5`,`["Quan"]`
`DJ LeS`,`true`,`true`,,,,,,`spt_2NDsp7LPQQz5HE54jES9Dh`,`["DJ LeS"]`
`CIBI`,`true`,`true`,,,,`https://i.scdn.co/image/ab67616d0000b273d29f942ce8130419a652a238`,,`spt_07WtUR5jbu7RBTYCBZzQXT`,`["CIBI"]`
`Daimon Dance`,`true`,`true`,,,,`https://i.scdn.co/image/ab67616d0000b273f4b472b50056f68339ea4002`,,`spt_78oziqwVJ2bg3G8Usb59KL`,`["Daimon Dance"]`
`Boris Brot`,`true`,`true`,,,,`https://i.scdn.co/image/ab67616d0000b2733c4007666751b649ba2d2cc5`,,`spt_0vcQT2eMDvcbTuA7cLxlcp`,`["Boris Brot"]`
`It's Zwieback!`,`true`,`true`,,,,,,`spt_5pPfhGY7pnOVo0t8ulvtBt`,`["It's Zwieback!"]`
`EVO-K`,`true`,`true`,,,,`https://i.scdn.co/image/ab6761610000e5eb34bbe6c5b3173d499c3afb25`,,`spt_6gahxM202vfqT60TP6TrM0`,`["EVO-K"]`
`FiveStarShark`,`true`,`true`,,,,`https://i.scdn.co/image/ab67616d0000b27328f9a8b345985055e5c6a36b`,,`spt_4XdyxD7rYFLnr0rFivMcIS`,`["FiveStarShark"]`
`Glen Neff`,`true`,`true`,,,,`https://i.scdn.co/image/ab6761610000e5eb7b7c95df07b3f6047dca01f9`,,`spt_5tYyt5inzieDT07b0eRchm`,`["Glen Neff"]`
`John Roseti`,`true`,`true`,,,,`https://i.scdn.co/image/ab67616d0000b27304d80d05f49125715c8fe27d`,,`spt_1yloGufUf0DimQ61fVpaBP`,`["John Roseti"]`
`Leterna`,`true`,`true`,,,,`https://i.scdn.co/image/ab67616d0000b273e7ba42380f23835c7d6a2e1c`,,`spt_31ahID3crCmX4PuPjxaPpp`,`["Leterna"]`
`Norbert P.`,`true`,`true`,,,,`https://i.scdn.co/image/ab67616d0000b273afb6b0cac036c523b2a338d2`,,`spt_5tiuAHtn7HGMMIoHJPoeJ6`,`["Norbert P."]`
`Patos`,`true`,`true`,,,,`https://i.scdn.co/image/ab67616d0000b2732ee05c329fc09a40cb3c8b09`,,`spt_2vozTNaW5Tuu2UzRjjMDz1`,`["Patos"]`
`BIG MATLOC`,`true`,`true`,,,,,,`spt_1BwDV8Q1dWhIdd4oeR4Wi5`,`["BIG MATLOC"]`
`Post Apocalyptic`,`true`,`true`,,,,`https://i.scdn.co/image/ab67616d0000b273fe74fe9a5df5b5043d3cb811`,,`spt_7J5DfCmlPbYzsyzj9ikBMu`,`["Post Apocalyptic"]`
`Skyto`,`true`,`true`,,,,`https://i.scdn.co/image/ab67616d0000b27300a4894d6e5728e506467128`,,`spt_2xW1SOLGImrdBmEPcUwBDU`,`["Skyto"]`
`Clea De Sebrock`,`true`,`true`,,,,`https://i.scdn.co/image/ab6761610000e5eb1db6a5e5beba4853677bfe8b`,,`spt_0PnLXqpRWMEdEpUVQXITh8`,`["Clea De Sebrock"]`
`Symbolize`,`true`,`true`,,,,`https://i.scdn.co/image/ab6761610000e5ebc6fff8610e2c5fb1873342f3`,,`spt_7hpiKumyLvcjxiWMUfvafO`,`["Symbolize"]`
`WhimSicKill`,`true`,`true`,,,,,,`spt_5beUaIbDC7C3eOx7Ibq2z1`,`["WhimSicKill"]`
`Urban Francis`,`true`,`true`,,,,`https://i.scdn.co/image/ab67616d0000b273a81c9fca737f153a7d4e05e2`,,`spt_2hjPsM4Nsf7nOmU7JJrMka`,`["Urban Francis"]`
`Bolivia`,`true`,`true`,,,,`https://i.scdn.co/image/ab67616d0000b273c31b354d0dcbc1fa81372d18`,,`spt_5ZvwK0ZabdNTC4CB4TeqSc`,`["Bolivia"]`
`WallHack`,`true`,`true`,,,,`https://i.scdn.co/image/ab67616d0000b273a942b1499e23140d7ddde526`,,`spt_3xa6ASywckhOcF2s5Sd4h6`,`["WallHack"]`
`Wessex`,`true`,`true`,,,,`https://i.scdn.co/image/ab67616d0000b273a942b1499e23140d7ddde526`,,`spt_11NPDjnBi5MX5WPcf1jZpL`,`["Wessex"]`
`Andrew Khorolsky`,`true`,`true`,,,,`https://i.scdn.co/image/ab67616d0000b2734da3485838d3c3115201b53a`,,`spt_6VCTP7MnsTt0f1aqFwLDra`,`["Andrew Khorolsky"]`
`Apolion Crew`,`true`,`true`,,,,`https://i.scdn.co/image/ab6761610000e5eb7815c9ee43a87a5776a7b45b`,,`spt_31szJBLXTNxl4yXiCiO4oF`,`["Apolion Crew"]`
`Armando Rosario`,`true`,`true`,,,,`https://i.scdn.co/image/ab6761610000e5eb072c71c7b7efb97c4ce673a0`,,`spt_5tdysTX6r1gm6fqUygA7Wd`,`["Armando Rosario"]`
`Asep Hartanto`,`true`,`true`,,,,`https://i.scdn.co/image/ab6761610000e5eb4edd942a6d300011ba4fa66e`,,`spt_286HUOOeow00dG64N6PuFn`,`["Asep Hartanto"]`
`AristaFN`,`true`,`true`,,,,`https://i.scdn.co/image/ab67616d0000b273e58c0323bb79e0ac0e982877`,,`spt_61YJVMDDJX3vgfbJMxZeqV`,`["AristaFN"]`
`Aston Vegas`,`true`,`true`,,,,`https://i.scdn.co/image/ab67616d0000b27348211b993c359134c4c5b8ee`,,`spt_4wP4E5uhUzKHFhTVxkZUJm`,`["Aston Vegas"]`
`Edvard Hunger`,`true`,`true`,,,,`https://i.scdn.co/image/ab67616d0000b273f59c28e60fe849176719ed27`,,`spt_12kAiuPu5mWEUl9OxKpF8B`,`["Edvard Hunger"]`
`Kid Optimus`,`true`,`true`,,,,`https://i.scdn.co/image/ab67616d0000b2735d4533e95afa01d172321196`,,`spt_33gEA0ipU3sWXoq78MAGSd`,`["Kid Optimus"]`
`Krypt3ch`,`true`,`true`,,,,`https://i.scdn.co/image/ab67616d0000b273742efcb1c68083544a44d08f`,,`spt_37uAkoYbi7HHtU6MplyB3q`,`["Krypt3ch"]`
`LV King`,`true`,`true`,,,,`https://i.scdn.co/image/ab6761610000e5ebef794aa9114d65306fb254b3`,,`spt_4fLVyFUjZgE7nsnmOCSqIb`,`["LV King"]`
`DJ Hollygrove`,`true`,`true`,,,,`https://i.scdn.co/image/ab6761610000e5ebb81d2a3261636106912d16dc`,,`spt_3g5nle5fWY2R2GWQAet2WK`,`["DJ Hollygrove"]`
`Stivo simple boy`,`true`,`true`,,,,`https://i.scdn.co/image/ab67616d0000b273d3794e1231267be07fe1b380`,,`spt_6xB2biiMZCEImA2wB1qm5s`,`["Stivo simple boy"]`
`Yuno`,`true`,`true`,,,,`https://i.scdn.co/image/ab6761610000e5eba9dabfa92211c9112535d5c9`,,`spt_0TRWMZHmSeERHMDvx0PKl2`,`["Yuno"]`
`Lucin3x`,`true`,`true`,,,,`https://i.scdn.co/image/ab6761610000e5eb9367b2693baf522859f1e792`,,`spt_2LhBOKigSJoFuqyoy4GlW2`,`["Lucin3x"]`
`Pittu Quyên`,`true`,`true`,,,,`https://i.scdn.co/image/ab6761610000e5ebb3fa756bfa50c485f8fccff3`,,`spt_7v0H5ceG2DByd6XBYSt9Hm`,`["Pittu Quyên"]`
`Xuân Định K.Y`,`true`,`true`,,,,`https://i.scdn.co/image/ab6761610000e5eb7a868f67a76d47f054714f77`,,`spt_7G5AEkY5idIoHytk72GGyf`,`["Xuân Định K.Y"]`
`Emil Loubser`,`true`,`true`,,,,`https://i.scdn.co/image/ab67616d0000b273742efcb1c68083544a44d08f`,,`spt_6bGEEeY5alH54tSaXFl1ce`,`["Emil Loubser"]`
`Madistt`,`true`,`true`,,,,`https://i.scdn.co/image/ab6761610000e5eb00b4dfc1deb20c5e7b6f91ef`,,`spt_6FukDmCqQyMY5DikurwObI`,`["Madistt"]`
`Brooke Mitchell`,`true`,`true`,,,,`https://i.scdn.co/image/ab67616d0000b273fef591df0c9fc99d229363f0`,,`spt_06FfVAyZ4PCJWbYQmLthfp`,`["Brooke Mitchell"]`
`Matheus Farias`,`true`,`true`,,,,`https://i.scdn.co/image/ab6761610000e5eb08d86b0fe90bdfe33bb2e49b`,,`spt_4WEytUpyfLuRMdWDZLuxNU`,`["Matheus Farias"]`
`Murry Monolite`,`true`,`true`,,,,`https://i.scdn.co/image/ab6761610000e5eb98dfaedb18557715637618ee`,,`spt_4J4ZBGKe41WRtpjggHKKn1`,`["Murry Monolite"]`
`NENDZA`,`true`,`true`,,,,`https://i.scdn.co/image/ab67616d0000b273f1f14bb49eb14ad6107604b6`,,`spt_28KV1CJ9dXzjYaX3Xbhs23`,`["NENDZA"]`
`RAV3OLOGY`,`true`,`true`,,,,,,`spt_37FN0WdESiojvvUJhv2D8H`,`["RAV3OLOGY"]`
`Rufhino`,`true`,`true`,,,,`https://i.scdn.co/image/ab6761610000e5eb0abf3f6cdf282df35d7b3452`,,`spt_0TrCqa8qdM6ugoVxcc8wIl`,`["Rufhino"]`
`Tatolix`,`true`,`true`,,,,`https://i.scdn.co/image/ab67616d0000b273c62f68397b7d9086753b812e`,,`spt_5bPXlwse3yB0To3DkuIiTM`,`["Tatolix"]`
`ToKel`,`true`,`true`,,,,,,`spt_4tSAsf4mE4A1ijcnTxMuMa`,`["ToKel"]`
`Tyler Jaxon`,`true`,`true`,,,,,,`spt_14dm7znXA8vPsUwqK3yetx`,`["Tyler Jaxon"]`
`Nguyeen`,`true`,`true`,,,,`https://i.scdn.co/image/ab67616d0000b273757773a380c51ace130229cd`,,`spt_7ePNpxiX2yCffJdRLZCqxv`,`["Nguyeen"]`
`Chilly`,`true`,`true`,,,,`https://i.scdn.co/image/ab67616d0000b2731c73212f3ae8965c7fd1b282`,,`spt_1QLZE3zps2XLkFDFw0wG6h`,`["Chilly"]`
`Chilly`,`true`,`true`,,,,`https://i.scdn.co/image/ab67616d0000b27317980915a9c2a53d8e358984`,,`spt_2y5DWFjHZlcsG95mqor9cZ`,`["Chilly"]`
`TiB`,`true`,`true`,,,,`https://i.scdn.co/image/ab6761610000e5ebe7918a61c2696147381e219a`,,`spt_12oQKizOm2rS2LjvWjfUXY`,`["TiB"]`
`Dino`,`true`,`true`,,,,`https://i.scdn.co/image/ab6761610000e5ebc9ef1aed3cf0c2017549e623`,,`spt_2tra9BR1fxWuhX5bx3jiav`,`["Dino"]`
`Nhâm Nhựt Vân`,`true`,`true`,,,,`https://i.scdn.co/image/ab67616d0000b273e79ba9873e1a13cd2d6dd308`,,`spt_4srmDZhTFeLBiyE4coHJRi`,`["Nhâm Nhựt Vân"]`
`Trgthao`,`true`,`true`,,,,`https://i.scdn.co/image/ab6761610000e5eb8db1e5ac6e206a225f0006e7`,,`spt_2Wzb6qkyjzGS2Ny86aoK7H`,`["Trgthao"]`
`Phúc XP`,`true`,`true`,,,,`https://i.scdn.co/image/ab67616d0000b27350590450280e64556555c28d`,,`spt_1P9UVVnRvVjABPxqCirIhS`,`["Phúc XP"]`
`Phong DN`,`true`,`true`,,,,`https://i.scdn.co/image/ab6761610000e5eb267f463ea2f70db272d0c2fa`,,`spt_4aRspxkdIwh3vTp6StmPc1`,`["Phong DN"]`
`Phong DN`,`true`,`true`,,,,,,`spt_31M3Uu2dJVieGntmlOsVGL`,`["Phong DN"]`
`GiunDra`,`true`,`true`,,,,`https://i.scdn.co/image/ab6761610000e5eb0c775c764480ab6883e81af1`,,`spt_0kQJGNzgog5Y2D4m7zTRxD`,`["GiunDra"]`
`NxT`,`true`,`true`,,,,`https://i.scdn.co/image/ab6761610000e5ebcb9ce454636b9b414359ecb9`,,`spt_0TkVD1db28vwnS8e3QpEeX`,`["NxT"]`
`Yung Cloudy`,`true`,`true`,,,,`https://i.scdn.co/image/ab6761610000e5eb666f6da87560f84147ab0ad4`,,`spt_2atrulWLH5tJ26aAHgCnWo`,`["Yung Cloudy"]`
`XoxoTyler`,`true`,`true`,,,,,,`spt_4TrWzcWUNreoxU4fxos8cp`,`["XoxoTyler"]`
`BLVCKZUES`,`true`,`true`,,,,`https://i.scdn.co/image/ab6761610000e5eb442f14e33ef32d4b3c179d55`,,`spt_4Q6YMeJiw7tVIUK5DhwdZi`,`["BLVCKZUES"]`
`Syclone fox`,`true`,`true`,,,,,,`spt_2SraGvQnnAAOnxfN5lGuuu`,`["Syclone fox"]`
`Torn vest`,`true`,`true`,,,,,,`spt_0fSekWskL1K75XuobGFk5W`,`["Torn vest"]`
`Mây Bae`,`true`,`true`,,,,,,`spt_15RKeJqxSbkcmwkBFoALjs`,`["Mây Bae"]`
`Dlow`,`true`,`true`,,,,`https://i.scdn.co/image/ab6761610000e5eb9176730c19e5742a70f0a485`,,`spt_4HDPRR3da0slyl0H2dUXM7`,`["Dlow"]`
`Lai Boom Boom`,`true`,`true`,,,,,,`spt_0NKV99vcaCT2H0kG2q1GkW`,`["Lai Boom Boom"]`
`Phaos`,`true`,`true`,,,,`https://i.scdn.co/image/ab6761610000e5eb9812caf53f5a35c5d235291a`,,`spt_19f20EhuHJJ3YJ03TxDiuM`,`["Phaos"]`
`Decaffeine`,`true`,`true`,,,,`https://i.scdn.co/image/ab67616d0000b273fc3a72d1422bc6de6cb4b489`,,`spt_45CpigBkybXlLy2I1y5mv9`,`["Decaffeine"]`
`Tiêu Minh Phụng`,`true`,`true`,,,,`https://i.scdn.co/image/ab67616d0000b2738b5e29953ebbf5123e195f8b`,,`spt_3OqnxNFqPxA4wdByq290TI`,`["Tiêu Minh Phụng"]`
`Hagi`,`true`,`true`,,,,`https://i.scdn.co/image/ab6761610000e5eb75bd538969ece3dfd829ffdc`,,`spt_1xbOZ2Te4iRqQ6QZA1vzNe`,`["Hagi"]`
`Stee`,`true`,`true`,,,,`https://i.scdn.co/image/ab67616d0000b2739dd756c66c179ec24b6e29d2`,,`spt_0qUch0lXbScZvoZRov3VYA`,`["Stee"]`
`267`,`true`,`true`,,,,`https://i.scdn.co/image/ab67616d0000b2739c7ef9f15fa575d7966ca364`,,`spt_1jLM6ulW6ldwRWX9smNYmt`,`["267"]`
`An An`,`true`,`true`,,,,,,`spt_42ggoG6J7Izc169cZec6SC`,`["An An"]`
`Vani`,`true`,`true`,,,,`https://i.scdn.co/image/ab6761610000e5eb9c77457686f81eeb7f5acdfb`,,`spt_5qj4jm9aiaMrChamUqymHt`,`["Vani"]`
`Nhi`,`true`,`true`,,,,`https://i.scdn.co/image/ab6761610000e5ebf913bfcd26bdf8069386fdf7`,,`spt_6aZltjEZnV9NWl2rw2HOzz`,`["Nhi"]`
`Tezzy`,`true`,`true`,,,,`https://i.scdn.co/image/ab6761610000e5eb2d3ba1121f8ddf7c5c637947`,,`spt_4zbdqgzf7uo0HYPzHXSWSN`,`["Tezzy"]`
`Tien`,`true`,`true`,,,,`https://i.scdn.co/image/ab67616d0000b273c3a1e7719e48e1bdf04c2714`,,`spt_3MvzeyFj6sJND8RBDiZVDs`,`["Tien"]`
`C.A.O`,`true`,`true`,,,,`https://i.scdn.co/image/ab67616d0000b273b900a43211fcf8e1879da361`,,`spt_1HLeJgxbUDAnksDGfM8n0U`,`["C.A.O"]`
`Double Noize`,`true`,`true`,,,,`https://i.scdn.co/image/ab6761610000e5eb8a9c67bdf4eb21ecf09956a4`,,`spt_6RrwDKf0zJNUHmY3ozD0op`,`["Double Noize"]`
`Tedzy`,`true`,`true`,,,,,,`spt_1WfzTytj2gMOOYcllaIjvS`,`["Tedzy"]`
`Tien`,`true`,`true`,,,,`https://i.scdn.co/image/ab67616d0000b2730bca82ef8c6a853fcbcb5237`,,`spt_2ULXLDxWb2lTMpe0u7gag6`,`["Tien"]`
`Tez`,`true`,`true`,,,,,,`spt_3wpSS367RoV1g26VRPDX53`,`["Tez"]`
`Tien`,`true`,`true`,,,,,,`spt_7KUecXkhfchgVmaW0YCQaC`,`["Tien"]`
`Gatis`,`true`,`true`,,,,`https://i.scdn.co/image/ab6761610000e5ebdf13d8f5a78dea5f5de7cdcb`,,`spt_5d4dlOnAPoTkQYEqyfHj6Q`,`["Gatis"]`
`con nuôi`,`true`,`true`,,,,,,`spt_3wYkn64at9dmEKE9l2AoDO`,`["con nuôi"]`
`Eruji`,`true`,`true`,,,,,,`spt_7qzZd2a7Plk3kfmjHkHo5F`,`["Eruji"]`
`Jase`,`true`,`true`,,,,`https://i.scdn.co/image/ab67616d0000b273655cc0058983cb0b3be4fb27`,,`spt_2nk2sYUbKRyGL7ouUxs6hE`,`["Jase"]`
`Cheung`,`true`,`true`,,,,`https://i.scdn.co/image/ab6761610000e5eb7a3142d6c44973ee04043ec7`,,`spt_2CYz62cthPQ03xzOFpq683`,`["Cheung"]`
`BAN`,`true`,`true`,,,,`https://i.scdn.co/image/ab67616d0000b273d2d38c122fe10d906459bc34`,,`spt_0CO1IZAPmgTbkfXvcRCLsL`,`["BAN"]`
`Tnergy`,`true`,`true`,,,,,,`spt_3dhvF3KpMdDI3cfZGCWQCf`,`["Tnergy"]`
`TONIX`,`true`,`true`,,,,`https://i.scdn.co/image/ab6761610000e5ebdc2efc04d3c10fcb507b27b3`,,`spt_5stHE4ee3gHLOzknbh3I5i`,`["TONIX"]`
`DJ DISAMPRAS`,`true`,`true`,,,,`https://i.scdn.co/image/ab67616d0000b27379ecbd67a8b99c4eaf2f245c`,,`spt_2vF0tTdsJ4PIP54jonjJDW`,`["DJ DISAMPRAS"]`
`MAN-D`,`true`,`true`,,,,,,`spt_4lQJ5Vo9YK9QLPmEq167SS`,`["MAN-D"]`
`Sa'naga`,`true`,`true`,,,,`https://i.scdn.co/image/ab6761610000e5eba548f7510e0c7fb9dbbd0b74`,,`spt_31sgb41HfD6dKtBm2jPLzJ`,`["Sa'naga"]`
`nân`,`true`,`true`,,,,`https://i.scdn.co/image/ab6761610000e5ebfccc3108720f2fe2c4607909`,,`spt_5jGH1DV5P9XVtAMRFVCyKp`,`["nân"]`
`Sowhat`,`true`,`true`,,,,`https://i.scdn.co/image/ab67616d0000b27326e49dc3fb51f27972db5c2c`,,`spt_1LIPvBIEpt0n1aSzASaGNE`,`["Sowhat"]`
`KayPi`,`true`,`true`,,,,`https://i.scdn.co/image/ab67616d0000b27357df57ba8c3bd961048fb178`,,`spt_10FEdMe5kkrqJXWSvAa3QC`,`["KayPi"]`
`$u`,`true`,`true`,,,,,,`spt_11l3ztZEg9UCPBlDPgLWRx`,`["$u"]`
`Tonix`,`true`,`true`,,,,`https://i.scdn.co/image/ab67616d0000b2733ef31ab735bc0a3258b770e0`,,`spt_2Z3r3UaMUSj29RIb98As5B`,`["Tonix"]`
`Allen`,`true`,`true`,,,,`https://i.scdn.co/image/ab6761610000e5eb9d0231a0cd045d9ca8f1d605`,,`spt_0Y8YAhUAtgkOopA4EhrccG`,`["Allen"]`
`THE DREAMLAND`,`true`,`true`,,,,`https://i.scdn.co/image/ab67616d0000b27342ad9aada55bb769a57984a0`,,`spt_7oAXQMeyJ8k2Q5WH5uWKBM`,`["THE DREAMLAND"]`
`Duyzuy`,`true`,`true`,,,,`https://i.scdn.co/image/ab6761610000e5eb7cab4b8da0d16ba8cfb0e495`,,`spt_5r5kwWyN4vvzmr2oERLboS`,`["Duyzuy"]`
`Dio`,`true`,`true`,,,,`https://i.scdn.co/image/ab6761610000e5eb555c8199ba80168cfeafdfbc`,,`spt_4CYeVo5iZbtYGBN4Isc3n6`,`["Dio"]`
`Hoàng Danh Hướng`,`true`,`true`,,,,,,`spt_1rb26UlKVLS7u0rmDZ7Gr7`,`["Hoàng Danh Hướng"]`
`Jee Trần`,`true`,`true`,,,,`https://i.scdn.co/image/ab67616d0000b273fa736c7a34aca5089fef57b7`,,`spt_5fkTbpOKrqL6fW7vSWJNq3`,`["Jee Trần"]`
`Ari`,`true`,`true`,,,,`https://i.scdn.co/image/ab67616d0000b273ffe1457b1fc255dbe1d08042`,,`spt_4mCmSLojlAK3UkYWdN1kjO`,`["Ari"]`
`Gia Quý`,`true`,`true`,,,,`https://i.scdn.co/image/ab67616d0000b273eef159f3d75bdde5fa238bd0`,,`spt_6T66NqlxuXsffPPpQySdJ4`,`["Gia Quý"]`
`Thoại Nghi`,`true`,`true`,,,,`https://i.scdn.co/image/ab6761610000e5ebcc8e7c2bd78637ef5377e917`,,`spt_0RKO9apqLv21yxEPU8v3NT`,`["Thoại Nghi"]`
`CUN DAVE`,`true`,`true`,,,,,,`spt_1FNqKJKCSThLRaRfwEea0q`,`["CUN DAVE"]`
`Thanh Phong`,`true`,`true`,,,,`https://i.scdn.co/image/ab67616d0000b27365dec3fa0b8ea88340556106`,,`spt_3zir1qGiUwDRJlez2949oc`,`["Thanh Phong"]`
`Dưa Hấu`,`true`,`true`,,,,`https://i.scdn.co/image/ab6761610000e5ebfe0e7f052305b8e7b36708ce`,,`spt_0qC7JEr3nCeTF2SqXE0lEl`,`["Dưa Hấu"]`
`Tố Tố`,`true`,`true`,,,,,,`spt_26aqYLuVDHqnKbv6OKVh7s`,`["Tố Tố"]`
`Điệu Bửu`,`true`,`true`,,,,,,`spt_1dDrHVIGFytNHnECSPtCF3`,`["Điệu Bửu"]`
`Jayden`,`true`,`true`,,,,,,`spt_6R0h3rfgF9SeVfKmOC0BRS`,`["Jayden"]`
`Cường Bạch`,`true`,`true`,,,,,,`spt_1OhNriuKN9X0SnrgfGz90R`,`["Cường Bạch"]`
`Linh Nguyễn`,`true`,`true`,,,,`https://i.scdn.co/image/ab67616d0000b2737b67b736bd43096e97af68c0`,,`spt_4fKeNRJTmCcICAP9d6nyNK`,`["Linh Nguyễn"]`
`Kiper T`,`true`,`true`,,,,`https://i.scdn.co/image/ab6761610000e5ebcbd0636314ac01a1b4ef7ea5`,,`spt_0DVbTrEQjCbRvMxvXVJomz`,`["Kiper T"]`
`Flepy`,`true`,`true`,,,,`https://i.scdn.co/image/ab6761610000e5eb202b2f5d8408411f57b6a614`,,`spt_1enoud6bfOXZHHR72x4geR`,`["Flepy"]`
`KHAIDO`,`true`,`true`,,,,,,`spt_4C8zxTUEtAJI1cUuoL6kHc`,`["KHAIDO"]`
`N'Small`,`true`,`true`,,,,,,`spt_0tcWLIlH2DMi7GkBTdmwUN`,`["N'Small"]`
`Lil Shadow`,`true`,`true`,,,,,,`spt_4L5B9lmEXFxKnMNJrVJSDT`,`["Lil Shadow"]`
`Ashley`,`true`,`true`,,,,`https://i.scdn.co/image/ab67616d0000b2739bc90275ca936e6f42bfd8d1`,,`spt_3YIgqLtuGwaKjXRyFRflWh`,`["Ashley"]`
`Quân Han`,`true`,`true`,,,,`https://i.scdn.co/image/ab67616d0000b273c0dcddc923a9094bd33a62d8`,,`spt_7d6W4UKQDhWLBc0oheJ7AP`,`["Quân Han"]`
`DyAn`,`true`,`true`,,,,`https://i.scdn.co/image/ab67616d0000b273398e8cf705ae46034539680a`,,`spt_52gJ2TB7cbDR6msyuPL3EP`,`["DyAn"]`
`Quân Han`,`true`,`true`,,,,`https://i.scdn.co/image/ab67616d0000b273b47181eff76fb32a4e046b70`,,`spt_3bn2ShZbl8WxdwJzyOlkbd`,`["Quân Han"]`
`Hồ Tuấn Phúc`,`true`,`true`,,,,`https://i.scdn.co/image/ab67616d0000b273e066be9a768b146a1a51a3b4`,,`spt_43CStYhTLvWol4TUZlOPQm`,`["Hồ Tuấn Phúc"]`
`Quỳnh Trang`,`true`,`true`,,,,`https://i.scdn.co/image/ab67616d0000b273126031e1d3ab456ba0c89d86`,,`spt_76p6SuLTYuJutQQYcXMgbw`,`["Quỳnh Trang"]`
`Linh Nguyen`,`true`,`true`,,,,`https://i.scdn.co/image/ab67616d0000b27351023c0300d5554c1a3333ba`,,`spt_3Lqad5PN4PpKLE5FmyLso3`,`["Linh Nguyen"]`
`Quỳnh Trang`,`true`,`true`,,,,,,`spt_6WHkGY5WHd9GOhbMGC9AGv`,`["Quỳnh Trang"]`
`Tân TiTan`,`true`,`true`,,,,,,`spt_6FjDYE90eZEi8Zj8IVZSVZ`,`["Tân TiTan"]`
`Thanh Phong`,`true`,`true`,,,,,,`spt_3p3zEbIwFeeY0vUG0LxtQo`,`["Thanh Phong"]`
`Dangrangto`,`true`,`true`,,,,`https://i.scdn.co/image/ab6761610000e5ebe8040bbc8d9e371c5d2eae69`,,`spt_5xY6E5PMZNtz9jDvxTRiGI`,`["Dangrangto"]`
`BONN!EX`,`true`,`true`,,,,`https://i.scdn.co/image/ab6761610000e5ebc9a1da7cb6d59cd0892e157e`,,`spt_6kd0nlI8beYhd5PMv0u4KT`,`["BONN!EX"]`
`Flava Rube`,`true`,`true`,,,,`https://i.scdn.co/image/ab6761610000e5eb1d9ac404bcb431d387cef7b0`,,`spt_4pV6D2y2xRAPQ2CNozs6j3`,`["Flava Rube"]`
`DANMY`,`true`,`true`,,,,,,`spt_0hby8FHiTljz6HH4b94P5p`,`["DANMY"]`
`Spidey`,`true`,`true`,,,,,,`spt_5dVgkowlFNSEb4toMF4XGn`,`["Spidey"]`
`Pingo`,`true`,`true`,,,,`https://i.scdn.co/image/ab67616d0000b273aba4891af6129fbaaccc6d2f`,,`spt_2cymivGkCG90kfv33fjeUc`,`["Pingo"]`
`JayKem`,`true`,`true`,,,,,,`spt_4WlJ3FqLRJh5SbvlDiuQKa`,`["JayKem"]`
`TrapD`,`true`,`true`,,,,,,`spt_3s9yILVniVymyvjyfREtHa`,`["TrapD"]`
`D-Cee`,`true`,`true`,,,,`https://i.scdn.co/image/ab6761610000e5eb78aebab00979d5f57062a2f9`,,`spt_1eea6kuCrdJGbrW2Sh1AUu`,`["D-Cee"]`
`Rocky CDE`,`true`,`true`,,,,`https://i.scdn.co/image/ab6761610000e5ebbcced32fdefffa9e63b2fe9e`,,`spt_2lnesmkx2eGDj0wTUv61Ch`,`["Rocky CDE"]`
`Teuyoungboy`,`true`,`true`,,,,,,`spt_1J6IxXsSuelXddJ7ffX2BK`,`["Teuyoungboy"]`
`DucMinh`,`true`,`true`,,,,`https://i.scdn.co/image/ab6761610000e5ebca63a385b7324e72216d781b`,,`spt_6uT7bp7jeZwhkYkRVWfL8H`,`["DucMinh"]`
`Hazel`,`true`,`true`,,,,`https://i.scdn.co/image/ab6761610000e5ebed83ca3e2fe9ecf9d1c674b6`,,`spt_4ZFRJP4p2Ul4kGnKrEn5W2`,`["Hazel"]`
`Wizlee`,`true`,`true`,,,,`https://i.scdn.co/image/ab6761610000e5eb9e1bfb4021daaa53327d50ef`,,`spt_0IGPCerrL3enhRWgtoPtLG`,`["Wizlee"]`
`Cậu Phát`,`true`,`true`,,,,`https://i.scdn.co/image/ab6761610000e5eb1d3006fb0180105ecf5fb448`,,`spt_6sB72O2Urftmd5xbC6AwjO`,`["Cậu Phát"]`
`Wheelie`,`true`,`true`,,,,,,`spt_2lyzkLcoo5AtJUE3CtOQe0`,`["Wheelie"]`
`SpideyBoy`,`true`,`true`,,,,,,`spt_3PrpIgjCHr7S7t2BLpZWYU`,`["SpideyBoy"]`
`Dizzy`,`true`,`true`,,,,`https://i.scdn.co/image/ab6761610000e5ebb37a4cdd03acbc8ce4b8bfee`,,`spt_7HCcjDWnITp8rHeNCtPMxb`,`["Dizzy"]`
`20Jnary`,`true`,`true`,,,,`https://i.scdn.co/image/ab6761610000e5eb2ed00842db89f3dcda74cf4f`,,`spt_3qZgjYevntyn9uJJwKMYLg`,`["20Jnary"]`
`itsphuochoang`,`true`,`true`,,,,`https://i.scdn.co/image/ab6761610000e5eb6b03dfde3ca5e822aafa01d8`,,`spt_4Ar5LtQVIB0Iyx9tplQH2l`,`["itsphuochoang"]`
`D13`,`true`,`true`,,,,`https://i.scdn.co/image/ab67616d0000b2732c960ef5eb20ae5a1d60fe53`,,`spt_7hoCpjl07CGD3PKyBgEhKZ`,`["D13"]`
`Peakrozes`,`true`,`true`,,,,`https://i.scdn.co/image/ab6761610000e5eb7b38fc77687de6935084fa97`,,`spt_7kdaxyNyACi5ZVN0hQ9dMg`,`["Peakrozes"]`
`Bachman`,`true`,`true`,,,,`https://i.scdn.co/image/ab67616d0000b273aba7d5092177a43b362254de`,,`spt_3zWHdQejEq8htCGcRWojkB`,`["Bachman"]`
`NAT`,`true`,`true`,,,,,,`spt_3aAEPA3iFWJXkjM1Y99u4o`,`["NAT"]`
`TiLo`,`true`,`true`,,,,`https://i.scdn.co/image/ab67616d0000b273a325c0ab10d60f75df5f0bda`,,`spt_0QofcPIiFvbPRSgCzF42BX`,`["TiLo"]`
`H2O Vinahouse`,`true`,`true`,,,,`https://i.scdn.co/image/ab67616d0000b2731b3e06c99fc561ef3bd52c40`,,`spt_5GyWMNp5jujs9kr6qsx2FB`,`["H2O Vinahouse"]`
`N-JD`,`true`,`true`,,,,`https://i.scdn.co/image/ab6761610000e5eb1ee9d05f7ced8c5a9e47722c`,,`spt_6o6l9eJl8AzsvF8mfkygWp`,`["N-JD"]`
`TH BAP`,`true`,`true`,,,,`https://i.scdn.co/image/ab67616d0000b27350cc8e553346cc579ddd578a`,,`spt_12tinEee4PMrFElJZxzbaM`,`["TH BAP"]`
`NG BAP`,`true`,`true`,,,,`https://i.scdn.co/image/ab67616d0000b2732a4051dfdd9293785bc1fcf0`,,`spt_75TvRTxvMSBFJwjj3fhZbx`,`["NG BAP"]`
`Martikz`,`true`,`true`,,,,`https://i.scdn.co/image/ab67616d0000b273304e89608a38a8a12003901a`,,`spt_2WDOXqohEtyuI7hnrUUmTe`,`["Martikz"]`
`Nevatrash`,`true`,`true`,,,,`https://i.scdn.co/image/ab6761610000e5eb2e26e3db06484aa7d7c909ac`,,`spt_3fXhqSEjrFX7BYBQz4Nwnh`,`["Nevatrash"]`
`NH4T Music`,`true`,`true`,,,,`https://i.scdn.co/image/ab6761610000e5ebc21e5f9f146f8cf705608e24`,,`spt_6NPTuKtm4ZqH8Uuqfp9WB7`,`["NH4T Music"]`
`颜回_ReeSmoki`,`true`,`true`,,,,`https://i.scdn.co/image/ab67616d0000b2735c94edf2071468874ad44e54`,,`spt_1Z2J4n4jdoLQHNKMjrq6Tv`,`["颜回_ReeSmoki"]`
`kring`,`true`,`true`,,,,,,`spt_6arKdHp5XKVdQf9PFo417b`,`["kring"]`
`副官`,`true`,`true`,,,,,,`spt_7in7fqwvbQSQGDeXtgfcwP`,`["副官"]`
`UlricKing`,`true`,`true`,,,,,,`spt_3faVMs5p1fn8Saf7Szgidj`,`["UlricKing"]`
`AEP SIMON`,`true`,`true`,,,,`https://i.scdn.co/image/ab6761610000e5eb49b58701c8c1f0fff3a78a74`,,`spt_69b3wAh06ngvbRYCuz3BLG`,`["AEP SIMON"]`
`GonRaw`,`true`,`true`,,,,,,`spt_3qei2LvZb3uGEWcSuopdi9`,`["GonRaw"]`
`El Almas`,`true`,`true`,,,,`https://i.scdn.co/image/ab67616d0000b27383de1e7e30dfa999ffc67800`,,`spt_3EkmBgNeWcuGyIuQUvQxzN`,`["El Almas"]`
`Lil Cell`,`true`,`true`,,,,,,`spt_2U88LfP8PwYDyBoPMcDPsC`,`["Lil Cell"]`
`LeeBoo`,`true`,`true`,,,,`https://i.scdn.co/image/ab6761610000e5eb181b81d9835a1eb3a19b46d3`,,`spt_21zwtepZXQ7BvTPXRSMkD7`,`["LeeBoo"]`
`Hale`,`true`,`true`,,,,`https://i.scdn.co/image/ab6761610000e5ebb53f2ccb834df5607696b107`,,`spt_53ihJWLYwcilyIVxGivztG`,`["Hale"]`
`Ari`,`true`,`true`,,,,`https://i.scdn.co/image/ab67616d0000b273a3f4f2ea8d32d8ea9bf8abad`,,`spt_3qwp2Z6BtPxMXPNXQq1Q5Z`,`["Ari"]`
`YLing`,`true`,`true`,,,,`https://i.scdn.co/image/ab6761610000e5ebf835eb085360ebb7c5c88e99`,,`spt_5uFx186LoZqUu2oo7OakjJ`,`["YLing"]`
`Drum 7`,`true`,`true`,,,,`https://i.scdn.co/image/ab6761610000e5eb1bcc4b9b1d6bfde9989a15df`,,`spt_7aU1kdz9qmELwwrADDLs98`,`["Drum 7"]`
`DJ ZAN`,`true`,`true`,,,,`https://i.scdn.co/image/ab67616d0000b273802bdf48a866723d3d88c5aa`,,`spt_6GraDID2R7iYZrjuVRwD8b`,`["DJ ZAN"]`
`Eddy Việt`,`true`,`true`,,,,`https://i.scdn.co/image/ab67616d0000b273d1094fa8e614dfba0302c987`,,`spt_4WSI7wik5hJDmYD8f8IjSY`,`["Eddy Việt"]`
`B.Sily`,`true`,`true`,,,,`https://i.scdn.co/image/ab67616d0000b2738c66a995bedd8507881dea00`,,`spt_2dvjVVlZh1EsJrJiqbHnYJ`,`["B.Sily"]`
`Huyền Baby`,`true`,`true`,,,,,,`spt_5bMwwJZX9bBFAMTbqIHig7`,`["Huyền Baby"]`
`P.A.`,`true`,`true`,,,,`https://i.scdn.co/image/ab6761610000e5ebab29242010c05ef8df5f731f`,,`spt_1D0YWwTT54FXCh10i0JmNn`,`["P.A."]`
`Lil' BK`,`true`,`true`,,,,,,`spt_1gEnoCoiteEZpzu0LWJO6E`,`["Lil' BK"]`
`BOMATELA`,`true`,`true`,,,,`https://i.scdn.co/image/ab67616d0000b27313d38e4353a8c3ae89fec15b`,,`spt_5ZNLJvqIxx52FXoAB8wNtO`,`["BOMATELA"]`
`Snoop Dogg`,`true`,`true`,,,,`https://i.scdn.co/image/ab6761610000e5eb9a398209a4ef3360dce2dec4`,,`spt_7hJcb9fa4alzcOq3EaNPoG`,`["Snoop Dogg"]`
`DJ Tzo`,`true`,`true`,,,,`https://i.scdn.co/image/ab6761610000e5eb782f87a244df402b0856f23e`,,`spt_7k6G3hJXloo3wmP7wlbmgs`,`["DJ Tzo"]`
`Viru Chhikara`,`true`,`true`,,,,,,`spt_2lRs02t245cbTpJUNUuW8F`,`["Viru Chhikara"]`
`Paper Chan Lee`,`true`,`true`,,,,`https://i.scdn.co/image/ab67616d0000b273768dcce26f3054752075bb85`,,`spt_43zEdEuy6TbUeQwJTq36dD`,`["Paper Chan Lee"]`
`Ha Bi`,`true`,`true`,,,,,,`spt_7fO6uBOog06LIENNhLS0aq`,`["Ha Bi"]`
`Elli'an`,`true`,`true`,,,,,,`spt_25lWD3GaMVnsec74eYE7Qg`,`["Elli'an"]`
`Aaron Tesser & The New Jazz Affair`,`true`,`true`,,,,`https://i.scdn.co/image/ab67616d0000b273cc6200856fe5bc23a1996db6`,,`spt_3pNXwV8bJgtisiTeRYqmdh`,`["Aaron Tesser & The New Jazz Affair"]`
`Viani DJ`,`true`,`true`,,,,`https://i.scdn.co/image/ab67616d0000b273da52c69f3863083ebb91c6ac`,,`spt_6kJ8qcSEKc3m6CePwjV0C6`,`["Viani DJ"]`
`Papik`,`true`,`true`,,,,`https://i.scdn.co/image/ab6761610000e5eb753ef2f8fa0a7ecf2ccaebf9`,,`spt_5Wh262aq2cDPRXCljNooc4`,`["Papik"]`
`Marshall Fent`,`true`,`true`,,,,,,`spt_77efgQyrUPI0gORBwtOBH0`,`["Marshall Fent"]`
`Riccicomoto`,`true`,`true`,,,,`https://i.scdn.co/image/ab67616d0000b273955caa0cdebb7d01d8487f7b`,,`spt_4mxi0tUaxG27MGf7jI10eY`,`["Riccicomoto"]`
`Gospel Jamboree`,`true`,`true`,,,,`https://i.scdn.co/image/ab67616d0000b27369b81937dbfbbd0231bd8c3e`,,`spt_4Dch5rQF9qutvB9tsPgaSJ`,`["Gospel Jamboree"]`
`Tommie Harris`,`true`,`true`,,,,`https://i.scdn.co/image/ab67616d0000b27382eebccb2e356c55e5ad22ca`,,`spt_456f6LqSp7VI3tF3ZDoLAI`,`["Tommie Harris"]`
`Kiesha Trap`,`true`,`true`,,,,,,`spt_7kuuCufJN0PHRvY8JiY2Aq`,`["Kiesha Trap"]`
`Caroline Mhlanga`,`true`,`true`,,,,`https://i.scdn.co/image/ab67616d0000b2730b3b7bc9657bd25d17ba8c79`,,`spt_6GtTXTVvZzPfTpyhDqfsjX`,`["Caroline Mhlanga"]`
`Toni Lorenzo`,`true`,`true`,,,,`https://i.scdn.co/image/ab67616d0000b273bdba694595ced9e213d988d6`,,`spt_6ii4ZJmMWKTp5P2L2CPzfH`,`["Toni Lorenzo"]`
`Jo Ann Pickens`,`true`,`true`,,,,`https://i.scdn.co/image/ab67616d0000b2736fe0dd119dd62d69ee0e6cc5`,,`spt_1KgY6JRbYlZSEkGjLQbunS`,`["Jo Ann Pickens"]`
`Bernd Hasel`,`true`,`true`,,,,`https://i.scdn.co/image/ab67616d0000b27357d6de8cb36dd3219c018259`,,`spt_1IGLprX7XppxmQuuEbDPDb`,`["Bernd Hasel"]`
`Clivia Christina`,`true`,`true`,,,,`https://i.scdn.co/image/ab67616d0000b273d9c8905bd6148dabec117095`,,`spt_1uUCdFInPGQRanh1vE8EAx`,`["Clivia Christina"]`
`Dell Vostro Win 7 Pro Dell Vostro Win XP Outlook Corporate NB Dell Vostro Win 7 Pro`,`true`,`true`,,,,,,`spt_2aPeyIM42b9ORFy2bELp1u`,`["Dell Vostro Win 7 Pro Dell Vostro Win XP Outlook Corporate NB Dell Vostro Win 7 Pro"]`
`Tony Horowitz on trumpet`,`true`,`true`,,,,,,`spt_7e8igd9wBpoo58uLKYaCNt`,`["Tony Horowitz on trumpet"]`
`DJ Fede`,`true`,`true`,,,,`https://i.scdn.co/image/ab6761610000e5eb6f4c78c56492fb408031b0e3`,,`spt_7Jvp6QTJqEQqdRXP389Pm8`,`["DJ Fede"]`
`Cheeps`,`true`,`true`,,,,`https://i.scdn.co/image/ab67616d0000b2736117471aff6026fa91bec8e7`,,`spt_5yPrRP1AlMvh4jCHAqkBqo`,`["Cheeps"]`
`Kaleidoscopio`,`true`,`true`,,,,`https://i.scdn.co/image/ab67616d0000b27307e5c401f1f905c1ae9b4629`,,`spt_3T3tGNFT5mCp1mrCrgK2wz`,`["Kaleidoscopio"]`
`Zone`,`true`,`true`,,,,`https://i.scdn.co/image/ab6761610000e5ebc32b357a13ccb4b2be250a96`,,`spt_0tLvynbbZN7TuGTN0wfIGA`,`["Zone"]`
`Blade & Masquenada Family`,`true`,`true`,,,,`https://i.scdn.co/image/ab67616d0000b2737afba55782b626e009c861fe`,,`spt_1CgQxZXYS8lZNfyHm7bcO4`,`["Blade & Masquenada Family"]`
`12 Fingers`,`true`,`true`,,,,`https://i.scdn.co/image/ab67616d0000b27310052ba38af073b91cfe3eb0`,,`spt_0tjHpbjAuIJiiLDpHyJ7LS`,`["12 Fingers"]`
`Viviane Cruz`,`true`,`true`,,,,`https://i.scdn.co/image/ab67616d0000b27380b41ae7bbf450feeb22b602`,,`spt_5WuV9oeFcUex0UsBexIfoR`,`["Viviane Cruz"]`
`Funkestra`,`true`,`true`,,,,`https://i.scdn.co/image/ab67616d0000b27323f2eef09c047003defcf73a`,,`spt_1bBftKEqaejw34LWP1r5Gn`,`["Funkestra"]`
`Banda Favela`,`true`,`true`,,,,`https://i.scdn.co/image/ab67616d0000b273f3d946ab116eaad40524e9fe`,,`spt_4IGDrKs52q8B8xqLHhwUO5`,`["Banda Favela"]`
`Guido Nemola`,`true`,`true`,,,,`https://i.scdn.co/image/ab6761610000e5eb4dcf27d3baf20e153827fb05`,,`spt_7y34BVEvvXgLXrXSLBYshO`,`["Guido Nemola"]`
`Funky Destination`,`true`,`true`,,,,`https://i.scdn.co/image/ab67616d0000b2735430d69fdb1bb8f076d585f0`,,`spt_2FK2jZ7cuokxYOC5nSM7bK`,`["Funky Destination"]`
`Bossa Nostra`,`true`,`true`,,,,`https://i.scdn.co/image/ab6761610000e5eb5601f8a4036913eb4c8cb3be`,,`spt_4Ke5A5zOK8o7ITEKHvGZ7F`,`["Bossa Nostra"]`
`LTJ X-Perience`,`true`,`true`,,,,`https://i.scdn.co/image/ab6761610000e5eb9752a9fe6d385a9d1cb5e819`,,`spt_4kYh7NEUAOTMEG4SuimYl7`,`["LTJ X-Perience"]`
`Jackson Sloan`,`true`,`true`,,,,`https://i.scdn.co/image/ab67616d0000b27305415bc02bfdec27791c3a31`,,`spt_4fWCkTIccSwTLXM8xBo8wL`,`["Jackson Sloan"]`
`Spiller`,`true`,`true`,,,,`https://i.scdn.co/image/ab6761610000e5eb30207e4e4a3423480f2eb3a5`,,`spt_4bmymFwDu9zLCiTRUmrewb`,`["Spiller"]`
`Belladonna`,`true`,`true`,,,,`https://i.scdn.co/image/ab6761610000e5ebde2ddc2a97560e125a05c329`,,`spt_0tOi96DSOq8s9Qadc6CxU6`,`["Belladonna"]`
`Clan Greco`,`true`,`true`,,,,`https://i.scdn.co/image/ab67616d0000b27398f3f7718b9d27877b1d84fc`,,`spt_3O0Mg4SG77p7gJa3v7Jjm0`,`["Clan Greco"]`
`Alan Scaffardi`,`true`,`true`,,,,`https://i.scdn.co/image/ab6761610000e5ebb04faf8b4ba6b9d8fbd51298`,,`spt_77K1Ud04no7BEcBvPbeXMg`,`["Alan Scaffardi"]`
`Ricky Birickyno`,`true`,`true`,,,,`https://i.scdn.co/image/ab6761610000e5eb0d87a6d219fbad353459e38c`,,`spt_1hxQACgW4A0vQr2yzk3IrD`,`["Ricky Birickyno"]`
`Kaigo`,`true`,`true`,,,,`https://i.scdn.co/image/ab6761610000e5eb4329ada1c26a76b2ba55425f`,,`spt_4HgqyiwIUMhxYCLTu5OUe5`,`["Kaigo"]`
`Francesco Cofano`,`true`,`true`,,,,`https://i.scdn.co/image/ab6761610000e5eb10e575a75895f7dd1f0e62c8`,,`spt_1PqdlSHzJK6bRY14ZiJzBd`,`["Francesco Cofano"]`
`Sarah Jane Morris`,`true`,`true`,,,,`https://i.scdn.co/image/ab6761610000e5ebb502bc35834d704b3aff11a0`,,`spt_7g6rQ236kj9vrXWdGyiC8o`,`["Sarah Jane Morris"]`
`Don Carlos`,`true`,`true`,,,,`https://i.scdn.co/image/ab6761610000e5eb839eedd83c5e0670182b5d8a`,,`spt_5WF9UkgNk1JGU2C76UayUq`,`["Don Carlos"]`
`2 Men 4 Soul`,`true`,`true`,,,,`https://i.scdn.co/image/ab67616d0000b2731041193ec719ef292bcf2fde`,,`spt_1t641Z9keXunH7o35ZM8hE`,`["2 Men 4 Soul"]`
`Al Castellana`,`true`,`true`,,,,`https://i.scdn.co/image/ab6761610000e5ebadac60f4b2616d722fadd9c8`,,`spt_6UVCwrEMPsmydH3KKffz4Z`,`["Al Castellana"]`
`Ivan Iacobucci`,`true`,`true`,,,,`https://i.scdn.co/image/ab67616d0000b27304ee9779b5f1956ece4dce04`,,`spt_6NIXZ8Ho9ijXN8EuB60AU1`,`["Ivan Iacobucci"]`
`Amana Melomè`,`true`,`true`,,,,`https://i.scdn.co/image/ab67616d0000b2730b22f982bd6fab8fdad13ccf`,,`spt_3AqgxCUHPyEpbIHwQlZ2xI`,`["Amana Melomè"]`
`Atjazz`,`true`,`true`,,,,`https://i.scdn.co/image/ab6761610000e5eba71d5393bc1d3dca6bcc076a`,,`spt_5E1HWPplEsztsh2zh1c9mH`,`["Atjazz"]`
`David Florio`,`true`,`true`,,,,`https://i.scdn.co/image/ab6761610000e5ebe0956837aaed702756554856`,,`spt_4vz1OQx0IvlqVnGqcriDPw`,`["David Florio"]`
`Soul Quality Quartet`,`true`,`true`,,,,`https://i.scdn.co/image/ab67616d0000b27321a8998382b8fa13809381c0`,,`spt_3zdFKgEpWO3Rq5eD8z9TLG`,`["Soul Quality Quartet"]`
`Be Noir`,`true`,`true`,,,,`https://i.scdn.co/image/ab67616d0000b27365b6275804abe8e7a50ddc52`,,`spt_3nnFMTmMugpOsBI3mQTPBz`,`["Be Noir"]`
`VINI HELLABANDS`,`true`,`true`,,,,,,`spt_4qXAVyWURVyz4ePDJaEsa7`,`["VINI HELLABANDS"]`
`Erika Scherlin`,`true`,`true`,,,,`https://i.scdn.co/image/ab6761610000e5ebefdd2ebc173cb4cfbacbfc11`,,`spt_7cg6zPDNT3ICVodEazMLp7`,`["Erika Scherlin"]`
`Jestofunk`,`true`,`true`,,,,`https://i.scdn.co/image/ab6761610000e5ebdbef294379e6c3bbffd9fb63`,,`spt_6mbMvxJiHaK9mNPyKSPGjA`,`["Jestofunk"]`
`Francesco Pucciarelli`,`true`,`true`,,,,`https://i.scdn.co/image/ab67616d0000b273c1770ed4de20c975e5f20620`,,`spt_5s9mSUbImA3PMl7ZEC3kBu`,`["Francesco Pucciarelli"]`
`From P60`,`true`,`true`,,,,`https://i.scdn.co/image/ab6761610000e5ebbff951eff75607fcc33fa197`,,`spt_4UKotJNXzACdgDPuma9aRw`,`["From P60"]`
`Virag`,`true`,`true`,,,,`https://i.scdn.co/image/ab67616d0000b273405109e147ec6a3949f0227b`,,`spt_6km1ZeUeghuWRiY1C5yJKg`,`["Virag"]`
`The Soultrend Orchestra`,`true`,`true`,,,,`https://i.scdn.co/image/ab6761610000e5eb79c23ee7a5909e33ad847ffe`,,`spt_2ZCDrnzQpD9Xp5g2n2esnV`,`["The Soultrend Orchestra"]`
`Work & Play`,`true`,`true`,,,,`https://i.scdn.co/image/ab67616d0000b27372a85ea29b325801ef0eb5ff`,,`spt_6yoMYCEdzowWaIEe4hfYQr`,`["Work & Play"]`
`Samma Lone`,`true`,`true`,,,,`https://i.scdn.co/image/ab6761610000e5eb24e12276ea55e62da6f35bf4`,,`spt_3F5w47VZ4PCTNNiriud3gm`,`["Samma Lone"]`
`Filippo Perbellini`,`true`,`true`,,,,`https://i.scdn.co/image/ab6761610000e5ebe1c6d946d3598ec067d29ae7`,,`spt_6zDF0Vaa3SzphJll1NfpBe`,`["Filippo Perbellini"]`
`Opolopo`,`true`,`true`,,,,`https://i.scdn.co/image/ab6761610000e5eb8f0264bd7a0005cc757d8148`,,`spt_5WaobPZaAjGIIlabFX3I94`,`["Opolopo"]`
`Gazzara`,`true`,`true`,,,,`https://i.scdn.co/image/ab6761610000e5ebdf2b655a5515c41134728cbd`,,`spt_24rjbt2DY3KwoNkaMjvFqT`,`["Gazzara"]`
`Trần Vũ`,`true`,`true`,,,,`https://i.scdn.co/image/ab67616d0000b2730f5d822519addcf1b1dc059e`,,`spt_3QCxfKEb2jo2Hl5lIjZ8IC`,`["Trần Vũ"]`
`Hiyadam`,`true`,`true`,,,,`https://i.scdn.co/image/ab6761610000e5ebad6bbb9614f925cc9ac09b83`,,`spt_5akLOzzp3zMfvne1K2tv7e`,`["Hiyadam"]`
`Le Hoang Phong`,`true`,`true`,,,,,,`spt_0mkT4LWk7olIbQqrmpWLS8`,`["Le Hoang Phong"]`
`EMESGE`,`true`,`true`,,,,`https://i.scdn.co/image/ab6761610000e5eb8102c5def119b232a85223bd`,,`spt_2EJMIF5M7ZAaWJxMNyEtmg`,`["EMESGE"]`
`Ember`,`true`,`true`,,,,`https://i.scdn.co/image/ab6761610000e5eb198dafa5c40eaf27350bd5c6`,,`spt_0OAEwIjPg4KZM9xGeUoc1I`,`["Ember"]`
`Veo June`,`true`,`true`,,,,`https://i.scdn.co/image/ab6761610000e5ebf4a9de06e5c2259d33f6ed7f`,,`spt_6EMoWOEuwJX4SotWQWMWHi`,`["Veo June"]`
`FMG Lace`,`true`,`true`,,,,,,`spt_7bpuJo11jS6yUKBZuvLYYh`,`["FMG Lace"]`
`Flakko`,`true`,`true`,,,,`https://i.scdn.co/image/ab6761610000e5eb49b324e0be0b9cb10129bcdd`,,`spt_2AjaHAssp6Rh0WDAlxcqoF`,`["Flakko"]`
`FMG Cold`,`true`,`true`,,,,,,`spt_6gWyxI3no54QzN35vjJXkG`,`["FMG Cold"]`
`Da Briz`,`true`,`true`,,,,,,`spt_4jddPZ7HcEKUagcUrDT0JA`,`["Da Briz"]`
`Riagg Mc`,`true`,`true`,,,,`https://i.scdn.co/image/ab6761610000e5ebde563cc8044e5caa625f2a40`,,`spt_0zRKlNlS8hIWWgKSDkzXic`,`["Riagg Mc"]`
`Shine`,`true`,`true`,,,,`https://i.scdn.co/image/ab67616d0000b27303480dc8b15ba6917ac6fed2`,,`spt_4oRbC97UC0Ozc5SlJpIfgn`,`["Shine"]`
`Skenkie`,`true`,`true`,,,,`https://i.scdn.co/image/ab6761610000e5eb7053bc24bb39ac91e4e3dbd5`,,`spt_2unTJujBazNW799DoM5NzR`,`["Skenkie"]`
`Faby`,`true`,`true`,,,,`https://i.scdn.co/image/ab6761610000e5ebc8c549f239dca14b27553df5`,,`spt_6kSnJSCW8lj4uosx1vAzn3`,`["Faby"]`
`Johann Borchers & Friends`,`true`,`true`,,,,`https://i.scdn.co/image/ab6761610000e5eb98b2e6f8e00c0c59b02f6cbb`,,`spt_0cgQbR53X48Wuu1VkTRfWw`,`["Johann Borchers & Friends"]`
`Zeyro`,`true`,`true`,,,,`https://i.scdn.co/image/ab6761610000e5ebf0e4c77a73fbc898811ccb82`,,`spt_1QpBn4vuvA9tOWSEXFmcbW`,`["Zeyro"]`
`BETO`,`true`,`true`,,,,`https://i.scdn.co/image/ab6761610000e5eb3b91bce3f4bd23254f9052e7`,,`spt_2MyQecIx1VwRnGoSkjzbsc`,`["BETO"]`
`Solodolo`,`true`,`true`,,,,`https://i.scdn.co/image/ab6761610000e5eb7569d0d31082c9139176de8e`,,`spt_3iYqCORh1BRJiACNvZElwZ`,`["Solodolo"]`
`Cutthroat Cuzzn`,`true`,`true`,,,,`https://i.scdn.co/image/ab67616d0000b273092f08331f7b8740cb34b885`,,`spt_6j47czPcuJA4uMAj1n4CUT`,`["Cutthroat Cuzzn"]`
`Big Tommy`,`true`,`true`,,,,`https://i.scdn.co/image/ab67616d0000b273798e41c4eac7f382a6d830a1`,,`spt_74dmF5TUo1alSveskespc6`,`["Big Tommy"]`
`Eso`,`true`,`true`,,,,`https://i.scdn.co/image/ab67616d0000b2736d4c260bdf4f469f1c7c1133`,,`spt_0LjWm7KRRvVduoPCGZGOya`,`["Eso"]`
`Xtraz`,`true`,`true`,,,,,,`spt_4sYGWl9igitDskgY2P6v2q`,`["Xtraz"]`
`Mau' Rio Daetrel`,`true`,`true`,,,,`https://i.scdn.co/image/ab67616d0000b273ad6b1d4953559f549291b00f`,,`spt_6hHKRbzoRsLo7tQWuMvd4c`,`["Mau' Rio Daetrel"]`
`Tony James`,`true`,`true`,,,,`https://i.scdn.co/image/ab67616d0000b2733b7abaa051de3639c8e283a0`,,`spt_6IBE0uFGBJpy6vhIANvrvd`,`["Tony James"]`
`Fruitman`,`true`,`true`,,,,,,`spt_1ECtOENnvADYvNzXugpPR7`,`["Fruitman"]`
`King D`,`true`,`true`,,,,,,`spt_6c9blU2ZieEOY0BNEiWEGJ`,`["King D"]`
`Super`,`true`,`true`,,,,`https://i.scdn.co/image/ab67616d0000b273368a5c329fb21eb995da666d`,,`spt_7fxgZY4YeVza7fNLRTAfiO`,`["Super"]`
`Mike BZ`,`true`,`true`,,,,,,`spt_4HeWuxEXOOEdWnRs5vIzrp`,`["Mike BZ"]`
`Lamian`,`true`,`true`,,,,`https://i.scdn.co/image/ab67616d0000b2734e58641394671bf4b1efdc50`,,`spt_44LmSDOUyhIM0OKbEiy5QK`,`["Lamian"]`
`Hạ Trâm`,`true`,`true`,,,,`https://i.scdn.co/image/ab67616d0000b27398e4bc9917c1724702d2a4c3`,,`spt_4kHO2MMTrV0ppD4pENcsFh`,`["Hạ Trâm"]`
`Kang Ha Neul`,`true`,`true`,,,,`https://i.scdn.co/image/ab67616d0000b273912e219e48f4fec7db45811f`,,`spt_5mlXt0cRvhg2o0LKt8ILJD`,`["Kang Ha Neul"]`
`La Thang`,`true`,`true`,,,,`https://i.scdn.co/image/ab67616d0000b273856070f10d51e80a9a3c1267`,,`spt_1oy7dXFDtJIzdhUJSzcX0C`,`["La Thang"]`
`Châu Ngọc Tiên`,`true`,`true`,,,,`https://i.scdn.co/image/ab67616d0000b27309891e257b2def96917a7c64`,,`spt_2rV6o5IFuWgGBjSe6ZHH2z`,`["Châu Ngọc Tiên"]`
`Hàn Thái Tú`,`true`,`true`,,,,`https://i.scdn.co/image/ab67616d0000b2739690d61b34a7cf59458a4d53`,,`spt_0PGzIIVMT5LetzEJUnAx9v`,`["Hàn Thái Tú"]`
`Nhóm F5`,`true`,`true`,,,,`https://i.scdn.co/image/ab67616d0000b273ae2cb5f19e15804fecc56fa7`,,`spt_1pZY5RuuZkYAuCaGGJW6jv`,`["Nhóm F5"]`
`Y Jang Tuyn`,`true`,`true`,,,,`https://i.scdn.co/image/ab67616d0000b273c10c22d1165a1aa7414e4690`,,`spt_2lroMiyqUW6EWZW95TWKty`,`["Y Jang Tuyn"]`
`Sang Pin`,`true`,`true`,,,,`https://i.scdn.co/image/ab67616d0000b27379ba2d609c92f8af18fb17d1`,,`spt_7ho2kZGvWS4BBLm2N6SZbr`,`["Sang Pin"]`
`Hoài Anh Kiệt`,`true`,`true`,,,,`https://i.scdn.co/image/ab67616d0000b2736c4833b840019856f28fbebd`,,`spt_2eIbbPxhxIoJWKiGNIs4LN`,`["Hoài Anh Kiệt"]`
`Thúy Nga`,`true`,`true`,,,,`https://i.scdn.co/image/ab67616d0000b27337c27d71f68840b234f2581b`,,`spt_6QqFr0SKXvnEwHxBMQWXg9`,`["Thúy Nga"]`
`Lilshiver`,`true`,`true`,,,,,,`spt_1H26jHhos9r8hOKuiCjfcn`,`["Lilshiver"]`
`S.M.N`,`true`,`true`,,,,,,`spt_3uBiJ2FaqLpUNor9LUJJTd`,`["S.M.N"]`
`Hoài Thanh`,`true`,`true`,,,,`https://i.scdn.co/image/ab67616d0000b2731b2bf5b27bf58928b84d5cde`,,`spt_6G3AKC6E3OFmudLFuYMwEB`,`["Hoài Thanh"]`
`Anh Tài`,`true`,`true`,,,,`https://i.scdn.co/image/ab67616d0000b27365c6c7d571c249dbb4568399`,,`spt_6wBESKuyeilfpyu72Nha4W`,`["Anh Tài"]`
`Trung Lê`,`true`,`true`,,,,,,`spt_5LjG7tVhBZi7AEDNK7L6Tj`,`["Trung Lê"]`
`Tuấn Vỹ`,`true`,`true`,,,,`https://i.scdn.co/image/ab67616d0000b27352d95ab32322d9e867760f9e`,,`spt_6jg3P4bNoaIr8O3S2BDhvP`,`["Tuấn Vỹ"]`
`Đình Nguyên`,`true`,`true`,,,,`https://i.scdn.co/image/ab67616d0000b2731e08461383900fe7fc35b752`,,`spt_5CIVPwhbzuisPirMmyprf4`,`["Đình Nguyên"]`
`Đoàn Minh`,`true`,`true`,,,,`https://i.scdn.co/image/ab67616d0000b2737c6dc8913144a0ee3423d05a`,,`spt_0H8DQXB1lKU8QExRbpOndQ`,`["Đoàn Minh"]`
`Ngọc Đáng`,`true`,`true`,,,,,,`spt_0XSEYQbIdESLjieDRoVN1n`,`["Ngọc Đáng"]`
`Nhóm Piano`,`true`,`true`,,,,,,`spt_6D4hFVNzVEZchn41QYmOtY`,`["Nhóm Piano"]`
`Trương Quốc Bảo`,`true`,`true`,,,,,,`spt_531qXkuBmueaSPO9AGi5Uj`,`["Trương Quốc Bảo"]`
`Giao Linh`,`true`,`true`,,,,`https://i.scdn.co/image/ab67616d0000b2734321cfa5be07b83ed330bb63`,,`spt_4H5Eeyp0AbxXuJKbeuc1wx`,`["Giao Linh"]`
`Trần Hoài Phong`,`true`,`true`,,,,,,`spt_5SnVBr6Vt8fGiC9Mj0qb40`,`["Trần Hoài Phong"]`
`Trịnh Phong`,`true`,`true`,,,,`https://i.scdn.co/image/ab67616d0000b273d4f8e26b2d43fd1013ce07d8`,,`spt_05ooJamf0aqZ6GKKgmllzl`,`["Trịnh Phong"]`
`Khanh Trung`,`true`,`true`,,,,`https://i.scdn.co/image/ab67616d0000b273f30580bf50b959608e314590`,,`spt_2CNuDKQzQtgNec7pJSY3Ut`,`["Khanh Trung"]`
`Ngô Trác Linh`,`true`,`true`,,,,`https://i.scdn.co/image/ab67616d0000b2734594be74824ca936d0469888`,,`spt_0axinyAzugqEv6gl6Hn708`,`["Ngô Trác Linh"]`
`The Voi Biển Band`,`true`,`true`,,,,,,`spt_6V4QQHRwHGPtI19jAxr3mN`,`["The Voi Biển Band"]`
`Anh Long Đờ Riu`,`true`,`true`,,,,,,`spt_4DETv9khOjSJEDmZa3GRNd`,`["Anh Long Đờ Riu"]`
`Quoc Cuong`,`true`,`true`,,,,`https://i.scdn.co/image/ab67616d0000b2737a367ae2c3f9da022eb8b99f`,,`spt_2K7waqBS2kszgU9yXj51J1`,`["Quoc Cuong"]`
`Dick`,`true`,`true`,,,,`https://i.scdn.co/image/ab6761610000e5eb85bee23f43891262df072714`,,`spt_1tikl40deDgJWS57GTKiVh`,`["Dick"]`
`Thái Châu`,`true`,`true`,,,,`https://i.scdn.co/image/ab67616d0000b27300ce9435a4761aa2d6f48042`,,`spt_5AnqQwU6JkgU0dFmFKI6dM`,`["Thái Châu"]`
`Vinny Vũ`,`true`,`true`,,,,`https://i.scdn.co/image/ab67616d0000b2730cee24d8d91c4bca24e757f3`,,`spt_3wb3AQ4VjXrJrRtbtVslvL`,`["Vinny Vũ"]`
`Thiên Bảo`,`true`,`true`,,,,`https://i.scdn.co/image/ab67616d0000b273ff378aada2cc7764e2e4b343`,,`spt_3daQjKWXWFV7hf3r0arMs1`,`["Thiên Bảo"]`
`Hải Băng`,`true`,`true`,,,,`https://i.scdn.co/image/ab67616d0000b273307d72c1c513d1e29e23d76f`,,`spt_4OXdfR1Hk5HzOyLWcEm87J`,`["Hải Băng"]`
`mess.`,`true`,`true`,,,,`https://i.scdn.co/image/ab6761610000e5ebcfe94288b215048b59aaf1a3`,,`spt_6kRuMeWznsiXAIF2GriqkF`,`["mess."]`
`Huy Bánh`,`true`,`true`,,,,`https://i.scdn.co/image/ab6761610000e5eb8dd0cfdadf243372d15025c8`,,`spt_36XbV1Ig39eEazdIuSmrkz`,`["Huy Bánh"]`
`Khải Đăng`,`true`,`true`,,,,`https://i.scdn.co/image/ab6761610000e5ebc887641bd104126a466aff6c`,,`spt_5lRuI7jZMno275jJphvRjg`,`["Khải Đăng"]`
`Phạm Hồng Phước`,`true`,`true`,,,,`https://i.scdn.co/image/ab6761610000e5eb723eb4b3d238c140fd439d4d`,,`spt_2DpuPZSraeVoLMKV5QJj7y`,`["Phạm Hồng Phước"]`
`Trí`,`true`,`true`,,,,`https://i.scdn.co/image/ab67616d0000b27353d9a01ec7377298a1c9efcc`,,`spt_5C4Aj6N3hJ1DMinEjqQTRM`,`["Trí"]`
`Hồ Phong An`,`true`,`true`,,,,`https://i.scdn.co/image/ab67616d0000b273fe821f70794be7551cf462eb`,,`spt_2o3NRwM2iCmMl2iRISmF2j`,`["Hồ Phong An"]`
`Mr Shyn`,`true`,`true`,,,,`https://i.scdn.co/image/ab67616d0000b27354fe3fb319f3dd659cf02da2`,,`spt_1nnurxLnveaxMpWn9I2Gk5`,`["Mr Shyn"]`
`Nguyên Hạnh`,`true`,`true`,,,,,,`spt_1Rrap4kpUH4Ig56oholSk4`,`["Nguyên Hạnh"]`
`Hạ My`,`true`,`true`,,,,`https://i.scdn.co/image/ab67616d0000b273d0867a0e488975f7a5abd6b1`,,`spt_0VG0THjBbz0Oocdt3mTEOD`,`["Hạ My"]`
`Linh Cáo`,`true`,`true`,,,,`https://i.scdn.co/image/ab6761610000e5eb11f342aeb203c33c29f1018c`,,`spt_0vTUa2hbNHke3omoGxuKFm`,`["Linh Cáo"]`
`Highkey`,`true`,`true`,,,,`https://i.scdn.co/image/ab6761610000e5ebc090d5f3f09c41db010bb303`,,`spt_3sxGc3DpM7iTUqqlVGlIsh`,`["Highkey"]`
`Nhóm Trio 665`,`true`,`true`,,,,,,`spt_6Bi7ri69YsMNUjKuec2Au3`,`["Nhóm Trio 665"]`
`Minh Hà`,`true`,`true`,,,,`https://i.scdn.co/image/ab67616d0000b273abca3a7f1a220d4ebc1f3f83`,,`spt_5eBmpWc5ICjjMNe9cswMSy`,`["Minh Hà"]`
`Tuấn Tú Bolero`,`true`,`true`,,,,`https://i.scdn.co/image/ab67616d0000b273cc976feb10e05aed250ea260`,,`spt_0MWYrMHuEb5B4i6b3kV3tp`,`["Tuấn Tú Bolero"]`
`Koo`,`true`,`true`,,,,`https://i.scdn.co/image/ab6761610000e5eba42b03fd4371a3b1765d8f20`,,`spt_19JOXyTbKnSp1QxnKEeXtq`,`["Koo"]`
`L-Biz`,`true`,`true`,,,,`https://i.scdn.co/image/ab6761610000e5eba4d0176fd2b68aa157250ebe`,,`spt_0zRuErtI2bXzJ1qzwZFU1f`,`["L-Biz"]`
`antransax`,`true`,`true`,,,,`https://i.scdn.co/image/ab6761610000e5eb9a4647e402a7b1beb668cfd1`,,`spt_3E3VtUZsU5Ci439SjOdCd0`,`["antransax"]`
`thái sơn`,`true`,`true`,,,,,,`spt_27U7vh765eYcsPAi9c0fXA`,`["thái sơn"]`
`Ken@Work`,`true`,`true`,,,,`https://i.scdn.co/image/ab6761610000e5eb3f7a4365f6b48751da02bec8`,,`spt_2MEx3ga68IvvpzG5T0UlWj`,`["Ken@Work"]`
`Nguyễn Hoàng Duy`,`true`,`true`,,,,`https://i.scdn.co/image/ab67616d0000b273fa9360fa5fe967e879f429e1`,,`spt_6JrEJBVYtlTxHffiPnhNYP`,`["Nguyễn Hoàng Duy"]`
`SMO`,`true`,`true`,,,,`https://i.scdn.co/image/ab67616d0000b27303a5a1ca53199895a7a82630`,,`spt_7EtGplvo0DsuzNdBB8r1Ga`,`["SMO"]`
`Thuan Nguyen`,`true`,`true`,,,`VN`,`https://i.scdn.co/image/ab67616d0000b27347f398082ae0b4ce70507ea1`,,`spt_0Tz9NpLMEwsdPcBurGdQh4`,`["Thuan Nguyen"]`
`Sơn Tùng M-TP`,`true`,`true`,,,`VN`,`https://i.scdn.co/image/ab6761610000e5eb7afc6ecdb9102abd1e10d338`,`https://i.scdn.co/image/ab67618600001016bfff12c781d46c46b5268efb`,`spt_5dfZ5uSmzR7VQK0udbAVpf`,`["Sơn Tùng M-TP"]`
`quanxmas`,`true`,`true`,,,,,,`spt_7Lc8DavPnj3mhrlqkaBsY4`,`["quanxmas"]`
`Vizza`,`true`,`true`,,,,,,`spt_5PKF1cgEcUInoQ3LoycXUk`,`["Vizza"]`
`Siu Thân`,`true`,`true`,,,,,,`spt_4O2FRrYQRMdLlEVIWDUuaq`,`["Siu Thân"]`
`Hải Lê`,`true`,`true`,,,,,,`spt_1Y4F9CBPRYzJyKfDOLRJKP`,`["Hải Lê"]`
`8x Band`,`true`,`true`,,,,,,`spt_6W7ZrMVQRspxhOx3xS4FSH`,`["8x Band"]`
`P336`,`true`,`true`,,,,,,`spt_4N4YFxrtUkvbwLdisZ1123`,`["P336"]`
`Dt`,`true`,`true`,,,,,,`spt_1xh3ZJ0qM7sioP1D6yFS2T`,`["Dt"]`
`TVM`,`true`,`true`,,,,,,`spt_3bysKiVKQ2ZIr6ehlJmUsX`,`["TVM"]`
`ARWANA`,`true`,`true`,,,,`https://i.scdn.co/image/ab67616d0000b2732e40b313f2c069e8253da417`,,`spt_0OxY3uS1pIdFCdca7dSK8J`,`["ARWANA"]`
`Minsb`,`true`,`true`,,,,,,`spt_4kkCkcFZEEsMZ1hi7g0rp0`,`["Minsb"]`
`Mosoulbad`,`true`,`true`,,,,,,`spt_2CAvbHOTyzUFlGVgq7j96Z`,`["Mosoulbad"]`
`Ki Ki`,`true`,`true`,,,,,,`spt_3IM4z8cFloxkCZU4Eq0g3X`,`["Ki Ki"]`
`Âu Nam Thái`,`true`,`true`,,,,`https://i.scdn.co/image/ab67616d0000b273f8f548e1ddb60b8a197f60a8`,,`spt_1kRAEGaUtNr7nlWqjsQJIT`,`["Âu Nam Thái"]`
`Quỳnh Nga`,`true`,`true`,,,,`https://i.scdn.co/image/ab67616d0000b2730d43e7f96dabebbd5745690c`,,`spt_6GHS9xzuPqmM4BRUkvsXXj`,`["Quỳnh Nga"]`
`Âu Khải Minh`,`true`,`true`,,,,,,`spt_0UWyUhqUBOqYgDq8Oc5BfU`,`["Âu Khải Minh"]`
`AC&M`,`true`,`true`,,,,`https://i.scdn.co/image/ab67616d0000b2733803eb29def801aec97ee3d2`,,`spt_4OzO6OUa1Q96O9J8tsODT6`,`["AC&M"]`
`Y Vân`,`true`,`true`,,,,,,`spt_1vID8PPZbtDHkx7KDYalaH`,`["Y Vân"]`
`Năm Dòng Kẻ`,`true`,`true`,,,,,,`spt_51Pw6UIFfN2Bs3qymDrJiK`,`["Năm Dòng Kẻ"]`
`BeeBB`,`true`,`true`,,,,`https://i.scdn.co/image/ab67616d0000b27329b5c9cce24c1ad0955e983c`,,`spt_00RhRID8FKDP4s90vOdjTE`,`["BeeBB"]`
`Kali Uchis`,`true`,`true`,,,,`https://i.scdn.co/image/ab6761610000e5eb51dfdac248da65a860963b68`,,`spt_1U1el3k54VvEUzo3ybLPlM`,`["Kali Uchis"]`
`Dorota`,`true`,`true`,,,,`https://i.scdn.co/image/ab67616d0000b273aaea2908dbd158bda61c69ce`,,`spt_5MvwaSu7vwwce7vxHlH0PR`,`["Dorota"]`
`Mee Media`,`true`,`true`,,,,`https://i.scdn.co/image/ab6761610000e5eb850db55d69a23d2604e05473`,,`spt_03A7qa4lY7tRu54wSu5FMt`,`["Mee Media"]`
`Bmaay`,`true`,`true`,,,,`https://i.scdn.co/image/ab6761610000e5ebf7fe8cb1fa79a630997c21b6`,,`spt_6kR11DIuXUhy2ooxA2aaTi`,`["Bmaay"]`
`19 MANE`,`true`,`true`,,,,`https://i.scdn.co/image/ab6761610000e5ebef90bb05b8148d58eb65cbdd`,,`spt_4UDWFIMVehGKtuZnkagb2i`,`["19 MANE"]`
`Fa2w0`,`true`,`true`,,,,`https://i.scdn.co/image/ab67616d0000b273bc4bfb2586831b7bf17e91b4`,,`spt_68DElqcPNOD8j0hEiC8gD1`,`["Fa2w0"]`
